Lake,name_display,island_oikos,in_oikos_core_19,group,Year,Season,present
Azul,Azul,Sao Miguel,TRUE,Diatom,2003,Autumn,TRUE
Azul,Azul,Sao Miguel,TRUE,Diatom,2003,Spring,FALSE
Azul,Azul,Sao Miguel,TRUE,Diatom,2003,Summer,FALSE
Azul,Azul,Sao Miguel,TRUE,Diatom,2003,Winter,FALSE
Azul,Azul,Sao Miguel,TRUE,Diatom,2004,Autumn,FALSE
Azul,Azul,Sao Miguel,TRUE,Diatom,2004,Spring,TRUE
Azul,Azul,Sao Miguel,TRUE,Diatom,2004,Summer,TRUE
Azul,Azul,Sao Miguel,TRUE,Diatom,2004,Winter,TRUE
Azul,Azul,Sao Miguel,TRUE,Diatom,2005,Autumn,FALSE
Azul,Azul,Sao Miguel,TRUE,Diatom,2005,Spring,TRUE
Azul,Azul,Sao Miguel,TRUE,Diatom,2005,Summer,TRUE
Azul,Azul,Sao Miguel,TRUE,Diatom,2005,Winter,TRUE
Azul,Azul,Sao Miguel,TRUE,Diatom,2006,Autumn,FALSE
Azul,Azul,Sao Miguel,TRUE,Diatom,2006,Spring,TRUE
Azul,Azul,Sao Miguel,TRUE,Diatom,2006,Summer,TRUE
Azul,Azul,Sao Miguel,TRUE,Diatom,2006,Winter,TRUE
Azul,Azul,Sao Miguel,TRUE,Diatom,2007,Autumn,FALSE
Azul,Azul,Sao Miguel,TRUE,Diatom,2007,Spring,FALSE
Azul,Azul,Sao Miguel,TRUE,Diatom,2007,Summer,FALSE
Azul,Azul,Sao Miguel,TRUE,Diatom,2007,Winter,TRUE
Azul,Azul,Sao Miguel,TRUE,Diatom,2008,Autumn,TRUE
Azul,Azul,Sao Miguel,TRUE,Diatom,2008,Spring,TRUE
Azul,Azul,Sao Miguel,TRUE,Diatom,2008,Summer,TRUE
Azul,Azul,Sao Miguel,TRUE,Diatom,2008,Winter,TRUE
Azul,Azul,Sao Miguel,TRUE,Diatom,2009,Autumn,TRUE
Azul,Azul,Sao Miguel,TRUE,Diatom,2009,Spring,FALSE
Azul,Azul,Sao Miguel,TRUE,Diatom,2009,Summer,FALSE
Azul,Azul,Sao Miguel,TRUE,Diatom,2009,Winter,TRUE
Azul,Azul,Sao Miguel,TRUE,Diatom,2010,Autumn,TRUE
Azul,Azul,Sao Miguel,TRUE,Diatom,2010,Spring,TRUE
Azul,Azul,Sao Miguel,TRUE,Diatom,2010,Summer,TRUE
Azul,Azul,Sao Miguel,TRUE,Diatom,2010,Winter,TRUE
Azul,Azul,Sao Miguel,TRUE,Diatom,2011,Autumn,TRUE
Azul,Azul,Sao Miguel,TRUE,Diatom,2011,Spring,TRUE
Azul,Azul,Sao Miguel,TRUE,Diatom,2011,Summer,TRUE
Azul,Azul,Sao Miguel,TRUE,Diatom,2011,Winter,TRUE
Azul,Azul,Sao Miguel,TRUE,Diatom,2012,Autumn,TRUE
Azul,Azul,Sao Miguel,TRUE,Diatom,2012,Spring,TRUE
Azul,Azul,Sao Miguel,TRUE,Diatom,2012,Summer,TRUE
Azul,Azul,Sao Miguel,TRUE,Diatom,2012,Winter,TRUE
Azul,Azul,Sao Miguel,TRUE,Diatom,2013,Autumn,FALSE
Azul,Azul,Sao Miguel,TRUE,Diatom,2013,Spring,FALSE
Azul,Azul,Sao Miguel,TRUE,Diatom,2013,Summer,FALSE
Azul,Azul,Sao Miguel,TRUE,Diatom,2013,Winter,FALSE
Azul,Azul,Sao Miguel,TRUE,Diatom,2014,Autumn,FALSE
Azul,Azul,Sao Miguel,TRUE,Diatom,2014,Spring,FALSE
Azul,Azul,Sao Miguel,TRUE,Diatom,2014,Summer,FALSE
Azul,Azul,Sao Miguel,TRUE,Diatom,2014,Winter,FALSE
Azul,Azul,Sao Miguel,TRUE,Diatom,2015,Autumn,TRUE
Azul,Azul,Sao Miguel,TRUE,Diatom,2015,Spring,FALSE
Azul,Azul,Sao Miguel,TRUE,Diatom,2015,Summer,FALSE
Azul,Azul,Sao Miguel,TRUE,Diatom,2015,Winter,FALSE
Azul,Azul,Sao Miguel,TRUE,Diatom,2016,Autumn,TRUE
Azul,Azul,Sao Miguel,TRUE,Diatom,2016,Spring,TRUE
Azul,Azul,Sao Miguel,TRUE,Diatom,2016,Summer,FALSE
Azul,Azul,Sao Miguel,TRUE,Diatom,2016,Winter,TRUE
Azul,Azul,Sao Miguel,TRUE,Diatom,2017,Autumn,TRUE
Azul,Azul,Sao Miguel,TRUE,Diatom,2017,Spring,FALSE
Azul,Azul,Sao Miguel,TRUE,Diatom,2017,Summer,FALSE
Azul,Azul,Sao Miguel,TRUE,Diatom,2017,Winter,FALSE
Azul,Azul,Sao Miguel,TRUE,Diatom,2018,Autumn,FALSE
Azul,Azul,Sao Miguel,TRUE,Diatom,2018,Spring,TRUE
Azul,Azul,Sao Miguel,TRUE,Diatom,2018,Summer,TRUE
Azul,Azul,Sao Miguel,TRUE,Diatom,2018,Winter,TRUE
Azul,Azul,Sao Miguel,TRUE,Diatom,2019,Autumn,FALSE
Azul,Azul,Sao Miguel,TRUE,Diatom,2019,Spring,FALSE
Azul,Azul,Sao Miguel,TRUE,Diatom,2019,Summer,FALSE
Azul,Azul,Sao Miguel,TRUE,Diatom,2019,Winter,FALSE
Azul,Azul,Sao Miguel,TRUE,Diatom,2020,Autumn,FALSE
Azul,Azul,Sao Miguel,TRUE,Diatom,2020,Spring,FALSE
Azul,Azul,Sao Miguel,TRUE,Diatom,2020,Summer,FALSE
Azul,Azul,Sao Miguel,TRUE,Diatom,2020,Winter,FALSE
Azul,Azul,Sao Miguel,TRUE,Diatom,2021,Autumn,FALSE
Azul,Azul,Sao Miguel,TRUE,Diatom,2021,Spring,FALSE
Azul,Azul,Sao Miguel,TRUE,Diatom,2021,Summer,FALSE
Azul,Azul,Sao Miguel,TRUE,Diatom,2021,Winter,FALSE
Azul,Azul,Sao Miguel,TRUE,Diatom,2022,Autumn,FALSE
Azul,Azul,Sao Miguel,TRUE,Diatom,2022,Spring,FALSE
Azul,Azul,Sao Miguel,TRUE,Diatom,2022,Summer,FALSE
Azul,Azul,Sao Miguel,TRUE,Diatom,2022,Winter,FALSE
Azul,Azul,Sao Miguel,TRUE,Diatom,2023,Autumn,FALSE
Azul,Azul,Sao Miguel,TRUE,Diatom,2023,Spring,FALSE
Azul,Azul,Sao Miguel,TRUE,Diatom,2023,Summer,FALSE
Azul,Azul,Sao Miguel,TRUE,Diatom,2023,Winter,FALSE
Azul,Azul,Sao Miguel,TRUE,Diatom,2024,Autumn,TRUE
Azul,Azul,Sao Miguel,TRUE,Diatom,2024,Spring,TRUE
Azul,Azul,Sao Miguel,TRUE,Diatom,2024,Summer,TRUE
Azul,Azul,Sao Miguel,TRUE,Diatom,2024,Winter,TRUE
Azul,Azul,Sao Miguel,TRUE,Diatom,2025,Autumn,TRUE
Azul,Azul,Sao Miguel,TRUE,Diatom,2025,Spring,TRUE
Azul,Azul,Sao Miguel,TRUE,Diatom,2025,Summer,TRUE
Azul,Azul,Sao Miguel,TRUE,Diatom,2025,Winter,TRUE
Azul,Azul,Sao Miguel,TRUE,Env,2003,Autumn,TRUE
Azul,Azul,Sao Miguel,TRUE,Env,2003,Spring,FALSE
Azul,Azul,Sao Miguel,TRUE,Env,2003,Summer,FALSE
Azul,Azul,Sao Miguel,TRUE,Env,2003,Winter,FALSE
Azul,Azul,Sao Miguel,TRUE,Env,2004,Autumn,FALSE
Azul,Azul,Sao Miguel,TRUE,Env,2004,Spring,TRUE
Azul,Azul,Sao Miguel,TRUE,Env,2004,Summer,TRUE
Azul,Azul,Sao Miguel,TRUE,Env,2004,Winter,TRUE
Azul,Azul,Sao Miguel,TRUE,Env,2005,Autumn,FALSE
Azul,Azul,Sao Miguel,TRUE,Env,2005,Spring,TRUE
Azul,Azul,Sao Miguel,TRUE,Env,2005,Summer,TRUE
Azul,Azul,Sao Miguel,TRUE,Env,2005,Winter,TRUE
Azul,Azul,Sao Miguel,TRUE,Env,2006,Autumn,FALSE
Azul,Azul,Sao Miguel,TRUE,Env,2006,Spring,FALSE
Azul,Azul,Sao Miguel,TRUE,Env,2006,Summer,TRUE
Azul,Azul,Sao Miguel,TRUE,Env,2006,Winter,TRUE
Azul,Azul,Sao Miguel,TRUE,Env,2007,Autumn,FALSE
Azul,Azul,Sao Miguel,TRUE,Env,2007,Spring,TRUE
Azul,Azul,Sao Miguel,TRUE,Env,2007,Summer,FALSE
Azul,Azul,Sao Miguel,TRUE,Env,2007,Winter,TRUE
Azul,Azul,Sao Miguel,TRUE,Env,2008,Autumn,TRUE
Azul,Azul,Sao Miguel,TRUE,Env,2008,Spring,TRUE
Azul,Azul,Sao Miguel,TRUE,Env,2008,Summer,TRUE
Azul,Azul,Sao Miguel,TRUE,Env,2008,Winter,TRUE
Azul,Azul,Sao Miguel,TRUE,Env,2009,Autumn,FALSE
Azul,Azul,Sao Miguel,TRUE,Env,2009,Spring,FALSE
Azul,Azul,Sao Miguel,TRUE,Env,2009,Summer,FALSE
Azul,Azul,Sao Miguel,TRUE,Env,2009,Winter,FALSE
Azul,Azul,Sao Miguel,TRUE,Env,2010,Autumn,TRUE
Azul,Azul,Sao Miguel,TRUE,Env,2010,Spring,TRUE
Azul,Azul,Sao Miguel,TRUE,Env,2010,Summer,FALSE
Azul,Azul,Sao Miguel,TRUE,Env,2010,Winter,TRUE
Azul,Azul,Sao Miguel,TRUE,Env,2011,Autumn,TRUE
Azul,Azul,Sao Miguel,TRUE,Env,2011,Spring,TRUE
Azul,Azul,Sao Miguel,TRUE,Env,2011,Summer,TRUE
Azul,Azul,Sao Miguel,TRUE,Env,2011,Winter,TRUE
Azul,Azul,Sao Miguel,TRUE,Env,2012,Autumn,TRUE
Azul,Azul,Sao Miguel,TRUE,Env,2012,Spring,TRUE
Azul,Azul,Sao Miguel,TRUE,Env,2012,Summer,TRUE
Azul,Azul,Sao Miguel,TRUE,Env,2012,Winter,TRUE
Azul,Azul,Sao Miguel,TRUE,Env,2013,Autumn,FALSE
Azul,Azul,Sao Miguel,TRUE,Env,2013,Spring,FALSE
Azul,Azul,Sao Miguel,TRUE,Env,2013,Summer,FALSE
Azul,Azul,Sao Miguel,TRUE,Env,2013,Winter,FALSE
Azul,Azul,Sao Miguel,TRUE,Env,2014,Autumn,FALSE
Azul,Azul,Sao Miguel,TRUE,Env,2014,Spring,FALSE
Azul,Azul,Sao Miguel,TRUE,Env,2014,Summer,FALSE
Azul,Azul,Sao Miguel,TRUE,Env,2014,Winter,FALSE
Azul,Azul,Sao Miguel,TRUE,Env,2015,Autumn,FALSE
Azul,Azul,Sao Miguel,TRUE,Env,2015,Spring,FALSE
Azul,Azul,Sao Miguel,TRUE,Env,2015,Summer,FALSE
Azul,Azul,Sao Miguel,TRUE,Env,2015,Winter,FALSE
Azul,Azul,Sao Miguel,TRUE,Env,2016,Autumn,FALSE
Azul,Azul,Sao Miguel,TRUE,Env,2016,Spring,FALSE
Azul,Azul,Sao Miguel,TRUE,Env,2016,Summer,FALSE
Azul,Azul,Sao Miguel,TRUE,Env,2016,Winter,FALSE
Azul,Azul,Sao Miguel,TRUE,Env,2017,Autumn,FALSE
Azul,Azul,Sao Miguel,TRUE,Env,2017,Spring,FALSE
Azul,Azul,Sao Miguel,TRUE,Env,2017,Summer,FALSE
Azul,Azul,Sao Miguel,TRUE,Env,2017,Winter,FALSE
Azul,Azul,Sao Miguel,TRUE,Env,2018,Autumn,FALSE
Azul,Azul,Sao Miguel,TRUE,Env,2018,Spring,TRUE
Azul,Azul,Sao Miguel,TRUE,Env,2018,Summer,FALSE
Azul,Azul,Sao Miguel,TRUE,Env,2018,Winter,FALSE
Azul,Azul,Sao Miguel,TRUE,Env,2019,Autumn,FALSE
Azul,Azul,Sao Miguel,TRUE,Env,2019,Spring,FALSE
Azul,Azul,Sao Miguel,TRUE,Env,2019,Summer,FALSE
Azul,Azul,Sao Miguel,TRUE,Env,2019,Winter,FALSE
Azul,Azul,Sao Miguel,TRUE,Env,2020,Autumn,FALSE
Azul,Azul,Sao Miguel,TRUE,Env,2020,Spring,FALSE
Azul,Azul,Sao Miguel,TRUE,Env,2020,Summer,FALSE
Azul,Azul,Sao Miguel,TRUE,Env,2020,Winter,FALSE
Azul,Azul,Sao Miguel,TRUE,Env,2021,Autumn,FALSE
Azul,Azul,Sao Miguel,TRUE,Env,2021,Spring,FALSE
Azul,Azul,Sao Miguel,TRUE,Env,2021,Summer,FALSE
Azul,Azul,Sao Miguel,TRUE,Env,2021,Winter,FALSE
Azul,Azul,Sao Miguel,TRUE,Env,2022,Autumn,FALSE
Azul,Azul,Sao Miguel,TRUE,Env,2022,Spring,FALSE
Azul,Azul,Sao Miguel,TRUE,Env,2022,Summer,FALSE
Azul,Azul,Sao Miguel,TRUE,Env,2022,Winter,FALSE
Azul,Azul,Sao Miguel,TRUE,Env,2023,Autumn,FALSE
Azul,Azul,Sao Miguel,TRUE,Env,2023,Spring,FALSE
Azul,Azul,Sao Miguel,TRUE,Env,2023,Summer,FALSE
Azul,Azul,Sao Miguel,TRUE,Env,2023,Winter,FALSE
Azul,Azul,Sao Miguel,TRUE,Env,2024,Autumn,TRUE
Azul,Azul,Sao Miguel,TRUE,Env,2024,Spring,TRUE
Azul,Azul,Sao Miguel,TRUE,Env,2024,Summer,TRUE
Azul,Azul,Sao Miguel,TRUE,Env,2024,Winter,TRUE
Azul,Azul,Sao Miguel,TRUE,Env,2025,Autumn,TRUE
Azul,Azul,Sao Miguel,TRUE,Env,2025,Spring,TRUE
Azul,Azul,Sao Miguel,TRUE,Env,2025,Summer,TRUE
Azul,Azul,Sao Miguel,TRUE,Env,2025,Winter,TRUE
Azul,Azul,Sao Miguel,TRUE,Macro,2003,Autumn,TRUE
Azul,Azul,Sao Miguel,TRUE,Macro,2003,Spring,FALSE
Azul,Azul,Sao Miguel,TRUE,Macro,2003,Summer,FALSE
Azul,Azul,Sao Miguel,TRUE,Macro,2003,Winter,FALSE
Azul,Azul,Sao Miguel,TRUE,Macro,2004,Autumn,FALSE
Azul,Azul,Sao Miguel,TRUE,Macro,2004,Spring,TRUE
Azul,Azul,Sao Miguel,TRUE,Macro,2004,Summer,TRUE
Azul,Azul,Sao Miguel,TRUE,Macro,2004,Winter,TRUE
Azul,Azul,Sao Miguel,TRUE,Macro,2005,Autumn,FALSE
Azul,Azul,Sao Miguel,TRUE,Macro,2005,Spring,TRUE
Azul,Azul,Sao Miguel,TRUE,Macro,2005,Summer,TRUE
Azul,Azul,Sao Miguel,TRUE,Macro,2005,Winter,TRUE
Azul,Azul,Sao Miguel,TRUE,Macro,2006,Autumn,FALSE
Azul,Azul,Sao Miguel,TRUE,Macro,2006,Spring,TRUE
Azul,Azul,Sao Miguel,TRUE,Macro,2006,Summer,TRUE
Azul,Azul,Sao Miguel,TRUE,Macro,2006,Winter,TRUE
Azul,Azul,Sao Miguel,TRUE,Macro,2007,Autumn,FALSE
Azul,Azul,Sao Miguel,TRUE,Macro,2007,Spring,FALSE
Azul,Azul,Sao Miguel,TRUE,Macro,2007,Summer,FALSE
Azul,Azul,Sao Miguel,TRUE,Macro,2007,Winter,FALSE
Azul,Azul,Sao Miguel,TRUE,Macro,2008,Autumn,TRUE
Azul,Azul,Sao Miguel,TRUE,Macro,2008,Spring,TRUE
Azul,Azul,Sao Miguel,TRUE,Macro,2008,Summer,TRUE
Azul,Azul,Sao Miguel,TRUE,Macro,2008,Winter,TRUE
Azul,Azul,Sao Miguel,TRUE,Macro,2009,Autumn,FALSE
Azul,Azul,Sao Miguel,TRUE,Macro,2009,Spring,FALSE
Azul,Azul,Sao Miguel,TRUE,Macro,2009,Summer,TRUE
Azul,Azul,Sao Miguel,TRUE,Macro,2009,Winter,TRUE
Azul,Azul,Sao Miguel,TRUE,Macro,2010,Autumn,TRUE
Azul,Azul,Sao Miguel,TRUE,Macro,2010,Spring,TRUE
Azul,Azul,Sao Miguel,TRUE,Macro,2010,Summer,TRUE
Azul,Azul,Sao Miguel,TRUE,Macro,2010,Winter,TRUE
Azul,Azul,Sao Miguel,TRUE,Macro,2011,Autumn,TRUE
Azul,Azul,Sao Miguel,TRUE,Macro,2011,Spring,TRUE
Azul,Azul,Sao Miguel,TRUE,Macro,2011,Summer,TRUE
Azul,Azul,Sao Miguel,TRUE,Macro,2011,Winter,TRUE
Azul,Azul,Sao Miguel,TRUE,Macro,2012,Autumn,TRUE
Azul,Azul,Sao Miguel,TRUE,Macro,2012,Spring,TRUE
Azul,Azul,Sao Miguel,TRUE,Macro,2012,Summer,TRUE
Azul,Azul,Sao Miguel,TRUE,Macro,2012,Winter,TRUE
Azul,Azul,Sao Miguel,TRUE,Macro,2013,Autumn,FALSE
Azul,Azul,Sao Miguel,TRUE,Macro,2013,Spring,FALSE
Azul,Azul,Sao Miguel,TRUE,Macro,2013,Summer,FALSE
Azul,Azul,Sao Miguel,TRUE,Macro,2013,Winter,FALSE
Azul,Azul,Sao Miguel,TRUE,Macro,2014,Autumn,FALSE
Azul,Azul,Sao Miguel,TRUE,Macro,2014,Spring,FALSE
Azul,Azul,Sao Miguel,TRUE,Macro,2014,Summer,FALSE
Azul,Azul,Sao Miguel,TRUE,Macro,2014,Winter,FALSE
Azul,Azul,Sao Miguel,TRUE,Macro,2015,Autumn,FALSE
Azul,Azul,Sao Miguel,TRUE,Macro,2015,Spring,FALSE
Azul,Azul,Sao Miguel,TRUE,Macro,2015,Summer,FALSE
Azul,Azul,Sao Miguel,TRUE,Macro,2015,Winter,FALSE
Azul,Azul,Sao Miguel,TRUE,Macro,2016,Autumn,FALSE
Azul,Azul,Sao Miguel,TRUE,Macro,2016,Spring,FALSE
Azul,Azul,Sao Miguel,TRUE,Macro,2016,Summer,FALSE
Azul,Azul,Sao Miguel,TRUE,Macro,2016,Winter,FALSE
Azul,Azul,Sao Miguel,TRUE,Macro,2017,Autumn,FALSE
Azul,Azul,Sao Miguel,TRUE,Macro,2017,Spring,FALSE
Azul,Azul,Sao Miguel,TRUE,Macro,2017,Summer,FALSE
Azul,Azul,Sao Miguel,TRUE,Macro,2017,Winter,FALSE
Azul,Azul,Sao Miguel,TRUE,Macro,2018,Autumn,FALSE
Azul,Azul,Sao Miguel,TRUE,Macro,2018,Spring,TRUE
Azul,Azul,Sao Miguel,TRUE,Macro,2018,Summer,FALSE
Azul,Azul,Sao Miguel,TRUE,Macro,2018,Winter,FALSE
Azul,Azul,Sao Miguel,TRUE,Macro,2019,Autumn,FALSE
Azul,Azul,Sao Miguel,TRUE,Macro,2019,Spring,FALSE
Azul,Azul,Sao Miguel,TRUE,Macro,2019,Summer,FALSE
Azul,Azul,Sao Miguel,TRUE,Macro,2019,Winter,FALSE
Azul,Azul,Sao Miguel,TRUE,Macro,2020,Autumn,FALSE
Azul,Azul,Sao Miguel,TRUE,Macro,2020,Spring,FALSE
Azul,Azul,Sao Miguel,TRUE,Macro,2020,Summer,FALSE
Azul,Azul,Sao Miguel,TRUE,Macro,2020,Winter,FALSE
Azul,Azul,Sao Miguel,TRUE,Macro,2021,Autumn,FALSE
Azul,Azul,Sao Miguel,TRUE,Macro,2021,Spring,FALSE
Azul,Azul,Sao Miguel,TRUE,Macro,2021,Summer,FALSE
Azul,Azul,Sao Miguel,TRUE,Macro,2021,Winter,FALSE
Azul,Azul,Sao Miguel,TRUE,Macro,2022,Autumn,FALSE
Azul,Azul,Sao Miguel,TRUE,Macro,2022,Spring,FALSE
Azul,Azul,Sao Miguel,TRUE,Macro,2022,Summer,FALSE
Azul,Azul,Sao Miguel,TRUE,Macro,2022,Winter,FALSE
Azul,Azul,Sao Miguel,TRUE,Macro,2023,Autumn,FALSE
Azul,Azul,Sao Miguel,TRUE,Macro,2023,Spring,FALSE
Azul,Azul,Sao Miguel,TRUE,Macro,2023,Summer,FALSE
Azul,Azul,Sao Miguel,TRUE,Macro,2023,Winter,FALSE
Azul,Azul,Sao Miguel,TRUE,Macro,2024,Autumn,TRUE
Azul,Azul,Sao Miguel,TRUE,Macro,2024,Spring,TRUE
Azul,Azul,Sao Miguel,TRUE,Macro,2024,Summer,TRUE
Azul,Azul,Sao Miguel,TRUE,Macro,2024,Winter,TRUE
Azul,Azul,Sao Miguel,TRUE,Macro,2025,Autumn,TRUE
Azul,Azul,Sao Miguel,TRUE,Macro,2025,Spring,TRUE
Azul,Azul,Sao Miguel,TRUE,Macro,2025,Summer,TRUE
Azul,Azul,Sao Miguel,TRUE,Macro,2025,Winter,TRUE
Azul,Azul,Sao Miguel,TRUE,Phyto,2003,Autumn,TRUE
Azul,Azul,Sao Miguel,TRUE,Phyto,2003,Spring,FALSE
Azul,Azul,Sao Miguel,TRUE,Phyto,2003,Summer,FALSE
Azul,Azul,Sao Miguel,TRUE,Phyto,2003,Winter,FALSE
Azul,Azul,Sao Miguel,TRUE,Phyto,2004,Autumn,FALSE
Azul,Azul,Sao Miguel,TRUE,Phyto,2004,Spring,TRUE
Azul,Azul,Sao Miguel,TRUE,Phyto,2004,Summer,TRUE
Azul,Azul,Sao Miguel,TRUE,Phyto,2004,Winter,TRUE
Azul,Azul,Sao Miguel,TRUE,Phyto,2005,Autumn,FALSE
Azul,Azul,Sao Miguel,TRUE,Phyto,2005,Spring,TRUE
Azul,Azul,Sao Miguel,TRUE,Phyto,2005,Summer,TRUE
Azul,Azul,Sao Miguel,TRUE,Phyto,2005,Winter,TRUE
Azul,Azul,Sao Miguel,TRUE,Phyto,2006,Autumn,FALSE
Azul,Azul,Sao Miguel,TRUE,Phyto,2006,Spring,TRUE
Azul,Azul,Sao Miguel,TRUE,Phyto,2006,Summer,TRUE
Azul,Azul,Sao Miguel,TRUE,Phyto,2006,Winter,TRUE
Azul,Azul,Sao Miguel,TRUE,Phyto,2007,Autumn,FALSE
Azul,Azul,Sao Miguel,TRUE,Phyto,2007,Spring,FALSE
Azul,Azul,Sao Miguel,TRUE,Phyto,2007,Summer,FALSE
Azul,Azul,Sao Miguel,TRUE,Phyto,2007,Winter,TRUE
Azul,Azul,Sao Miguel,TRUE,Phyto,2008,Autumn,TRUE
Azul,Azul,Sao Miguel,TRUE,Phyto,2008,Spring,TRUE
Azul,Azul,Sao Miguel,TRUE,Phyto,2008,Summer,TRUE
Azul,Azul,Sao Miguel,TRUE,Phyto,2008,Winter,TRUE
Azul,Azul,Sao Miguel,TRUE,Phyto,2009,Autumn,FALSE
Azul,Azul,Sao Miguel,TRUE,Phyto,2009,Spring,FALSE
Azul,Azul,Sao Miguel,TRUE,Phyto,2009,Summer,TRUE
Azul,Azul,Sao Miguel,TRUE,Phyto,2009,Winter,TRUE
Azul,Azul,Sao Miguel,TRUE,Phyto,2010,Autumn,TRUE
Azul,Azul,Sao Miguel,TRUE,Phyto,2010,Spring,TRUE
Azul,Azul,Sao Miguel,TRUE,Phyto,2010,Summer,TRUE
Azul,Azul,Sao Miguel,TRUE,Phyto,2010,Winter,TRUE
Azul,Azul,Sao Miguel,TRUE,Phyto,2011,Autumn,TRUE
Azul,Azul,Sao Miguel,TRUE,Phyto,2011,Spring,TRUE
Azul,Azul,Sao Miguel,TRUE,Phyto,2011,Summer,TRUE
Azul,Azul,Sao Miguel,TRUE,Phyto,2011,Winter,TRUE
Azul,Azul,Sao Miguel,TRUE,Phyto,2012,Autumn,TRUE
Azul,Azul,Sao Miguel,TRUE,Phyto,2012,Spring,TRUE
Azul,Azul,Sao Miguel,TRUE,Phyto,2012,Summer,TRUE
Azul,Azul,Sao Miguel,TRUE,Phyto,2012,Winter,TRUE
Azul,Azul,Sao Miguel,TRUE,Phyto,2013,Autumn,FALSE
Azul,Azul,Sao Miguel,TRUE,Phyto,2013,Spring,FALSE
Azul,Azul,Sao Miguel,TRUE,Phyto,2013,Summer,FALSE
Azul,Azul,Sao Miguel,TRUE,Phyto,2013,Winter,FALSE
Azul,Azul,Sao Miguel,TRUE,Phyto,2014,Autumn,FALSE
Azul,Azul,Sao Miguel,TRUE,Phyto,2014,Spring,FALSE
Azul,Azul,Sao Miguel,TRUE,Phyto,2014,Summer,FALSE
Azul,Azul,Sao Miguel,TRUE,Phyto,2014,Winter,FALSE
Azul,Azul,Sao Miguel,TRUE,Phyto,2015,Autumn,FALSE
Azul,Azul,Sao Miguel,TRUE,Phyto,2015,Spring,FALSE
Azul,Azul,Sao Miguel,TRUE,Phyto,2015,Summer,FALSE
Azul,Azul,Sao Miguel,TRUE,Phyto,2015,Winter,FALSE
Azul,Azul,Sao Miguel,TRUE,Phyto,2016,Autumn,FALSE
Azul,Azul,Sao Miguel,TRUE,Phyto,2016,Spring,FALSE
Azul,Azul,Sao Miguel,TRUE,Phyto,2016,Summer,FALSE
Azul,Azul,Sao Miguel,TRUE,Phyto,2016,Winter,FALSE
Azul,Azul,Sao Miguel,TRUE,Phyto,2017,Autumn,FALSE
Azul,Azul,Sao Miguel,TRUE,Phyto,2017,Spring,FALSE
Azul,Azul,Sao Miguel,TRUE,Phyto,2017,Summer,FALSE
Azul,Azul,Sao Miguel,TRUE,Phyto,2017,Winter,FALSE
Azul,Azul,Sao Miguel,TRUE,Phyto,2018,Autumn,TRUE
Azul,Azul,Sao Miguel,TRUE,Phyto,2018,Spring,TRUE
Azul,Azul,Sao Miguel,TRUE,Phyto,2018,Summer,TRUE
Azul,Azul,Sao Miguel,TRUE,Phyto,2018,Winter,TRUE
Azul,Azul,Sao Miguel,TRUE,Phyto,2019,Autumn,FALSE
Azul,Azul,Sao Miguel,TRUE,Phyto,2019,Spring,FALSE
Azul,Azul,Sao Miguel,TRUE,Phyto,2019,Summer,FALSE
Azul,Azul,Sao Miguel,TRUE,Phyto,2019,Winter,FALSE
Azul,Azul,Sao Miguel,TRUE,Phyto,2020,Autumn,FALSE
Azul,Azul,Sao Miguel,TRUE,Phyto,2020,Spring,FALSE
Azul,Azul,Sao Miguel,TRUE,Phyto,2020,Summer,FALSE
Azul,Azul,Sao Miguel,TRUE,Phyto,2020,Winter,FALSE
Azul,Azul,Sao Miguel,TRUE,Phyto,2021,Autumn,FALSE
Azul,Azul,Sao Miguel,TRUE,Phyto,2021,Spring,FALSE
Azul,Azul,Sao Miguel,TRUE,Phyto,2021,Summer,FALSE
Azul,Azul,Sao Miguel,TRUE,Phyto,2021,Winter,FALSE
Azul,Azul,Sao Miguel,TRUE,Phyto,2022,Autumn,FALSE
Azul,Azul,Sao Miguel,TRUE,Phyto,2022,Spring,FALSE
Azul,Azul,Sao Miguel,TRUE,Phyto,2022,Summer,FALSE
Azul,Azul,Sao Miguel,TRUE,Phyto,2022,Winter,FALSE
Azul,Azul,Sao Miguel,TRUE,Phyto,2023,Autumn,FALSE
Azul,Azul,Sao Miguel,TRUE,Phyto,2023,Spring,FALSE
Azul,Azul,Sao Miguel,TRUE,Phyto,2023,Summer,FALSE
Azul,Azul,Sao Miguel,TRUE,Phyto,2023,Winter,FALSE
Azul,Azul,Sao Miguel,TRUE,Phyto,2024,Autumn,TRUE
Azul,Azul,Sao Miguel,TRUE,Phyto,2024,Spring,TRUE
Azul,Azul,Sao Miguel,TRUE,Phyto,2024,Summer,TRUE
Azul,Azul,Sao Miguel,TRUE,Phyto,2024,Winter,TRUE
Azul,Azul,Sao Miguel,TRUE,Phyto,2025,Autumn,TRUE
Azul,Azul,Sao Miguel,TRUE,Phyto,2025,Spring,TRUE
Azul,Azul,Sao Miguel,TRUE,Phyto,2025,Summer,TRUE
Azul,Azul,Sao Miguel,TRUE,Phyto,2025,Winter,TRUE
Azul,Azul,Sao Miguel,TRUE,Zoo,2003,Autumn,FALSE
Azul,Azul,Sao Miguel,TRUE,Zoo,2003,Spring,FALSE
Azul,Azul,Sao Miguel,TRUE,Zoo,2003,Summer,FALSE
Azul,Azul,Sao Miguel,TRUE,Zoo,2003,Winter,FALSE
Azul,Azul,Sao Miguel,TRUE,Zoo,2004,Autumn,FALSE
Azul,Azul,Sao Miguel,TRUE,Zoo,2004,Spring,FALSE
Azul,Azul,Sao Miguel,TRUE,Zoo,2004,Summer,FALSE
Azul,Azul,Sao Miguel,TRUE,Zoo,2004,Winter,FALSE
Azul,Azul,Sao Miguel,TRUE,Zoo,2005,Autumn,FALSE
Azul,Azul,Sao Miguel,TRUE,Zoo,2005,Spring,FALSE
Azul,Azul,Sao Miguel,TRUE,Zoo,2005,Summer,FALSE
Azul,Azul,Sao Miguel,TRUE,Zoo,2005,Winter,FALSE
Azul,Azul,Sao Miguel,TRUE,Zoo,2006,Autumn,FALSE
Azul,Azul,Sao Miguel,TRUE,Zoo,2006,Spring,FALSE
Azul,Azul,Sao Miguel,TRUE,Zoo,2006,Summer,FALSE
Azul,Azul,Sao Miguel,TRUE,Zoo,2006,Winter,FALSE
Azul,Azul,Sao Miguel,TRUE,Zoo,2007,Autumn,FALSE
Azul,Azul,Sao Miguel,TRUE,Zoo,2007,Spring,FALSE
Azul,Azul,Sao Miguel,TRUE,Zoo,2007,Summer,FALSE
Azul,Azul,Sao Miguel,TRUE,Zoo,2007,Winter,FALSE
Azul,Azul,Sao Miguel,TRUE,Zoo,2008,Autumn,FALSE
Azul,Azul,Sao Miguel,TRUE,Zoo,2008,Spring,FALSE
Azul,Azul,Sao Miguel,TRUE,Zoo,2008,Summer,FALSE
Azul,Azul,Sao Miguel,TRUE,Zoo,2008,Winter,FALSE
Azul,Azul,Sao Miguel,TRUE,Zoo,2009,Autumn,FALSE
Azul,Azul,Sao Miguel,TRUE,Zoo,2009,Spring,FALSE
Azul,Azul,Sao Miguel,TRUE,Zoo,2009,Summer,FALSE
Azul,Azul,Sao Miguel,TRUE,Zoo,2009,Winter,FALSE
Azul,Azul,Sao Miguel,TRUE,Zoo,2010,Autumn,FALSE
Azul,Azul,Sao Miguel,TRUE,Zoo,2010,Spring,FALSE
Azul,Azul,Sao Miguel,TRUE,Zoo,2010,Summer,FALSE
Azul,Azul,Sao Miguel,TRUE,Zoo,2010,Winter,FALSE
Azul,Azul,Sao Miguel,TRUE,Zoo,2011,Autumn,TRUE
Azul,Azul,Sao Miguel,TRUE,Zoo,2011,Spring,FALSE
Azul,Azul,Sao Miguel,TRUE,Zoo,2011,Summer,TRUE
Azul,Azul,Sao Miguel,TRUE,Zoo,2011,Winter,FALSE
Azul,Azul,Sao Miguel,TRUE,Zoo,2012,Autumn,FALSE
Azul,Azul,Sao Miguel,TRUE,Zoo,2012,Spring,TRUE
Azul,Azul,Sao Miguel,TRUE,Zoo,2012,Summer,FALSE
Azul,Azul,Sao Miguel,TRUE,Zoo,2012,Winter,TRUE
Azul,Azul,Sao Miguel,TRUE,Zoo,2013,Autumn,FALSE
Azul,Azul,Sao Miguel,TRUE,Zoo,2013,Spring,FALSE
Azul,Azul,Sao Miguel,TRUE,Zoo,2013,Summer,FALSE
Azul,Azul,Sao Miguel,TRUE,Zoo,2013,Winter,FALSE
Azul,Azul,Sao Miguel,TRUE,Zoo,2014,Autumn,FALSE
Azul,Azul,Sao Miguel,TRUE,Zoo,2014,Spring,FALSE
Azul,Azul,Sao Miguel,TRUE,Zoo,2014,Summer,FALSE
Azul,Azul,Sao Miguel,TRUE,Zoo,2014,Winter,FALSE
Azul,Azul,Sao Miguel,TRUE,Zoo,2015,Autumn,FALSE
Azul,Azul,Sao Miguel,TRUE,Zoo,2015,Spring,FALSE
Azul,Azul,Sao Miguel,TRUE,Zoo,2015,Summer,FALSE
Azul,Azul,Sao Miguel,TRUE,Zoo,2015,Winter,FALSE
Azul,Azul,Sao Miguel,TRUE,Zoo,2016,Autumn,FALSE
Azul,Azul,Sao Miguel,TRUE,Zoo,2016,Spring,FALSE
Azul,Azul,Sao Miguel,TRUE,Zoo,2016,Summer,FALSE
Azul,Azul,Sao Miguel,TRUE,Zoo,2016,Winter,FALSE
Azul,Azul,Sao Miguel,TRUE,Zoo,2017,Autumn,FALSE
Azul,Azul,Sao Miguel,TRUE,Zoo,2017,Spring,FALSE
Azul,Azul,Sao Miguel,TRUE,Zoo,2017,Summer,FALSE
Azul,Azul,Sao Miguel,TRUE,Zoo,2017,Winter,FALSE
Azul,Azul,Sao Miguel,TRUE,Zoo,2018,Autumn,FALSE
Azul,Azul,Sao Miguel,TRUE,Zoo,2018,Spring,FALSE
Azul,Azul,Sao Miguel,TRUE,Zoo,2018,Summer,FALSE
Azul,Azul,Sao Miguel,TRUE,Zoo,2018,Winter,FALSE
Azul,Azul,Sao Miguel,TRUE,Zoo,2019,Autumn,FALSE
Azul,Azul,Sao Miguel,TRUE,Zoo,2019,Spring,FALSE
Azul,Azul,Sao Miguel,TRUE,Zoo,2019,Summer,FALSE
Azul,Azul,Sao Miguel,TRUE,Zoo,2019,Winter,FALSE
Azul,Azul,Sao Miguel,TRUE,Zoo,2020,Autumn,FALSE
Azul,Azul,Sao Miguel,TRUE,Zoo,2020,Spring,FALSE
Azul,Azul,Sao Miguel,TRUE,Zoo,2020,Summer,FALSE
Azul,Azul,Sao Miguel,TRUE,Zoo,2020,Winter,FALSE
Azul,Azul,Sao Miguel,TRUE,Zoo,2021,Autumn,FALSE
Azul,Azul,Sao Miguel,TRUE,Zoo,2021,Spring,FALSE
Azul,Azul,Sao Miguel,TRUE,Zoo,2021,Summer,FALSE
Azul,Azul,Sao Miguel,TRUE,Zoo,2021,Winter,FALSE
Azul,Azul,Sao Miguel,TRUE,Zoo,2022,Autumn,FALSE
Azul,Azul,Sao Miguel,TRUE,Zoo,2022,Spring,FALSE
Azul,Azul,Sao Miguel,TRUE,Zoo,2022,Summer,FALSE
Azul,Azul,Sao Miguel,TRUE,Zoo,2022,Winter,FALSE
Azul,Azul,Sao Miguel,TRUE,Zoo,2023,Autumn,FALSE
Azul,Azul,Sao Miguel,TRUE,Zoo,2023,Spring,FALSE
Azul,Azul,Sao Miguel,TRUE,Zoo,2023,Summer,FALSE
Azul,Azul,Sao Miguel,TRUE,Zoo,2023,Winter,FALSE
Azul,Azul,Sao Miguel,TRUE,Zoo,2024,Autumn,FALSE
Azul,Azul,Sao Miguel,TRUE,Zoo,2024,Spring,FALSE
Azul,Azul,Sao Miguel,TRUE,Zoo,2024,Summer,FALSE
Azul,Azul,Sao Miguel,TRUE,Zoo,2024,Winter,FALSE
Azul,Azul,Sao Miguel,TRUE,Zoo,2025,Autumn,FALSE
Azul,Azul,Sao Miguel,TRUE,Zoo,2025,Spring,TRUE
Azul,Azul,Sao Miguel,TRUE,Zoo,2025,Summer,FALSE
Azul,Azul,Sao Miguel,TRUE,Zoo,2025,Winter,FALSE
Branca,Branca,Flores,FALSE,Diatom,2003,Autumn,FALSE
Branca,Branca,Flores,FALSE,Diatom,2003,Spring,FALSE
Branca,Branca,Flores,FALSE,Diatom,2003,Summer,FALSE
Branca,Branca,Flores,FALSE,Diatom,2003,Winter,FALSE
Branca,Branca,Flores,FALSE,Diatom,2004,Autumn,FALSE
Branca,Branca,Flores,FALSE,Diatom,2004,Spring,FALSE
Branca,Branca,Flores,FALSE,Diatom,2004,Summer,FALSE
Branca,Branca,Flores,FALSE,Diatom,2004,Winter,FALSE
Branca,Branca,Flores,FALSE,Diatom,2005,Autumn,FALSE
Branca,Branca,Flores,FALSE,Diatom,2005,Spring,FALSE
Branca,Branca,Flores,FALSE,Diatom,2005,Summer,FALSE
Branca,Branca,Flores,FALSE,Diatom,2005,Winter,FALSE
Branca,Branca,Flores,FALSE,Diatom,2006,Autumn,TRUE
Branca,Branca,Flores,FALSE,Diatom,2006,Spring,FALSE
Branca,Branca,Flores,FALSE,Diatom,2006,Summer,FALSE
Branca,Branca,Flores,FALSE,Diatom,2006,Winter,TRUE
Branca,Branca,Flores,FALSE,Diatom,2007,Autumn,FALSE
Branca,Branca,Flores,FALSE,Diatom,2007,Spring,FALSE
Branca,Branca,Flores,FALSE,Diatom,2007,Summer,FALSE
Branca,Branca,Flores,FALSE,Diatom,2007,Winter,FALSE
Branca,Branca,Flores,FALSE,Diatom,2008,Autumn,TRUE
Branca,Branca,Flores,FALSE,Diatom,2008,Spring,TRUE
Branca,Branca,Flores,FALSE,Diatom,2008,Summer,FALSE
Branca,Branca,Flores,FALSE,Diatom,2008,Winter,FALSE
Branca,Branca,Flores,FALSE,Diatom,2009,Autumn,FALSE
Branca,Branca,Flores,FALSE,Diatom,2009,Spring,FALSE
Branca,Branca,Flores,FALSE,Diatom,2009,Summer,FALSE
Branca,Branca,Flores,FALSE,Diatom,2009,Winter,FALSE
Branca,Branca,Flores,FALSE,Diatom,2010,Autumn,FALSE
Branca,Branca,Flores,FALSE,Diatom,2010,Spring,FALSE
Branca,Branca,Flores,FALSE,Diatom,2010,Summer,FALSE
Branca,Branca,Flores,FALSE,Diatom,2010,Winter,FALSE
Branca,Branca,Flores,FALSE,Diatom,2011,Autumn,FALSE
Branca,Branca,Flores,FALSE,Diatom,2011,Spring,FALSE
Branca,Branca,Flores,FALSE,Diatom,2011,Summer,FALSE
Branca,Branca,Flores,FALSE,Diatom,2011,Winter,FALSE
Branca,Branca,Flores,FALSE,Diatom,2012,Autumn,FALSE
Branca,Branca,Flores,FALSE,Diatom,2012,Spring,FALSE
Branca,Branca,Flores,FALSE,Diatom,2012,Summer,FALSE
Branca,Branca,Flores,FALSE,Diatom,2012,Winter,FALSE
Branca,Branca,Flores,FALSE,Diatom,2013,Autumn,FALSE
Branca,Branca,Flores,FALSE,Diatom,2013,Spring,FALSE
Branca,Branca,Flores,FALSE,Diatom,2013,Summer,FALSE
Branca,Branca,Flores,FALSE,Diatom,2013,Winter,FALSE
Branca,Branca,Flores,FALSE,Diatom,2014,Autumn,FALSE
Branca,Branca,Flores,FALSE,Diatom,2014,Spring,FALSE
Branca,Branca,Flores,FALSE,Diatom,2014,Summer,FALSE
Branca,Branca,Flores,FALSE,Diatom,2014,Winter,FALSE
Branca,Branca,Flores,FALSE,Diatom,2015,Autumn,FALSE
Branca,Branca,Flores,FALSE,Diatom,2015,Spring,FALSE
Branca,Branca,Flores,FALSE,Diatom,2015,Summer,FALSE
Branca,Branca,Flores,FALSE,Diatom,2015,Winter,FALSE
Branca,Branca,Flores,FALSE,Diatom,2016,Autumn,FALSE
Branca,Branca,Flores,FALSE,Diatom,2016,Spring,FALSE
Branca,Branca,Flores,FALSE,Diatom,2016,Summer,FALSE
Branca,Branca,Flores,FALSE,Diatom,2016,Winter,FALSE
Branca,Branca,Flores,FALSE,Diatom,2017,Autumn,FALSE
Branca,Branca,Flores,FALSE,Diatom,2017,Spring,FALSE
Branca,Branca,Flores,FALSE,Diatom,2017,Summer,FALSE
Branca,Branca,Flores,FALSE,Diatom,2017,Winter,FALSE
Branca,Branca,Flores,FALSE,Diatom,2018,Autumn,FALSE
Branca,Branca,Flores,FALSE,Diatom,2018,Spring,FALSE
Branca,Branca,Flores,FALSE,Diatom,2018,Summer,FALSE
Branca,Branca,Flores,FALSE,Diatom,2018,Winter,FALSE
Branca,Branca,Flores,FALSE,Diatom,2019,Autumn,FALSE
Branca,Branca,Flores,FALSE,Diatom,2019,Spring,FALSE
Branca,Branca,Flores,FALSE,Diatom,2019,Summer,FALSE
Branca,Branca,Flores,FALSE,Diatom,2019,Winter,FALSE
Branca,Branca,Flores,FALSE,Diatom,2020,Autumn,FALSE
Branca,Branca,Flores,FALSE,Diatom,2020,Spring,FALSE
Branca,Branca,Flores,FALSE,Diatom,2020,Summer,FALSE
Branca,Branca,Flores,FALSE,Diatom,2020,Winter,FALSE
Branca,Branca,Flores,FALSE,Diatom,2021,Autumn,FALSE
Branca,Branca,Flores,FALSE,Diatom,2021,Spring,FALSE
Branca,Branca,Flores,FALSE,Diatom,2021,Summer,FALSE
Branca,Branca,Flores,FALSE,Diatom,2021,Winter,FALSE
Branca,Branca,Flores,FALSE,Diatom,2022,Autumn,FALSE
Branca,Branca,Flores,FALSE,Diatom,2022,Spring,FALSE
Branca,Branca,Flores,FALSE,Diatom,2022,Summer,FALSE
Branca,Branca,Flores,FALSE,Diatom,2022,Winter,FALSE
Branca,Branca,Flores,FALSE,Diatom,2023,Autumn,FALSE
Branca,Branca,Flores,FALSE,Diatom,2023,Spring,FALSE
Branca,Branca,Flores,FALSE,Diatom,2023,Summer,FALSE
Branca,Branca,Flores,FALSE,Diatom,2023,Winter,FALSE
Branca,Branca,Flores,FALSE,Diatom,2024,Autumn,FALSE
Branca,Branca,Flores,FALSE,Diatom,2024,Spring,FALSE
Branca,Branca,Flores,FALSE,Diatom,2024,Summer,FALSE
Branca,Branca,Flores,FALSE,Diatom,2024,Winter,FALSE
Branca,Branca,Flores,FALSE,Diatom,2025,Autumn,FALSE
Branca,Branca,Flores,FALSE,Diatom,2025,Spring,FALSE
Branca,Branca,Flores,FALSE,Diatom,2025,Summer,FALSE
Branca,Branca,Flores,FALSE,Diatom,2025,Winter,FALSE
Branca,Branca,Flores,FALSE,Env,2003,Autumn,FALSE
Branca,Branca,Flores,FALSE,Env,2003,Spring,FALSE
Branca,Branca,Flores,FALSE,Env,2003,Summer,FALSE
Branca,Branca,Flores,FALSE,Env,2003,Winter,FALSE
Branca,Branca,Flores,FALSE,Env,2004,Autumn,FALSE
Branca,Branca,Flores,FALSE,Env,2004,Spring,FALSE
Branca,Branca,Flores,FALSE,Env,2004,Summer,FALSE
Branca,Branca,Flores,FALSE,Env,2004,Winter,FALSE
Branca,Branca,Flores,FALSE,Env,2005,Autumn,FALSE
Branca,Branca,Flores,FALSE,Env,2005,Spring,FALSE
Branca,Branca,Flores,FALSE,Env,2005,Summer,FALSE
Branca,Branca,Flores,FALSE,Env,2005,Winter,FALSE
Branca,Branca,Flores,FALSE,Env,2006,Autumn,TRUE
Branca,Branca,Flores,FALSE,Env,2006,Spring,FALSE
Branca,Branca,Flores,FALSE,Env,2006,Summer,FALSE
Branca,Branca,Flores,FALSE,Env,2006,Winter,TRUE
Branca,Branca,Flores,FALSE,Env,2007,Autumn,FALSE
Branca,Branca,Flores,FALSE,Env,2007,Spring,FALSE
Branca,Branca,Flores,FALSE,Env,2007,Summer,FALSE
Branca,Branca,Flores,FALSE,Env,2007,Winter,FALSE
Branca,Branca,Flores,FALSE,Env,2008,Autumn,TRUE
Branca,Branca,Flores,FALSE,Env,2008,Spring,TRUE
Branca,Branca,Flores,FALSE,Env,2008,Summer,FALSE
Branca,Branca,Flores,FALSE,Env,2008,Winter,FALSE
Branca,Branca,Flores,FALSE,Env,2009,Autumn,FALSE
Branca,Branca,Flores,FALSE,Env,2009,Spring,FALSE
Branca,Branca,Flores,FALSE,Env,2009,Summer,FALSE
Branca,Branca,Flores,FALSE,Env,2009,Winter,FALSE
Branca,Branca,Flores,FALSE,Env,2010,Autumn,FALSE
Branca,Branca,Flores,FALSE,Env,2010,Spring,FALSE
Branca,Branca,Flores,FALSE,Env,2010,Summer,FALSE
Branca,Branca,Flores,FALSE,Env,2010,Winter,FALSE
Branca,Branca,Flores,FALSE,Env,2011,Autumn,FALSE
Branca,Branca,Flores,FALSE,Env,2011,Spring,FALSE
Branca,Branca,Flores,FALSE,Env,2011,Summer,FALSE
Branca,Branca,Flores,FALSE,Env,2011,Winter,FALSE
Branca,Branca,Flores,FALSE,Env,2012,Autumn,FALSE
Branca,Branca,Flores,FALSE,Env,2012,Spring,FALSE
Branca,Branca,Flores,FALSE,Env,2012,Summer,FALSE
Branca,Branca,Flores,FALSE,Env,2012,Winter,FALSE
Branca,Branca,Flores,FALSE,Env,2013,Autumn,FALSE
Branca,Branca,Flores,FALSE,Env,2013,Spring,FALSE
Branca,Branca,Flores,FALSE,Env,2013,Summer,FALSE
Branca,Branca,Flores,FALSE,Env,2013,Winter,FALSE
Branca,Branca,Flores,FALSE,Env,2014,Autumn,FALSE
Branca,Branca,Flores,FALSE,Env,2014,Spring,FALSE
Branca,Branca,Flores,FALSE,Env,2014,Summer,FALSE
Branca,Branca,Flores,FALSE,Env,2014,Winter,FALSE
Branca,Branca,Flores,FALSE,Env,2015,Autumn,FALSE
Branca,Branca,Flores,FALSE,Env,2015,Spring,FALSE
Branca,Branca,Flores,FALSE,Env,2015,Summer,FALSE
Branca,Branca,Flores,FALSE,Env,2015,Winter,FALSE
Branca,Branca,Flores,FALSE,Env,2016,Autumn,FALSE
Branca,Branca,Flores,FALSE,Env,2016,Spring,FALSE
Branca,Branca,Flores,FALSE,Env,2016,Summer,FALSE
Branca,Branca,Flores,FALSE,Env,2016,Winter,FALSE
Branca,Branca,Flores,FALSE,Env,2017,Autumn,FALSE
Branca,Branca,Flores,FALSE,Env,2017,Spring,FALSE
Branca,Branca,Flores,FALSE,Env,2017,Summer,FALSE
Branca,Branca,Flores,FALSE,Env,2017,Winter,FALSE
Branca,Branca,Flores,FALSE,Env,2018,Autumn,FALSE
Branca,Branca,Flores,FALSE,Env,2018,Spring,FALSE
Branca,Branca,Flores,FALSE,Env,2018,Summer,FALSE
Branca,Branca,Flores,FALSE,Env,2018,Winter,FALSE
Branca,Branca,Flores,FALSE,Env,2019,Autumn,FALSE
Branca,Branca,Flores,FALSE,Env,2019,Spring,FALSE
Branca,Branca,Flores,FALSE,Env,2019,Summer,FALSE
Branca,Branca,Flores,FALSE,Env,2019,Winter,FALSE
Branca,Branca,Flores,FALSE,Env,2020,Autumn,FALSE
Branca,Branca,Flores,FALSE,Env,2020,Spring,FALSE
Branca,Branca,Flores,FALSE,Env,2020,Summer,FALSE
Branca,Branca,Flores,FALSE,Env,2020,Winter,FALSE
Branca,Branca,Flores,FALSE,Env,2021,Autumn,FALSE
Branca,Branca,Flores,FALSE,Env,2021,Spring,FALSE
Branca,Branca,Flores,FALSE,Env,2021,Summer,FALSE
Branca,Branca,Flores,FALSE,Env,2021,Winter,FALSE
Branca,Branca,Flores,FALSE,Env,2022,Autumn,FALSE
Branca,Branca,Flores,FALSE,Env,2022,Spring,FALSE
Branca,Branca,Flores,FALSE,Env,2022,Summer,FALSE
Branca,Branca,Flores,FALSE,Env,2022,Winter,FALSE
Branca,Branca,Flores,FALSE,Env,2023,Autumn,FALSE
Branca,Branca,Flores,FALSE,Env,2023,Spring,FALSE
Branca,Branca,Flores,FALSE,Env,2023,Summer,FALSE
Branca,Branca,Flores,FALSE,Env,2023,Winter,FALSE
Branca,Branca,Flores,FALSE,Env,2024,Autumn,FALSE
Branca,Branca,Flores,FALSE,Env,2024,Spring,FALSE
Branca,Branca,Flores,FALSE,Env,2024,Summer,FALSE
Branca,Branca,Flores,FALSE,Env,2024,Winter,FALSE
Branca,Branca,Flores,FALSE,Env,2025,Autumn,FALSE
Branca,Branca,Flores,FALSE,Env,2025,Spring,FALSE
Branca,Branca,Flores,FALSE,Env,2025,Summer,FALSE
Branca,Branca,Flores,FALSE,Env,2025,Winter,FALSE
Branca,Branca,Flores,FALSE,Macro,2003,Autumn,FALSE
Branca,Branca,Flores,FALSE,Macro,2003,Spring,FALSE
Branca,Branca,Flores,FALSE,Macro,2003,Summer,FALSE
Branca,Branca,Flores,FALSE,Macro,2003,Winter,FALSE
Branca,Branca,Flores,FALSE,Macro,2004,Autumn,FALSE
Branca,Branca,Flores,FALSE,Macro,2004,Spring,FALSE
Branca,Branca,Flores,FALSE,Macro,2004,Summer,FALSE
Branca,Branca,Flores,FALSE,Macro,2004,Winter,FALSE
Branca,Branca,Flores,FALSE,Macro,2005,Autumn,FALSE
Branca,Branca,Flores,FALSE,Macro,2005,Spring,FALSE
Branca,Branca,Flores,FALSE,Macro,2005,Summer,FALSE
Branca,Branca,Flores,FALSE,Macro,2005,Winter,FALSE
Branca,Branca,Flores,FALSE,Macro,2006,Autumn,FALSE
Branca,Branca,Flores,FALSE,Macro,2006,Spring,FALSE
Branca,Branca,Flores,FALSE,Macro,2006,Summer,FALSE
Branca,Branca,Flores,FALSE,Macro,2006,Winter,TRUE
Branca,Branca,Flores,FALSE,Macro,2007,Autumn,FALSE
Branca,Branca,Flores,FALSE,Macro,2007,Spring,FALSE
Branca,Branca,Flores,FALSE,Macro,2007,Summer,FALSE
Branca,Branca,Flores,FALSE,Macro,2007,Winter,FALSE
Branca,Branca,Flores,FALSE,Macro,2008,Autumn,TRUE
Branca,Branca,Flores,FALSE,Macro,2008,Spring,FALSE
Branca,Branca,Flores,FALSE,Macro,2008,Summer,FALSE
Branca,Branca,Flores,FALSE,Macro,2008,Winter,FALSE
Branca,Branca,Flores,FALSE,Macro,2009,Autumn,FALSE
Branca,Branca,Flores,FALSE,Macro,2009,Spring,FALSE
Branca,Branca,Flores,FALSE,Macro,2009,Summer,FALSE
Branca,Branca,Flores,FALSE,Macro,2009,Winter,FALSE
Branca,Branca,Flores,FALSE,Macro,2010,Autumn,FALSE
Branca,Branca,Flores,FALSE,Macro,2010,Spring,FALSE
Branca,Branca,Flores,FALSE,Macro,2010,Summer,FALSE
Branca,Branca,Flores,FALSE,Macro,2010,Winter,FALSE
Branca,Branca,Flores,FALSE,Macro,2011,Autumn,FALSE
Branca,Branca,Flores,FALSE,Macro,2011,Spring,FALSE
Branca,Branca,Flores,FALSE,Macro,2011,Summer,FALSE
Branca,Branca,Flores,FALSE,Macro,2011,Winter,FALSE
Branca,Branca,Flores,FALSE,Macro,2012,Autumn,FALSE
Branca,Branca,Flores,FALSE,Macro,2012,Spring,FALSE
Branca,Branca,Flores,FALSE,Macro,2012,Summer,FALSE
Branca,Branca,Flores,FALSE,Macro,2012,Winter,FALSE
Branca,Branca,Flores,FALSE,Macro,2013,Autumn,FALSE
Branca,Branca,Flores,FALSE,Macro,2013,Spring,FALSE
Branca,Branca,Flores,FALSE,Macro,2013,Summer,FALSE
Branca,Branca,Flores,FALSE,Macro,2013,Winter,FALSE
Branca,Branca,Flores,FALSE,Macro,2014,Autumn,FALSE
Branca,Branca,Flores,FALSE,Macro,2014,Spring,FALSE
Branca,Branca,Flores,FALSE,Macro,2014,Summer,FALSE
Branca,Branca,Flores,FALSE,Macro,2014,Winter,FALSE
Branca,Branca,Flores,FALSE,Macro,2015,Autumn,FALSE
Branca,Branca,Flores,FALSE,Macro,2015,Spring,FALSE
Branca,Branca,Flores,FALSE,Macro,2015,Summer,FALSE
Branca,Branca,Flores,FALSE,Macro,2015,Winter,FALSE
Branca,Branca,Flores,FALSE,Macro,2016,Autumn,FALSE
Branca,Branca,Flores,FALSE,Macro,2016,Spring,FALSE
Branca,Branca,Flores,FALSE,Macro,2016,Summer,FALSE
Branca,Branca,Flores,FALSE,Macro,2016,Winter,FALSE
Branca,Branca,Flores,FALSE,Macro,2017,Autumn,FALSE
Branca,Branca,Flores,FALSE,Macro,2017,Spring,FALSE
Branca,Branca,Flores,FALSE,Macro,2017,Summer,FALSE
Branca,Branca,Flores,FALSE,Macro,2017,Winter,FALSE
Branca,Branca,Flores,FALSE,Macro,2018,Autumn,FALSE
Branca,Branca,Flores,FALSE,Macro,2018,Spring,FALSE
Branca,Branca,Flores,FALSE,Macro,2018,Summer,FALSE
Branca,Branca,Flores,FALSE,Macro,2018,Winter,FALSE
Branca,Branca,Flores,FALSE,Macro,2019,Autumn,FALSE
Branca,Branca,Flores,FALSE,Macro,2019,Spring,FALSE
Branca,Branca,Flores,FALSE,Macro,2019,Summer,FALSE
Branca,Branca,Flores,FALSE,Macro,2019,Winter,FALSE
Branca,Branca,Flores,FALSE,Macro,2020,Autumn,FALSE
Branca,Branca,Flores,FALSE,Macro,2020,Spring,FALSE
Branca,Branca,Flores,FALSE,Macro,2020,Summer,FALSE
Branca,Branca,Flores,FALSE,Macro,2020,Winter,FALSE
Branca,Branca,Flores,FALSE,Macro,2021,Autumn,FALSE
Branca,Branca,Flores,FALSE,Macro,2021,Spring,FALSE
Branca,Branca,Flores,FALSE,Macro,2021,Summer,FALSE
Branca,Branca,Flores,FALSE,Macro,2021,Winter,FALSE
Branca,Branca,Flores,FALSE,Macro,2022,Autumn,FALSE
Branca,Branca,Flores,FALSE,Macro,2022,Spring,FALSE
Branca,Branca,Flores,FALSE,Macro,2022,Summer,FALSE
Branca,Branca,Flores,FALSE,Macro,2022,Winter,FALSE
Branca,Branca,Flores,FALSE,Macro,2023,Autumn,FALSE
Branca,Branca,Flores,FALSE,Macro,2023,Spring,FALSE
Branca,Branca,Flores,FALSE,Macro,2023,Summer,FALSE
Branca,Branca,Flores,FALSE,Macro,2023,Winter,FALSE
Branca,Branca,Flores,FALSE,Macro,2024,Autumn,FALSE
Branca,Branca,Flores,FALSE,Macro,2024,Spring,FALSE
Branca,Branca,Flores,FALSE,Macro,2024,Summer,FALSE
Branca,Branca,Flores,FALSE,Macro,2024,Winter,FALSE
Branca,Branca,Flores,FALSE,Macro,2025,Autumn,FALSE
Branca,Branca,Flores,FALSE,Macro,2025,Spring,FALSE
Branca,Branca,Flores,FALSE,Macro,2025,Summer,FALSE
Branca,Branca,Flores,FALSE,Macro,2025,Winter,FALSE
Branca,Branca,Flores,FALSE,Phyto,2003,Autumn,FALSE
Branca,Branca,Flores,FALSE,Phyto,2003,Spring,FALSE
Branca,Branca,Flores,FALSE,Phyto,2003,Summer,FALSE
Branca,Branca,Flores,FALSE,Phyto,2003,Winter,FALSE
Branca,Branca,Flores,FALSE,Phyto,2004,Autumn,FALSE
Branca,Branca,Flores,FALSE,Phyto,2004,Spring,FALSE
Branca,Branca,Flores,FALSE,Phyto,2004,Summer,FALSE
Branca,Branca,Flores,FALSE,Phyto,2004,Winter,FALSE
Branca,Branca,Flores,FALSE,Phyto,2005,Autumn,FALSE
Branca,Branca,Flores,FALSE,Phyto,2005,Spring,FALSE
Branca,Branca,Flores,FALSE,Phyto,2005,Summer,FALSE
Branca,Branca,Flores,FALSE,Phyto,2005,Winter,FALSE
Branca,Branca,Flores,FALSE,Phyto,2006,Autumn,TRUE
Branca,Branca,Flores,FALSE,Phyto,2006,Spring,FALSE
Branca,Branca,Flores,FALSE,Phyto,2006,Summer,FALSE
Branca,Branca,Flores,FALSE,Phyto,2006,Winter,TRUE
Branca,Branca,Flores,FALSE,Phyto,2007,Autumn,FALSE
Branca,Branca,Flores,FALSE,Phyto,2007,Spring,FALSE
Branca,Branca,Flores,FALSE,Phyto,2007,Summer,FALSE
Branca,Branca,Flores,FALSE,Phyto,2007,Winter,FALSE
Branca,Branca,Flores,FALSE,Phyto,2008,Autumn,TRUE
Branca,Branca,Flores,FALSE,Phyto,2008,Spring,TRUE
Branca,Branca,Flores,FALSE,Phyto,2008,Summer,FALSE
Branca,Branca,Flores,FALSE,Phyto,2008,Winter,FALSE
Branca,Branca,Flores,FALSE,Phyto,2009,Autumn,FALSE
Branca,Branca,Flores,FALSE,Phyto,2009,Spring,FALSE
Branca,Branca,Flores,FALSE,Phyto,2009,Summer,FALSE
Branca,Branca,Flores,FALSE,Phyto,2009,Winter,FALSE
Branca,Branca,Flores,FALSE,Phyto,2010,Autumn,FALSE
Branca,Branca,Flores,FALSE,Phyto,2010,Spring,FALSE
Branca,Branca,Flores,FALSE,Phyto,2010,Summer,FALSE
Branca,Branca,Flores,FALSE,Phyto,2010,Winter,FALSE
Branca,Branca,Flores,FALSE,Phyto,2011,Autumn,FALSE
Branca,Branca,Flores,FALSE,Phyto,2011,Spring,FALSE
Branca,Branca,Flores,FALSE,Phyto,2011,Summer,FALSE
Branca,Branca,Flores,FALSE,Phyto,2011,Winter,FALSE
Branca,Branca,Flores,FALSE,Phyto,2012,Autumn,FALSE
Branca,Branca,Flores,FALSE,Phyto,2012,Spring,FALSE
Branca,Branca,Flores,FALSE,Phyto,2012,Summer,FALSE
Branca,Branca,Flores,FALSE,Phyto,2012,Winter,FALSE
Branca,Branca,Flores,FALSE,Phyto,2013,Autumn,FALSE
Branca,Branca,Flores,FALSE,Phyto,2013,Spring,FALSE
Branca,Branca,Flores,FALSE,Phyto,2013,Summer,FALSE
Branca,Branca,Flores,FALSE,Phyto,2013,Winter,FALSE
Branca,Branca,Flores,FALSE,Phyto,2014,Autumn,FALSE
Branca,Branca,Flores,FALSE,Phyto,2014,Spring,FALSE
Branca,Branca,Flores,FALSE,Phyto,2014,Summer,FALSE
Branca,Branca,Flores,FALSE,Phyto,2014,Winter,FALSE
Branca,Branca,Flores,FALSE,Phyto,2015,Autumn,FALSE
Branca,Branca,Flores,FALSE,Phyto,2015,Spring,FALSE
Branca,Branca,Flores,FALSE,Phyto,2015,Summer,FALSE
Branca,Branca,Flores,FALSE,Phyto,2015,Winter,FALSE
Branca,Branca,Flores,FALSE,Phyto,2016,Autumn,FALSE
Branca,Branca,Flores,FALSE,Phyto,2016,Spring,FALSE
Branca,Branca,Flores,FALSE,Phyto,2016,Summer,FALSE
Branca,Branca,Flores,FALSE,Phyto,2016,Winter,FALSE
Branca,Branca,Flores,FALSE,Phyto,2017,Autumn,FALSE
Branca,Branca,Flores,FALSE,Phyto,2017,Spring,FALSE
Branca,Branca,Flores,FALSE,Phyto,2017,Summer,FALSE
Branca,Branca,Flores,FALSE,Phyto,2017,Winter,FALSE
Branca,Branca,Flores,FALSE,Phyto,2018,Autumn,FALSE
Branca,Branca,Flores,FALSE,Phyto,2018,Spring,FALSE
Branca,Branca,Flores,FALSE,Phyto,2018,Summer,FALSE
Branca,Branca,Flores,FALSE,Phyto,2018,Winter,FALSE
Branca,Branca,Flores,FALSE,Phyto,2019,Autumn,FALSE
Branca,Branca,Flores,FALSE,Phyto,2019,Spring,FALSE
Branca,Branca,Flores,FALSE,Phyto,2019,Summer,FALSE
Branca,Branca,Flores,FALSE,Phyto,2019,Winter,FALSE
Branca,Branca,Flores,FALSE,Phyto,2020,Autumn,FALSE
Branca,Branca,Flores,FALSE,Phyto,2020,Spring,FALSE
Branca,Branca,Flores,FALSE,Phyto,2020,Summer,FALSE
Branca,Branca,Flores,FALSE,Phyto,2020,Winter,FALSE
Branca,Branca,Flores,FALSE,Phyto,2021,Autumn,FALSE
Branca,Branca,Flores,FALSE,Phyto,2021,Spring,FALSE
Branca,Branca,Flores,FALSE,Phyto,2021,Summer,FALSE
Branca,Branca,Flores,FALSE,Phyto,2021,Winter,FALSE
Branca,Branca,Flores,FALSE,Phyto,2022,Autumn,FALSE
Branca,Branca,Flores,FALSE,Phyto,2022,Spring,FALSE
Branca,Branca,Flores,FALSE,Phyto,2022,Summer,FALSE
Branca,Branca,Flores,FALSE,Phyto,2022,Winter,FALSE
Branca,Branca,Flores,FALSE,Phyto,2023,Autumn,FALSE
Branca,Branca,Flores,FALSE,Phyto,2023,Spring,FALSE
Branca,Branca,Flores,FALSE,Phyto,2023,Summer,FALSE
Branca,Branca,Flores,FALSE,Phyto,2023,Winter,FALSE
Branca,Branca,Flores,FALSE,Phyto,2024,Autumn,FALSE
Branca,Branca,Flores,FALSE,Phyto,2024,Spring,FALSE
Branca,Branca,Flores,FALSE,Phyto,2024,Summer,FALSE
Branca,Branca,Flores,FALSE,Phyto,2024,Winter,FALSE
Branca,Branca,Flores,FALSE,Phyto,2025,Autumn,FALSE
Branca,Branca,Flores,FALSE,Phyto,2025,Spring,FALSE
Branca,Branca,Flores,FALSE,Phyto,2025,Summer,FALSE
Branca,Branca,Flores,FALSE,Phyto,2025,Winter,FALSE
Branca,Branca,Flores,FALSE,Zoo,2003,Autumn,FALSE
Branca,Branca,Flores,FALSE,Zoo,2003,Spring,FALSE
Branca,Branca,Flores,FALSE,Zoo,2003,Summer,FALSE
Branca,Branca,Flores,FALSE,Zoo,2003,Winter,FALSE
Branca,Branca,Flores,FALSE,Zoo,2004,Autumn,FALSE
Branca,Branca,Flores,FALSE,Zoo,2004,Spring,FALSE
Branca,Branca,Flores,FALSE,Zoo,2004,Summer,FALSE
Branca,Branca,Flores,FALSE,Zoo,2004,Winter,FALSE
Branca,Branca,Flores,FALSE,Zoo,2005,Autumn,FALSE
Branca,Branca,Flores,FALSE,Zoo,2005,Spring,FALSE
Branca,Branca,Flores,FALSE,Zoo,2005,Summer,FALSE
Branca,Branca,Flores,FALSE,Zoo,2005,Winter,FALSE
Branca,Branca,Flores,FALSE,Zoo,2006,Autumn,FALSE
Branca,Branca,Flores,FALSE,Zoo,2006,Spring,FALSE
Branca,Branca,Flores,FALSE,Zoo,2006,Summer,FALSE
Branca,Branca,Flores,FALSE,Zoo,2006,Winter,FALSE
Branca,Branca,Flores,FALSE,Zoo,2007,Autumn,FALSE
Branca,Branca,Flores,FALSE,Zoo,2007,Spring,FALSE
Branca,Branca,Flores,FALSE,Zoo,2007,Summer,FALSE
Branca,Branca,Flores,FALSE,Zoo,2007,Winter,FALSE
Branca,Branca,Flores,FALSE,Zoo,2008,Autumn,FALSE
Branca,Branca,Flores,FALSE,Zoo,2008,Spring,FALSE
Branca,Branca,Flores,FALSE,Zoo,2008,Summer,FALSE
Branca,Branca,Flores,FALSE,Zoo,2008,Winter,FALSE
Branca,Branca,Flores,FALSE,Zoo,2009,Autumn,FALSE
Branca,Branca,Flores,FALSE,Zoo,2009,Spring,FALSE
Branca,Branca,Flores,FALSE,Zoo,2009,Summer,FALSE
Branca,Branca,Flores,FALSE,Zoo,2009,Winter,FALSE
Branca,Branca,Flores,FALSE,Zoo,2010,Autumn,FALSE
Branca,Branca,Flores,FALSE,Zoo,2010,Spring,FALSE
Branca,Branca,Flores,FALSE,Zoo,2010,Summer,FALSE
Branca,Branca,Flores,FALSE,Zoo,2010,Winter,FALSE
Branca,Branca,Flores,FALSE,Zoo,2011,Autumn,FALSE
Branca,Branca,Flores,FALSE,Zoo,2011,Spring,FALSE
Branca,Branca,Flores,FALSE,Zoo,2011,Summer,FALSE
Branca,Branca,Flores,FALSE,Zoo,2011,Winter,FALSE
Branca,Branca,Flores,FALSE,Zoo,2012,Autumn,FALSE
Branca,Branca,Flores,FALSE,Zoo,2012,Spring,FALSE
Branca,Branca,Flores,FALSE,Zoo,2012,Summer,FALSE
Branca,Branca,Flores,FALSE,Zoo,2012,Winter,FALSE
Branca,Branca,Flores,FALSE,Zoo,2013,Autumn,FALSE
Branca,Branca,Flores,FALSE,Zoo,2013,Spring,FALSE
Branca,Branca,Flores,FALSE,Zoo,2013,Summer,FALSE
Branca,Branca,Flores,FALSE,Zoo,2013,Winter,FALSE
Branca,Branca,Flores,FALSE,Zoo,2014,Autumn,FALSE
Branca,Branca,Flores,FALSE,Zoo,2014,Spring,FALSE
Branca,Branca,Flores,FALSE,Zoo,2014,Summer,FALSE
Branca,Branca,Flores,FALSE,Zoo,2014,Winter,FALSE
Branca,Branca,Flores,FALSE,Zoo,2015,Autumn,FALSE
Branca,Branca,Flores,FALSE,Zoo,2015,Spring,FALSE
Branca,Branca,Flores,FALSE,Zoo,2015,Summer,FALSE
Branca,Branca,Flores,FALSE,Zoo,2015,Winter,FALSE
Branca,Branca,Flores,FALSE,Zoo,2016,Autumn,FALSE
Branca,Branca,Flores,FALSE,Zoo,2016,Spring,FALSE
Branca,Branca,Flores,FALSE,Zoo,2016,Summer,FALSE
Branca,Branca,Flores,FALSE,Zoo,2016,Winter,FALSE
Branca,Branca,Flores,FALSE,Zoo,2017,Autumn,FALSE
Branca,Branca,Flores,FALSE,Zoo,2017,Spring,FALSE
Branca,Branca,Flores,FALSE,Zoo,2017,Summer,FALSE
Branca,Branca,Flores,FALSE,Zoo,2017,Winter,FALSE
Branca,Branca,Flores,FALSE,Zoo,2018,Autumn,FALSE
Branca,Branca,Flores,FALSE,Zoo,2018,Spring,FALSE
Branca,Branca,Flores,FALSE,Zoo,2018,Summer,FALSE
Branca,Branca,Flores,FALSE,Zoo,2018,Winter,FALSE
Branca,Branca,Flores,FALSE,Zoo,2019,Autumn,FALSE
Branca,Branca,Flores,FALSE,Zoo,2019,Spring,FALSE
Branca,Branca,Flores,FALSE,Zoo,2019,Summer,FALSE
Branca,Branca,Flores,FALSE,Zoo,2019,Winter,FALSE
Branca,Branca,Flores,FALSE,Zoo,2020,Autumn,FALSE
Branca,Branca,Flores,FALSE,Zoo,2020,Spring,FALSE
Branca,Branca,Flores,FALSE,Zoo,2020,Summer,FALSE
Branca,Branca,Flores,FALSE,Zoo,2020,Winter,FALSE
Branca,Branca,Flores,FALSE,Zoo,2021,Autumn,FALSE
Branca,Branca,Flores,FALSE,Zoo,2021,Spring,FALSE
Branca,Branca,Flores,FALSE,Zoo,2021,Summer,FALSE
Branca,Branca,Flores,FALSE,Zoo,2021,Winter,FALSE
Branca,Branca,Flores,FALSE,Zoo,2022,Autumn,FALSE
Branca,Branca,Flores,FALSE,Zoo,2022,Spring,FALSE
Branca,Branca,Flores,FALSE,Zoo,2022,Summer,FALSE
Branca,Branca,Flores,FALSE,Zoo,2022,Winter,FALSE
Branca,Branca,Flores,FALSE,Zoo,2023,Autumn,FALSE
Branca,Branca,Flores,FALSE,Zoo,2023,Spring,FALSE
Branca,Branca,Flores,FALSE,Zoo,2023,Summer,FALSE
Branca,Branca,Flores,FALSE,Zoo,2023,Winter,FALSE
Branca,Branca,Flores,FALSE,Zoo,2024,Autumn,FALSE
Branca,Branca,Flores,FALSE,Zoo,2024,Spring,FALSE
Branca,Branca,Flores,FALSE,Zoo,2024,Summer,FALSE
Branca,Branca,Flores,FALSE,Zoo,2024,Winter,FALSE
Branca,Branca,Flores,FALSE,Zoo,2025,Autumn,FALSE
Branca,Branca,Flores,FALSE,Zoo,2025,Spring,FALSE
Branca,Branca,Flores,FALSE,Zoo,2025,Summer,FALSE
Branca,Branca,Flores,FALSE,Zoo,2025,Winter,FALSE
Caiado,Caiado,Pico,TRUE,Diatom,2003,Autumn,FALSE
Caiado,Caiado,Pico,TRUE,Diatom,2003,Spring,FALSE
Caiado,Caiado,Pico,TRUE,Diatom,2003,Summer,FALSE
Caiado,Caiado,Pico,TRUE,Diatom,2003,Winter,FALSE
Caiado,Caiado,Pico,TRUE,Diatom,2004,Autumn,TRUE
Caiado,Caiado,Pico,TRUE,Diatom,2004,Spring,FALSE
Caiado,Caiado,Pico,TRUE,Diatom,2004,Summer,FALSE
Caiado,Caiado,Pico,TRUE,Diatom,2004,Winter,FALSE
Caiado,Caiado,Pico,TRUE,Diatom,2005,Autumn,FALSE
Caiado,Caiado,Pico,TRUE,Diatom,2005,Spring,TRUE
Caiado,Caiado,Pico,TRUE,Diatom,2005,Summer,TRUE
Caiado,Caiado,Pico,TRUE,Diatom,2005,Winter,TRUE
Caiado,Caiado,Pico,TRUE,Diatom,2006,Autumn,TRUE
Caiado,Caiado,Pico,TRUE,Diatom,2006,Spring,FALSE
Caiado,Caiado,Pico,TRUE,Diatom,2006,Summer,TRUE
Caiado,Caiado,Pico,TRUE,Diatom,2006,Winter,FALSE
Caiado,Caiado,Pico,TRUE,Diatom,2007,Autumn,FALSE
Caiado,Caiado,Pico,TRUE,Diatom,2007,Spring,FALSE
Caiado,Caiado,Pico,TRUE,Diatom,2007,Summer,FALSE
Caiado,Caiado,Pico,TRUE,Diatom,2007,Winter,FALSE
Caiado,Caiado,Pico,TRUE,Diatom,2008,Autumn,FALSE
Caiado,Caiado,Pico,TRUE,Diatom,2008,Spring,TRUE
Caiado,Caiado,Pico,TRUE,Diatom,2008,Summer,FALSE
Caiado,Caiado,Pico,TRUE,Diatom,2008,Winter,TRUE
Caiado,Caiado,Pico,TRUE,Diatom,2009,Autumn,FALSE
Caiado,Caiado,Pico,TRUE,Diatom,2009,Spring,TRUE
Caiado,Caiado,Pico,TRUE,Diatom,2009,Summer,TRUE
Caiado,Caiado,Pico,TRUE,Diatom,2009,Winter,FALSE
Caiado,Caiado,Pico,TRUE,Diatom,2010,Autumn,TRUE
Caiado,Caiado,Pico,TRUE,Diatom,2010,Spring,TRUE
Caiado,Caiado,Pico,TRUE,Diatom,2010,Summer,TRUE
Caiado,Caiado,Pico,TRUE,Diatom,2010,Winter,TRUE
Caiado,Caiado,Pico,TRUE,Diatom,2011,Autumn,TRUE
Caiado,Caiado,Pico,TRUE,Diatom,2011,Spring,TRUE
Caiado,Caiado,Pico,TRUE,Diatom,2011,Summer,TRUE
Caiado,Caiado,Pico,TRUE,Diatom,2011,Winter,TRUE
Caiado,Caiado,Pico,TRUE,Diatom,2012,Autumn,TRUE
Caiado,Caiado,Pico,TRUE,Diatom,2012,Spring,TRUE
Caiado,Caiado,Pico,TRUE,Diatom,2012,Summer,TRUE
Caiado,Caiado,Pico,TRUE,Diatom,2012,Winter,TRUE
Caiado,Caiado,Pico,TRUE,Diatom,2013,Autumn,FALSE
Caiado,Caiado,Pico,TRUE,Diatom,2013,Spring,FALSE
Caiado,Caiado,Pico,TRUE,Diatom,2013,Summer,FALSE
Caiado,Caiado,Pico,TRUE,Diatom,2013,Winter,FALSE
Caiado,Caiado,Pico,TRUE,Diatom,2014,Autumn,FALSE
Caiado,Caiado,Pico,TRUE,Diatom,2014,Spring,FALSE
Caiado,Caiado,Pico,TRUE,Diatom,2014,Summer,FALSE
Caiado,Caiado,Pico,TRUE,Diatom,2014,Winter,FALSE
Caiado,Caiado,Pico,TRUE,Diatom,2015,Autumn,TRUE
Caiado,Caiado,Pico,TRUE,Diatom,2015,Spring,FALSE
Caiado,Caiado,Pico,TRUE,Diatom,2015,Summer,FALSE
Caiado,Caiado,Pico,TRUE,Diatom,2015,Winter,FALSE
Caiado,Caiado,Pico,TRUE,Diatom,2016,Autumn,TRUE
Caiado,Caiado,Pico,TRUE,Diatom,2016,Spring,TRUE
Caiado,Caiado,Pico,TRUE,Diatom,2016,Summer,TRUE
Caiado,Caiado,Pico,TRUE,Diatom,2016,Winter,FALSE
Caiado,Caiado,Pico,TRUE,Diatom,2017,Autumn,TRUE
Caiado,Caiado,Pico,TRUE,Diatom,2017,Spring,FALSE
Caiado,Caiado,Pico,TRUE,Diatom,2017,Summer,FALSE
Caiado,Caiado,Pico,TRUE,Diatom,2017,Winter,TRUE
Caiado,Caiado,Pico,TRUE,Diatom,2018,Autumn,FALSE
Caiado,Caiado,Pico,TRUE,Diatom,2018,Spring,TRUE
Caiado,Caiado,Pico,TRUE,Diatom,2018,Summer,FALSE
Caiado,Caiado,Pico,TRUE,Diatom,2018,Winter,TRUE
Caiado,Caiado,Pico,TRUE,Diatom,2019,Autumn,FALSE
Caiado,Caiado,Pico,TRUE,Diatom,2019,Spring,FALSE
Caiado,Caiado,Pico,TRUE,Diatom,2019,Summer,FALSE
Caiado,Caiado,Pico,TRUE,Diatom,2019,Winter,FALSE
Caiado,Caiado,Pico,TRUE,Diatom,2020,Autumn,FALSE
Caiado,Caiado,Pico,TRUE,Diatom,2020,Spring,FALSE
Caiado,Caiado,Pico,TRUE,Diatom,2020,Summer,FALSE
Caiado,Caiado,Pico,TRUE,Diatom,2020,Winter,FALSE
Caiado,Caiado,Pico,TRUE,Diatom,2021,Autumn,FALSE
Caiado,Caiado,Pico,TRUE,Diatom,2021,Spring,FALSE
Caiado,Caiado,Pico,TRUE,Diatom,2021,Summer,FALSE
Caiado,Caiado,Pico,TRUE,Diatom,2021,Winter,FALSE
Caiado,Caiado,Pico,TRUE,Diatom,2022,Autumn,FALSE
Caiado,Caiado,Pico,TRUE,Diatom,2022,Spring,FALSE
Caiado,Caiado,Pico,TRUE,Diatom,2022,Summer,FALSE
Caiado,Caiado,Pico,TRUE,Diatom,2022,Winter,FALSE
Caiado,Caiado,Pico,TRUE,Diatom,2023,Autumn,FALSE
Caiado,Caiado,Pico,TRUE,Diatom,2023,Spring,FALSE
Caiado,Caiado,Pico,TRUE,Diatom,2023,Summer,FALSE
Caiado,Caiado,Pico,TRUE,Diatom,2023,Winter,FALSE
Caiado,Caiado,Pico,TRUE,Diatom,2024,Autumn,TRUE
Caiado,Caiado,Pico,TRUE,Diatom,2024,Spring,TRUE
Caiado,Caiado,Pico,TRUE,Diatom,2024,Summer,TRUE
Caiado,Caiado,Pico,TRUE,Diatom,2024,Winter,TRUE
Caiado,Caiado,Pico,TRUE,Diatom,2025,Autumn,TRUE
Caiado,Caiado,Pico,TRUE,Diatom,2025,Spring,TRUE
Caiado,Caiado,Pico,TRUE,Diatom,2025,Summer,TRUE
Caiado,Caiado,Pico,TRUE,Diatom,2025,Winter,TRUE
Caiado,Caiado,Pico,TRUE,Env,2003,Autumn,FALSE
Caiado,Caiado,Pico,TRUE,Env,2003,Spring,FALSE
Caiado,Caiado,Pico,TRUE,Env,2003,Summer,FALSE
Caiado,Caiado,Pico,TRUE,Env,2003,Winter,FALSE
Caiado,Caiado,Pico,TRUE,Env,2004,Autumn,TRUE
Caiado,Caiado,Pico,TRUE,Env,2004,Spring,FALSE
Caiado,Caiado,Pico,TRUE,Env,2004,Summer,FALSE
Caiado,Caiado,Pico,TRUE,Env,2004,Winter,FALSE
Caiado,Caiado,Pico,TRUE,Env,2005,Autumn,FALSE
Caiado,Caiado,Pico,TRUE,Env,2005,Spring,TRUE
Caiado,Caiado,Pico,TRUE,Env,2005,Summer,TRUE
Caiado,Caiado,Pico,TRUE,Env,2005,Winter,TRUE
Caiado,Caiado,Pico,TRUE,Env,2006,Autumn,TRUE
Caiado,Caiado,Pico,TRUE,Env,2006,Spring,TRUE
Caiado,Caiado,Pico,TRUE,Env,2006,Summer,TRUE
Caiado,Caiado,Pico,TRUE,Env,2006,Winter,TRUE
Caiado,Caiado,Pico,TRUE,Env,2007,Autumn,FALSE
Caiado,Caiado,Pico,TRUE,Env,2007,Spring,FALSE
Caiado,Caiado,Pico,TRUE,Env,2007,Summer,FALSE
Caiado,Caiado,Pico,TRUE,Env,2007,Winter,FALSE
Caiado,Caiado,Pico,TRUE,Env,2008,Autumn,TRUE
Caiado,Caiado,Pico,TRUE,Env,2008,Spring,TRUE
Caiado,Caiado,Pico,TRUE,Env,2008,Summer,TRUE
Caiado,Caiado,Pico,TRUE,Env,2008,Winter,TRUE
Caiado,Caiado,Pico,TRUE,Env,2009,Autumn,FALSE
Caiado,Caiado,Pico,TRUE,Env,2009,Spring,FALSE
Caiado,Caiado,Pico,TRUE,Env,2009,Summer,FALSE
Caiado,Caiado,Pico,TRUE,Env,2009,Winter,FALSE
Caiado,Caiado,Pico,TRUE,Env,2010,Autumn,TRUE
Caiado,Caiado,Pico,TRUE,Env,2010,Spring,TRUE
Caiado,Caiado,Pico,TRUE,Env,2010,Summer,TRUE
Caiado,Caiado,Pico,TRUE,Env,2010,Winter,TRUE
Caiado,Caiado,Pico,TRUE,Env,2011,Autumn,TRUE
Caiado,Caiado,Pico,TRUE,Env,2011,Spring,TRUE
Caiado,Caiado,Pico,TRUE,Env,2011,Summer,TRUE
Caiado,Caiado,Pico,TRUE,Env,2011,Winter,TRUE
Caiado,Caiado,Pico,TRUE,Env,2012,Autumn,FALSE
Caiado,Caiado,Pico,TRUE,Env,2012,Spring,TRUE
Caiado,Caiado,Pico,TRUE,Env,2012,Summer,TRUE
Caiado,Caiado,Pico,TRUE,Env,2012,Winter,TRUE
Caiado,Caiado,Pico,TRUE,Env,2013,Autumn,FALSE
Caiado,Caiado,Pico,TRUE,Env,2013,Spring,FALSE
Caiado,Caiado,Pico,TRUE,Env,2013,Summer,FALSE
Caiado,Caiado,Pico,TRUE,Env,2013,Winter,FALSE
Caiado,Caiado,Pico,TRUE,Env,2014,Autumn,FALSE
Caiado,Caiado,Pico,TRUE,Env,2014,Spring,FALSE
Caiado,Caiado,Pico,TRUE,Env,2014,Summer,FALSE
Caiado,Caiado,Pico,TRUE,Env,2014,Winter,FALSE
Caiado,Caiado,Pico,TRUE,Env,2015,Autumn,FALSE
Caiado,Caiado,Pico,TRUE,Env,2015,Spring,FALSE
Caiado,Caiado,Pico,TRUE,Env,2015,Summer,FALSE
Caiado,Caiado,Pico,TRUE,Env,2015,Winter,FALSE
Caiado,Caiado,Pico,TRUE,Env,2016,Autumn,FALSE
Caiado,Caiado,Pico,TRUE,Env,2016,Spring,FALSE
Caiado,Caiado,Pico,TRUE,Env,2016,Summer,FALSE
Caiado,Caiado,Pico,TRUE,Env,2016,Winter,FALSE
Caiado,Caiado,Pico,TRUE,Env,2017,Autumn,FALSE
Caiado,Caiado,Pico,TRUE,Env,2017,Spring,FALSE
Caiado,Caiado,Pico,TRUE,Env,2017,Summer,FALSE
Caiado,Caiado,Pico,TRUE,Env,2017,Winter,FALSE
Caiado,Caiado,Pico,TRUE,Env,2018,Autumn,FALSE
Caiado,Caiado,Pico,TRUE,Env,2018,Spring,TRUE
Caiado,Caiado,Pico,TRUE,Env,2018,Summer,FALSE
Caiado,Caiado,Pico,TRUE,Env,2018,Winter,FALSE
Caiado,Caiado,Pico,TRUE,Env,2019,Autumn,FALSE
Caiado,Caiado,Pico,TRUE,Env,2019,Spring,FALSE
Caiado,Caiado,Pico,TRUE,Env,2019,Summer,FALSE
Caiado,Caiado,Pico,TRUE,Env,2019,Winter,FALSE
Caiado,Caiado,Pico,TRUE,Env,2020,Autumn,FALSE
Caiado,Caiado,Pico,TRUE,Env,2020,Spring,FALSE
Caiado,Caiado,Pico,TRUE,Env,2020,Summer,FALSE
Caiado,Caiado,Pico,TRUE,Env,2020,Winter,FALSE
Caiado,Caiado,Pico,TRUE,Env,2021,Autumn,FALSE
Caiado,Caiado,Pico,TRUE,Env,2021,Spring,FALSE
Caiado,Caiado,Pico,TRUE,Env,2021,Summer,FALSE
Caiado,Caiado,Pico,TRUE,Env,2021,Winter,FALSE
Caiado,Caiado,Pico,TRUE,Env,2022,Autumn,FALSE
Caiado,Caiado,Pico,TRUE,Env,2022,Spring,FALSE
Caiado,Caiado,Pico,TRUE,Env,2022,Summer,FALSE
Caiado,Caiado,Pico,TRUE,Env,2022,Winter,FALSE
Caiado,Caiado,Pico,TRUE,Env,2023,Autumn,FALSE
Caiado,Caiado,Pico,TRUE,Env,2023,Spring,FALSE
Caiado,Caiado,Pico,TRUE,Env,2023,Summer,FALSE
Caiado,Caiado,Pico,TRUE,Env,2023,Winter,FALSE
Caiado,Caiado,Pico,TRUE,Env,2024,Autumn,TRUE
Caiado,Caiado,Pico,TRUE,Env,2024,Spring,TRUE
Caiado,Caiado,Pico,TRUE,Env,2024,Summer,TRUE
Caiado,Caiado,Pico,TRUE,Env,2024,Winter,TRUE
Caiado,Caiado,Pico,TRUE,Env,2025,Autumn,TRUE
Caiado,Caiado,Pico,TRUE,Env,2025,Spring,TRUE
Caiado,Caiado,Pico,TRUE,Env,2025,Summer,TRUE
Caiado,Caiado,Pico,TRUE,Env,2025,Winter,TRUE
Caiado,Caiado,Pico,TRUE,Macro,2003,Autumn,FALSE
Caiado,Caiado,Pico,TRUE,Macro,2003,Spring,FALSE
Caiado,Caiado,Pico,TRUE,Macro,2003,Summer,FALSE
Caiado,Caiado,Pico,TRUE,Macro,2003,Winter,FALSE
Caiado,Caiado,Pico,TRUE,Macro,2004,Autumn,TRUE
Caiado,Caiado,Pico,TRUE,Macro,2004,Spring,FALSE
Caiado,Caiado,Pico,TRUE,Macro,2004,Summer,FALSE
Caiado,Caiado,Pico,TRUE,Macro,2004,Winter,FALSE
Caiado,Caiado,Pico,TRUE,Macro,2005,Autumn,FALSE
Caiado,Caiado,Pico,TRUE,Macro,2005,Spring,TRUE
Caiado,Caiado,Pico,TRUE,Macro,2005,Summer,TRUE
Caiado,Caiado,Pico,TRUE,Macro,2005,Winter,TRUE
Caiado,Caiado,Pico,TRUE,Macro,2006,Autumn,FALSE
Caiado,Caiado,Pico,TRUE,Macro,2006,Spring,TRUE
Caiado,Caiado,Pico,TRUE,Macro,2006,Summer,FALSE
Caiado,Caiado,Pico,TRUE,Macro,2006,Winter,FALSE
Caiado,Caiado,Pico,TRUE,Macro,2007,Autumn,FALSE
Caiado,Caiado,Pico,TRUE,Macro,2007,Spring,FALSE
Caiado,Caiado,Pico,TRUE,Macro,2007,Summer,FALSE
Caiado,Caiado,Pico,TRUE,Macro,2007,Winter,FALSE
Caiado,Caiado,Pico,TRUE,Macro,2008,Autumn,TRUE
Caiado,Caiado,Pico,TRUE,Macro,2008,Spring,TRUE
Caiado,Caiado,Pico,TRUE,Macro,2008,Summer,TRUE
Caiado,Caiado,Pico,TRUE,Macro,2008,Winter,TRUE
Caiado,Caiado,Pico,TRUE,Macro,2009,Autumn,FALSE
Caiado,Caiado,Pico,TRUE,Macro,2009,Spring,FALSE
Caiado,Caiado,Pico,TRUE,Macro,2009,Summer,TRUE
Caiado,Caiado,Pico,TRUE,Macro,2009,Winter,TRUE
Caiado,Caiado,Pico,TRUE,Macro,2010,Autumn,TRUE
Caiado,Caiado,Pico,TRUE,Macro,2010,Spring,TRUE
Caiado,Caiado,Pico,TRUE,Macro,2010,Summer,TRUE
Caiado,Caiado,Pico,TRUE,Macro,2010,Winter,TRUE
Caiado,Caiado,Pico,TRUE,Macro,2011,Autumn,TRUE
Caiado,Caiado,Pico,TRUE,Macro,2011,Spring,TRUE
Caiado,Caiado,Pico,TRUE,Macro,2011,Summer,TRUE
Caiado,Caiado,Pico,TRUE,Macro,2011,Winter,TRUE
Caiado,Caiado,Pico,TRUE,Macro,2012,Autumn,TRUE
Caiado,Caiado,Pico,TRUE,Macro,2012,Spring,TRUE
Caiado,Caiado,Pico,TRUE,Macro,2012,Summer,TRUE
Caiado,Caiado,Pico,TRUE,Macro,2012,Winter,TRUE
Caiado,Caiado,Pico,TRUE,Macro,2013,Autumn,FALSE
Caiado,Caiado,Pico,TRUE,Macro,2013,Spring,FALSE
Caiado,Caiado,Pico,TRUE,Macro,2013,Summer,FALSE
Caiado,Caiado,Pico,TRUE,Macro,2013,Winter,FALSE
Caiado,Caiado,Pico,TRUE,Macro,2014,Autumn,FALSE
Caiado,Caiado,Pico,TRUE,Macro,2014,Spring,FALSE
Caiado,Caiado,Pico,TRUE,Macro,2014,Summer,FALSE
Caiado,Caiado,Pico,TRUE,Macro,2014,Winter,FALSE
Caiado,Caiado,Pico,TRUE,Macro,2015,Autumn,FALSE
Caiado,Caiado,Pico,TRUE,Macro,2015,Spring,FALSE
Caiado,Caiado,Pico,TRUE,Macro,2015,Summer,FALSE
Caiado,Caiado,Pico,TRUE,Macro,2015,Winter,FALSE
Caiado,Caiado,Pico,TRUE,Macro,2016,Autumn,FALSE
Caiado,Caiado,Pico,TRUE,Macro,2016,Spring,FALSE
Caiado,Caiado,Pico,TRUE,Macro,2016,Summer,FALSE
Caiado,Caiado,Pico,TRUE,Macro,2016,Winter,FALSE
Caiado,Caiado,Pico,TRUE,Macro,2017,Autumn,FALSE
Caiado,Caiado,Pico,TRUE,Macro,2017,Spring,FALSE
Caiado,Caiado,Pico,TRUE,Macro,2017,Summer,FALSE
Caiado,Caiado,Pico,TRUE,Macro,2017,Winter,FALSE
Caiado,Caiado,Pico,TRUE,Macro,2018,Autumn,FALSE
Caiado,Caiado,Pico,TRUE,Macro,2018,Spring,TRUE
Caiado,Caiado,Pico,TRUE,Macro,2018,Summer,FALSE
Caiado,Caiado,Pico,TRUE,Macro,2018,Winter,FALSE
Caiado,Caiado,Pico,TRUE,Macro,2019,Autumn,FALSE
Caiado,Caiado,Pico,TRUE,Macro,2019,Spring,FALSE
Caiado,Caiado,Pico,TRUE,Macro,2019,Summer,FALSE
Caiado,Caiado,Pico,TRUE,Macro,2019,Winter,FALSE
Caiado,Caiado,Pico,TRUE,Macro,2020,Autumn,FALSE
Caiado,Caiado,Pico,TRUE,Macro,2020,Spring,FALSE
Caiado,Caiado,Pico,TRUE,Macro,2020,Summer,FALSE
Caiado,Caiado,Pico,TRUE,Macro,2020,Winter,FALSE
Caiado,Caiado,Pico,TRUE,Macro,2021,Autumn,FALSE
Caiado,Caiado,Pico,TRUE,Macro,2021,Spring,FALSE
Caiado,Caiado,Pico,TRUE,Macro,2021,Summer,FALSE
Caiado,Caiado,Pico,TRUE,Macro,2021,Winter,FALSE
Caiado,Caiado,Pico,TRUE,Macro,2022,Autumn,FALSE
Caiado,Caiado,Pico,TRUE,Macro,2022,Spring,FALSE
Caiado,Caiado,Pico,TRUE,Macro,2022,Summer,FALSE
Caiado,Caiado,Pico,TRUE,Macro,2022,Winter,FALSE
Caiado,Caiado,Pico,TRUE,Macro,2023,Autumn,FALSE
Caiado,Caiado,Pico,TRUE,Macro,2023,Spring,FALSE
Caiado,Caiado,Pico,TRUE,Macro,2023,Summer,FALSE
Caiado,Caiado,Pico,TRUE,Macro,2023,Winter,FALSE
Caiado,Caiado,Pico,TRUE,Macro,2024,Autumn,TRUE
Caiado,Caiado,Pico,TRUE,Macro,2024,Spring,TRUE
Caiado,Caiado,Pico,TRUE,Macro,2024,Summer,TRUE
Caiado,Caiado,Pico,TRUE,Macro,2024,Winter,TRUE
Caiado,Caiado,Pico,TRUE,Macro,2025,Autumn,TRUE
Caiado,Caiado,Pico,TRUE,Macro,2025,Spring,TRUE
Caiado,Caiado,Pico,TRUE,Macro,2025,Summer,TRUE
Caiado,Caiado,Pico,TRUE,Macro,2025,Winter,TRUE
Caiado,Caiado,Pico,TRUE,Phyto,2003,Autumn,FALSE
Caiado,Caiado,Pico,TRUE,Phyto,2003,Spring,FALSE
Caiado,Caiado,Pico,TRUE,Phyto,2003,Summer,FALSE
Caiado,Caiado,Pico,TRUE,Phyto,2003,Winter,FALSE
Caiado,Caiado,Pico,TRUE,Phyto,2004,Autumn,TRUE
Caiado,Caiado,Pico,TRUE,Phyto,2004,Spring,FALSE
Caiado,Caiado,Pico,TRUE,Phyto,2004,Summer,FALSE
Caiado,Caiado,Pico,TRUE,Phyto,2004,Winter,FALSE
Caiado,Caiado,Pico,TRUE,Phyto,2005,Autumn,FALSE
Caiado,Caiado,Pico,TRUE,Phyto,2005,Spring,TRUE
Caiado,Caiado,Pico,TRUE,Phyto,2005,Summer,TRUE
Caiado,Caiado,Pico,TRUE,Phyto,2005,Winter,TRUE
Caiado,Caiado,Pico,TRUE,Phyto,2006,Autumn,TRUE
Caiado,Caiado,Pico,TRUE,Phyto,2006,Spring,TRUE
Caiado,Caiado,Pico,TRUE,Phyto,2006,Summer,TRUE
Caiado,Caiado,Pico,TRUE,Phyto,2006,Winter,TRUE
Caiado,Caiado,Pico,TRUE,Phyto,2007,Autumn,FALSE
Caiado,Caiado,Pico,TRUE,Phyto,2007,Spring,FALSE
Caiado,Caiado,Pico,TRUE,Phyto,2007,Summer,FALSE
Caiado,Caiado,Pico,TRUE,Phyto,2007,Winter,FALSE
Caiado,Caiado,Pico,TRUE,Phyto,2008,Autumn,TRUE
Caiado,Caiado,Pico,TRUE,Phyto,2008,Spring,TRUE
Caiado,Caiado,Pico,TRUE,Phyto,2008,Summer,TRUE
Caiado,Caiado,Pico,TRUE,Phyto,2008,Winter,TRUE
Caiado,Caiado,Pico,TRUE,Phyto,2009,Autumn,FALSE
Caiado,Caiado,Pico,TRUE,Phyto,2009,Spring,FALSE
Caiado,Caiado,Pico,TRUE,Phyto,2009,Summer,TRUE
Caiado,Caiado,Pico,TRUE,Phyto,2009,Winter,TRUE
Caiado,Caiado,Pico,TRUE,Phyto,2010,Autumn,TRUE
Caiado,Caiado,Pico,TRUE,Phyto,2010,Spring,TRUE
Caiado,Caiado,Pico,TRUE,Phyto,2010,Summer,TRUE
Caiado,Caiado,Pico,TRUE,Phyto,2010,Winter,TRUE
Caiado,Caiado,Pico,TRUE,Phyto,2011,Autumn,TRUE
Caiado,Caiado,Pico,TRUE,Phyto,2011,Spring,TRUE
Caiado,Caiado,Pico,TRUE,Phyto,2011,Summer,TRUE
Caiado,Caiado,Pico,TRUE,Phyto,2011,Winter,TRUE
Caiado,Caiado,Pico,TRUE,Phyto,2012,Autumn,TRUE
Caiado,Caiado,Pico,TRUE,Phyto,2012,Spring,TRUE
Caiado,Caiado,Pico,TRUE,Phyto,2012,Summer,TRUE
Caiado,Caiado,Pico,TRUE,Phyto,2012,Winter,TRUE
Caiado,Caiado,Pico,TRUE,Phyto,2013,Autumn,FALSE
Caiado,Caiado,Pico,TRUE,Phyto,2013,Spring,FALSE
Caiado,Caiado,Pico,TRUE,Phyto,2013,Summer,FALSE
Caiado,Caiado,Pico,TRUE,Phyto,2013,Winter,FALSE
Caiado,Caiado,Pico,TRUE,Phyto,2014,Autumn,FALSE
Caiado,Caiado,Pico,TRUE,Phyto,2014,Spring,FALSE
Caiado,Caiado,Pico,TRUE,Phyto,2014,Summer,FALSE
Caiado,Caiado,Pico,TRUE,Phyto,2014,Winter,FALSE
Caiado,Caiado,Pico,TRUE,Phyto,2015,Autumn,FALSE
Caiado,Caiado,Pico,TRUE,Phyto,2015,Spring,FALSE
Caiado,Caiado,Pico,TRUE,Phyto,2015,Summer,FALSE
Caiado,Caiado,Pico,TRUE,Phyto,2015,Winter,FALSE
Caiado,Caiado,Pico,TRUE,Phyto,2016,Autumn,FALSE
Caiado,Caiado,Pico,TRUE,Phyto,2016,Spring,FALSE
Caiado,Caiado,Pico,TRUE,Phyto,2016,Summer,FALSE
Caiado,Caiado,Pico,TRUE,Phyto,2016,Winter,FALSE
Caiado,Caiado,Pico,TRUE,Phyto,2017,Autumn,FALSE
Caiado,Caiado,Pico,TRUE,Phyto,2017,Spring,FALSE
Caiado,Caiado,Pico,TRUE,Phyto,2017,Summer,FALSE
Caiado,Caiado,Pico,TRUE,Phyto,2017,Winter,FALSE
Caiado,Caiado,Pico,TRUE,Phyto,2018,Autumn,TRUE
Caiado,Caiado,Pico,TRUE,Phyto,2018,Spring,TRUE
Caiado,Caiado,Pico,TRUE,Phyto,2018,Summer,TRUE
Caiado,Caiado,Pico,TRUE,Phyto,2018,Winter,TRUE
Caiado,Caiado,Pico,TRUE,Phyto,2019,Autumn,FALSE
Caiado,Caiado,Pico,TRUE,Phyto,2019,Spring,FALSE
Caiado,Caiado,Pico,TRUE,Phyto,2019,Summer,FALSE
Caiado,Caiado,Pico,TRUE,Phyto,2019,Winter,FALSE
Caiado,Caiado,Pico,TRUE,Phyto,2020,Autumn,FALSE
Caiado,Caiado,Pico,TRUE,Phyto,2020,Spring,FALSE
Caiado,Caiado,Pico,TRUE,Phyto,2020,Summer,FALSE
Caiado,Caiado,Pico,TRUE,Phyto,2020,Winter,FALSE
Caiado,Caiado,Pico,TRUE,Phyto,2021,Autumn,FALSE
Caiado,Caiado,Pico,TRUE,Phyto,2021,Spring,FALSE
Caiado,Caiado,Pico,TRUE,Phyto,2021,Summer,FALSE
Caiado,Caiado,Pico,TRUE,Phyto,2021,Winter,FALSE
Caiado,Caiado,Pico,TRUE,Phyto,2022,Autumn,FALSE
Caiado,Caiado,Pico,TRUE,Phyto,2022,Spring,FALSE
Caiado,Caiado,Pico,TRUE,Phyto,2022,Summer,FALSE
Caiado,Caiado,Pico,TRUE,Phyto,2022,Winter,FALSE
Caiado,Caiado,Pico,TRUE,Phyto,2023,Autumn,FALSE
Caiado,Caiado,Pico,TRUE,Phyto,2023,Spring,FALSE
Caiado,Caiado,Pico,TRUE,Phyto,2023,Summer,FALSE
Caiado,Caiado,Pico,TRUE,Phyto,2023,Winter,FALSE
Caiado,Caiado,Pico,TRUE,Phyto,2024,Autumn,TRUE
Caiado,Caiado,Pico,TRUE,Phyto,2024,Spring,TRUE
Caiado,Caiado,Pico,TRUE,Phyto,2024,Summer,TRUE
Caiado,Caiado,Pico,TRUE,Phyto,2024,Winter,TRUE
Caiado,Caiado,Pico,TRUE,Phyto,2025,Autumn,TRUE
Caiado,Caiado,Pico,TRUE,Phyto,2025,Spring,TRUE
Caiado,Caiado,Pico,TRUE,Phyto,2025,Summer,TRUE
Caiado,Caiado,Pico,TRUE,Phyto,2025,Winter,TRUE
Caiado,Caiado,Pico,TRUE,Zoo,2003,Autumn,FALSE
Caiado,Caiado,Pico,TRUE,Zoo,2003,Spring,FALSE
Caiado,Caiado,Pico,TRUE,Zoo,2003,Summer,FALSE
Caiado,Caiado,Pico,TRUE,Zoo,2003,Winter,FALSE
Caiado,Caiado,Pico,TRUE,Zoo,2004,Autumn,FALSE
Caiado,Caiado,Pico,TRUE,Zoo,2004,Spring,FALSE
Caiado,Caiado,Pico,TRUE,Zoo,2004,Summer,FALSE
Caiado,Caiado,Pico,TRUE,Zoo,2004,Winter,FALSE
Caiado,Caiado,Pico,TRUE,Zoo,2005,Autumn,FALSE
Caiado,Caiado,Pico,TRUE,Zoo,2005,Spring,FALSE
Caiado,Caiado,Pico,TRUE,Zoo,2005,Summer,FALSE
Caiado,Caiado,Pico,TRUE,Zoo,2005,Winter,FALSE
Caiado,Caiado,Pico,TRUE,Zoo,2006,Autumn,FALSE
Caiado,Caiado,Pico,TRUE,Zoo,2006,Spring,FALSE
Caiado,Caiado,Pico,TRUE,Zoo,2006,Summer,FALSE
Caiado,Caiado,Pico,TRUE,Zoo,2006,Winter,FALSE
Caiado,Caiado,Pico,TRUE,Zoo,2007,Autumn,FALSE
Caiado,Caiado,Pico,TRUE,Zoo,2007,Spring,FALSE
Caiado,Caiado,Pico,TRUE,Zoo,2007,Summer,FALSE
Caiado,Caiado,Pico,TRUE,Zoo,2007,Winter,FALSE
Caiado,Caiado,Pico,TRUE,Zoo,2008,Autumn,FALSE
Caiado,Caiado,Pico,TRUE,Zoo,2008,Spring,FALSE
Caiado,Caiado,Pico,TRUE,Zoo,2008,Summer,FALSE
Caiado,Caiado,Pico,TRUE,Zoo,2008,Winter,FALSE
Caiado,Caiado,Pico,TRUE,Zoo,2009,Autumn,FALSE
Caiado,Caiado,Pico,TRUE,Zoo,2009,Spring,FALSE
Caiado,Caiado,Pico,TRUE,Zoo,2009,Summer,FALSE
Caiado,Caiado,Pico,TRUE,Zoo,2009,Winter,FALSE
Caiado,Caiado,Pico,TRUE,Zoo,2010,Autumn,FALSE
Caiado,Caiado,Pico,TRUE,Zoo,2010,Spring,FALSE
Caiado,Caiado,Pico,TRUE,Zoo,2010,Summer,FALSE
Caiado,Caiado,Pico,TRUE,Zoo,2010,Winter,FALSE
Caiado,Caiado,Pico,TRUE,Zoo,2011,Autumn,FALSE
Caiado,Caiado,Pico,TRUE,Zoo,2011,Spring,FALSE
Caiado,Caiado,Pico,TRUE,Zoo,2011,Summer,TRUE
Caiado,Caiado,Pico,TRUE,Zoo,2011,Winter,FALSE
Caiado,Caiado,Pico,TRUE,Zoo,2012,Autumn,FALSE
Caiado,Caiado,Pico,TRUE,Zoo,2012,Spring,FALSE
Caiado,Caiado,Pico,TRUE,Zoo,2012,Summer,FALSE
Caiado,Caiado,Pico,TRUE,Zoo,2012,Winter,FALSE
Caiado,Caiado,Pico,TRUE,Zoo,2013,Autumn,FALSE
Caiado,Caiado,Pico,TRUE,Zoo,2013,Spring,FALSE
Caiado,Caiado,Pico,TRUE,Zoo,2013,Summer,FALSE
Caiado,Caiado,Pico,TRUE,Zoo,2013,Winter,FALSE
Caiado,Caiado,Pico,TRUE,Zoo,2014,Autumn,FALSE
Caiado,Caiado,Pico,TRUE,Zoo,2014,Spring,FALSE
Caiado,Caiado,Pico,TRUE,Zoo,2014,Summer,FALSE
Caiado,Caiado,Pico,TRUE,Zoo,2014,Winter,FALSE
Caiado,Caiado,Pico,TRUE,Zoo,2015,Autumn,FALSE
Caiado,Caiado,Pico,TRUE,Zoo,2015,Spring,FALSE
Caiado,Caiado,Pico,TRUE,Zoo,2015,Summer,FALSE
Caiado,Caiado,Pico,TRUE,Zoo,2015,Winter,FALSE
Caiado,Caiado,Pico,TRUE,Zoo,2016,Autumn,FALSE
Caiado,Caiado,Pico,TRUE,Zoo,2016,Spring,FALSE
Caiado,Caiado,Pico,TRUE,Zoo,2016,Summer,FALSE
Caiado,Caiado,Pico,TRUE,Zoo,2016,Winter,FALSE
Caiado,Caiado,Pico,TRUE,Zoo,2017,Autumn,FALSE
Caiado,Caiado,Pico,TRUE,Zoo,2017,Spring,FALSE
Caiado,Caiado,Pico,TRUE,Zoo,2017,Summer,FALSE
Caiado,Caiado,Pico,TRUE,Zoo,2017,Winter,FALSE
Caiado,Caiado,Pico,TRUE,Zoo,2018,Autumn,FALSE
Caiado,Caiado,Pico,TRUE,Zoo,2018,Spring,FALSE
Caiado,Caiado,Pico,TRUE,Zoo,2018,Summer,FALSE
Caiado,Caiado,Pico,TRUE,Zoo,2018,Winter,FALSE
Caiado,Caiado,Pico,TRUE,Zoo,2019,Autumn,FALSE
Caiado,Caiado,Pico,TRUE,Zoo,2019,Spring,FALSE
Caiado,Caiado,Pico,TRUE,Zoo,2019,Summer,FALSE
Caiado,Caiado,Pico,TRUE,Zoo,2019,Winter,FALSE
Caiado,Caiado,Pico,TRUE,Zoo,2020,Autumn,FALSE
Caiado,Caiado,Pico,TRUE,Zoo,2020,Spring,FALSE
Caiado,Caiado,Pico,TRUE,Zoo,2020,Summer,FALSE
Caiado,Caiado,Pico,TRUE,Zoo,2020,Winter,FALSE
Caiado,Caiado,Pico,TRUE,Zoo,2021,Autumn,FALSE
Caiado,Caiado,Pico,TRUE,Zoo,2021,Spring,FALSE
Caiado,Caiado,Pico,TRUE,Zoo,2021,Summer,FALSE
Caiado,Caiado,Pico,TRUE,Zoo,2021,Winter,FALSE
Caiado,Caiado,Pico,TRUE,Zoo,2022,Autumn,FALSE
Caiado,Caiado,Pico,TRUE,Zoo,2022,Spring,FALSE
Caiado,Caiado,Pico,TRUE,Zoo,2022,Summer,FALSE
Caiado,Caiado,Pico,TRUE,Zoo,2022,Winter,FALSE
Caiado,Caiado,Pico,TRUE,Zoo,2023,Autumn,FALSE
Caiado,Caiado,Pico,TRUE,Zoo,2023,Spring,FALSE
Caiado,Caiado,Pico,TRUE,Zoo,2023,Summer,FALSE
Caiado,Caiado,Pico,TRUE,Zoo,2023,Winter,FALSE
Caiado,Caiado,Pico,TRUE,Zoo,2024,Autumn,FALSE
Caiado,Caiado,Pico,TRUE,Zoo,2024,Spring,FALSE
Caiado,Caiado,Pico,TRUE,Zoo,2024,Summer,FALSE
Caiado,Caiado,Pico,TRUE,Zoo,2024,Winter,FALSE
Caiado,Caiado,Pico,TRUE,Zoo,2025,Autumn,FALSE
Caiado,Caiado,Pico,TRUE,Zoo,2025,Spring,TRUE
Caiado,Caiado,Pico,TRUE,Zoo,2025,Summer,FALSE
Caiado,Caiado,Pico,TRUE,Zoo,2025,Winter,FALSE
Caldeirao,Caldeirão,Corvo,TRUE,Diatom,2003,Autumn,FALSE
Caldeirao,Caldeirão,Corvo,TRUE,Diatom,2003,Spring,FALSE
Caldeirao,Caldeirão,Corvo,TRUE,Diatom,2003,Summer,FALSE
Caldeirao,Caldeirão,Corvo,TRUE,Diatom,2003,Winter,FALSE
Caldeirao,Caldeirão,Corvo,TRUE,Diatom,2004,Autumn,FALSE
Caldeirao,Caldeirão,Corvo,TRUE,Diatom,2004,Spring,FALSE
Caldeirao,Caldeirão,Corvo,TRUE,Diatom,2004,Summer,FALSE
Caldeirao,Caldeirão,Corvo,TRUE,Diatom,2004,Winter,FALSE
Caldeirao,Caldeirão,Corvo,TRUE,Diatom,2005,Autumn,FALSE
Caldeirao,Caldeirão,Corvo,TRUE,Diatom,2005,Spring,FALSE
Caldeirao,Caldeirão,Corvo,TRUE,Diatom,2005,Summer,FALSE
Caldeirao,Caldeirão,Corvo,TRUE,Diatom,2005,Winter,FALSE
Caldeirao,Caldeirão,Corvo,TRUE,Diatom,2006,Autumn,FALSE
Caldeirao,Caldeirão,Corvo,TRUE,Diatom,2006,Spring,TRUE
Caldeirao,Caldeirão,Corvo,TRUE,Diatom,2006,Summer,TRUE
Caldeirao,Caldeirão,Corvo,TRUE,Diatom,2006,Winter,TRUE
Caldeirao,Caldeirão,Corvo,TRUE,Diatom,2007,Autumn,FALSE
Caldeirao,Caldeirão,Corvo,TRUE,Diatom,2007,Spring,FALSE
Caldeirao,Caldeirão,Corvo,TRUE,Diatom,2007,Summer,FALSE
Caldeirao,Caldeirão,Corvo,TRUE,Diatom,2007,Winter,FALSE
Caldeirao,Caldeirão,Corvo,TRUE,Diatom,2008,Autumn,TRUE
Caldeirao,Caldeirão,Corvo,TRUE,Diatom,2008,Spring,TRUE
Caldeirao,Caldeirão,Corvo,TRUE,Diatom,2008,Summer,FALSE
Caldeirao,Caldeirão,Corvo,TRUE,Diatom,2008,Winter,FALSE
Caldeirao,Caldeirão,Corvo,TRUE,Diatom,2009,Autumn,FALSE
Caldeirao,Caldeirão,Corvo,TRUE,Diatom,2009,Spring,TRUE
Caldeirao,Caldeirão,Corvo,TRUE,Diatom,2009,Summer,TRUE
Caldeirao,Caldeirão,Corvo,TRUE,Diatom,2009,Winter,FALSE
Caldeirao,Caldeirão,Corvo,TRUE,Diatom,2010,Autumn,FALSE
Caldeirao,Caldeirão,Corvo,TRUE,Diatom,2010,Spring,TRUE
Caldeirao,Caldeirão,Corvo,TRUE,Diatom,2010,Summer,FALSE
Caldeirao,Caldeirão,Corvo,TRUE,Diatom,2010,Winter,FALSE
Caldeirao,Caldeirão,Corvo,TRUE,Diatom,2011,Autumn,TRUE
Caldeirao,Caldeirão,Corvo,TRUE,Diatom,2011,Spring,TRUE
Caldeirao,Caldeirão,Corvo,TRUE,Diatom,2011,Summer,TRUE
Caldeirao,Caldeirão,Corvo,TRUE,Diatom,2011,Winter,TRUE
Caldeirao,Caldeirão,Corvo,TRUE,Diatom,2012,Autumn,TRUE
Caldeirao,Caldeirão,Corvo,TRUE,Diatom,2012,Spring,TRUE
Caldeirao,Caldeirão,Corvo,TRUE,Diatom,2012,Summer,TRUE
Caldeirao,Caldeirão,Corvo,TRUE,Diatom,2012,Winter,TRUE
Caldeirao,Caldeirão,Corvo,TRUE,Diatom,2013,Autumn,FALSE
Caldeirao,Caldeirão,Corvo,TRUE,Diatom,2013,Spring,FALSE
Caldeirao,Caldeirão,Corvo,TRUE,Diatom,2013,Summer,FALSE
Caldeirao,Caldeirão,Corvo,TRUE,Diatom,2013,Winter,FALSE
Caldeirao,Caldeirão,Corvo,TRUE,Diatom,2014,Autumn,FALSE
Caldeirao,Caldeirão,Corvo,TRUE,Diatom,2014,Spring,FALSE
Caldeirao,Caldeirão,Corvo,TRUE,Diatom,2014,Summer,FALSE
Caldeirao,Caldeirão,Corvo,TRUE,Diatom,2014,Winter,FALSE
Caldeirao,Caldeirão,Corvo,TRUE,Diatom,2015,Autumn,TRUE
Caldeirao,Caldeirão,Corvo,TRUE,Diatom,2015,Spring,FALSE
Caldeirao,Caldeirão,Corvo,TRUE,Diatom,2015,Summer,FALSE
Caldeirao,Caldeirão,Corvo,TRUE,Diatom,2015,Winter,FALSE
Caldeirao,Caldeirão,Corvo,TRUE,Diatom,2016,Autumn,TRUE
Caldeirao,Caldeirão,Corvo,TRUE,Diatom,2016,Spring,TRUE
Caldeirao,Caldeirão,Corvo,TRUE,Diatom,2016,Summer,TRUE
Caldeirao,Caldeirão,Corvo,TRUE,Diatom,2016,Winter,FALSE
Caldeirao,Caldeirão,Corvo,TRUE,Diatom,2017,Autumn,TRUE
Caldeirao,Caldeirão,Corvo,TRUE,Diatom,2017,Spring,FALSE
Caldeirao,Caldeirão,Corvo,TRUE,Diatom,2017,Summer,FALSE
Caldeirao,Caldeirão,Corvo,TRUE,Diatom,2017,Winter,TRUE
Caldeirao,Caldeirão,Corvo,TRUE,Diatom,2018,Autumn,FALSE
Caldeirao,Caldeirão,Corvo,TRUE,Diatom,2018,Spring,TRUE
Caldeirao,Caldeirão,Corvo,TRUE,Diatom,2018,Summer,FALSE
Caldeirao,Caldeirão,Corvo,TRUE,Diatom,2018,Winter,TRUE
Caldeirao,Caldeirão,Corvo,TRUE,Diatom,2019,Autumn,FALSE
Caldeirao,Caldeirão,Corvo,TRUE,Diatom,2019,Spring,FALSE
Caldeirao,Caldeirão,Corvo,TRUE,Diatom,2019,Summer,FALSE
Caldeirao,Caldeirão,Corvo,TRUE,Diatom,2019,Winter,FALSE
Caldeirao,Caldeirão,Corvo,TRUE,Diatom,2020,Autumn,FALSE
Caldeirao,Caldeirão,Corvo,TRUE,Diatom,2020,Spring,FALSE
Caldeirao,Caldeirão,Corvo,TRUE,Diatom,2020,Summer,FALSE
Caldeirao,Caldeirão,Corvo,TRUE,Diatom,2020,Winter,FALSE
Caldeirao,Caldeirão,Corvo,TRUE,Diatom,2021,Autumn,FALSE
Caldeirao,Caldeirão,Corvo,TRUE,Diatom,2021,Spring,FALSE
Caldeirao,Caldeirão,Corvo,TRUE,Diatom,2021,Summer,FALSE
Caldeirao,Caldeirão,Corvo,TRUE,Diatom,2021,Winter,FALSE
Caldeirao,Caldeirão,Corvo,TRUE,Diatom,2022,Autumn,FALSE
Caldeirao,Caldeirão,Corvo,TRUE,Diatom,2022,Spring,FALSE
Caldeirao,Caldeirão,Corvo,TRUE,Diatom,2022,Summer,FALSE
Caldeirao,Caldeirão,Corvo,TRUE,Diatom,2022,Winter,FALSE
Caldeirao,Caldeirão,Corvo,TRUE,Diatom,2023,Autumn,FALSE
Caldeirao,Caldeirão,Corvo,TRUE,Diatom,2023,Spring,FALSE
Caldeirao,Caldeirão,Corvo,TRUE,Diatom,2023,Summer,FALSE
Caldeirao,Caldeirão,Corvo,TRUE,Diatom,2023,Winter,FALSE
Caldeirao,Caldeirão,Corvo,TRUE,Diatom,2024,Autumn,TRUE
Caldeirao,Caldeirão,Corvo,TRUE,Diatom,2024,Spring,TRUE
Caldeirao,Caldeirão,Corvo,TRUE,Diatom,2024,Summer,TRUE
Caldeirao,Caldeirão,Corvo,TRUE,Diatom,2024,Winter,TRUE
Caldeirao,Caldeirão,Corvo,TRUE,Diatom,2025,Autumn,FALSE
Caldeirao,Caldeirão,Corvo,TRUE,Diatom,2025,Spring,TRUE
Caldeirao,Caldeirão,Corvo,TRUE,Diatom,2025,Summer,TRUE
Caldeirao,Caldeirão,Corvo,TRUE,Diatom,2025,Winter,TRUE
Caldeirao,Caldeirão,Corvo,TRUE,Env,2003,Autumn,FALSE
Caldeirao,Caldeirão,Corvo,TRUE,Env,2003,Spring,FALSE
Caldeirao,Caldeirão,Corvo,TRUE,Env,2003,Summer,FALSE
Caldeirao,Caldeirão,Corvo,TRUE,Env,2003,Winter,FALSE
Caldeirao,Caldeirão,Corvo,TRUE,Env,2004,Autumn,FALSE
Caldeirao,Caldeirão,Corvo,TRUE,Env,2004,Spring,FALSE
Caldeirao,Caldeirão,Corvo,TRUE,Env,2004,Summer,FALSE
Caldeirao,Caldeirão,Corvo,TRUE,Env,2004,Winter,FALSE
Caldeirao,Caldeirão,Corvo,TRUE,Env,2005,Autumn,FALSE
Caldeirao,Caldeirão,Corvo,TRUE,Env,2005,Spring,FALSE
Caldeirao,Caldeirão,Corvo,TRUE,Env,2005,Summer,FALSE
Caldeirao,Caldeirão,Corvo,TRUE,Env,2005,Winter,FALSE
Caldeirao,Caldeirão,Corvo,TRUE,Env,2006,Autumn,FALSE
Caldeirao,Caldeirão,Corvo,TRUE,Env,2006,Spring,TRUE
Caldeirao,Caldeirão,Corvo,TRUE,Env,2006,Summer,TRUE
Caldeirao,Caldeirão,Corvo,TRUE,Env,2006,Winter,TRUE
Caldeirao,Caldeirão,Corvo,TRUE,Env,2007,Autumn,FALSE
Caldeirao,Caldeirão,Corvo,TRUE,Env,2007,Spring,FALSE
Caldeirao,Caldeirão,Corvo,TRUE,Env,2007,Summer,FALSE
Caldeirao,Caldeirão,Corvo,TRUE,Env,2007,Winter,FALSE
Caldeirao,Caldeirão,Corvo,TRUE,Env,2008,Autumn,TRUE
Caldeirao,Caldeirão,Corvo,TRUE,Env,2008,Spring,TRUE
Caldeirao,Caldeirão,Corvo,TRUE,Env,2008,Summer,FALSE
Caldeirao,Caldeirão,Corvo,TRUE,Env,2008,Winter,TRUE
Caldeirao,Caldeirão,Corvo,TRUE,Env,2009,Autumn,FALSE
Caldeirao,Caldeirão,Corvo,TRUE,Env,2009,Spring,FALSE
Caldeirao,Caldeirão,Corvo,TRUE,Env,2009,Summer,FALSE
Caldeirao,Caldeirão,Corvo,TRUE,Env,2009,Winter,TRUE
Caldeirao,Caldeirão,Corvo,TRUE,Env,2010,Autumn,TRUE
Caldeirao,Caldeirão,Corvo,TRUE,Env,2010,Spring,TRUE
Caldeirao,Caldeirão,Corvo,TRUE,Env,2010,Summer,TRUE
Caldeirao,Caldeirão,Corvo,TRUE,Env,2010,Winter,TRUE
Caldeirao,Caldeirão,Corvo,TRUE,Env,2011,Autumn,TRUE
Caldeirao,Caldeirão,Corvo,TRUE,Env,2011,Spring,TRUE
Caldeirao,Caldeirão,Corvo,TRUE,Env,2011,Summer,TRUE
Caldeirao,Caldeirão,Corvo,TRUE,Env,2011,Winter,TRUE
Caldeirao,Caldeirão,Corvo,TRUE,Env,2012,Autumn,TRUE
Caldeirao,Caldeirão,Corvo,TRUE,Env,2012,Spring,TRUE
Caldeirao,Caldeirão,Corvo,TRUE,Env,2012,Summer,TRUE
Caldeirao,Caldeirão,Corvo,TRUE,Env,2012,Winter,TRUE
Caldeirao,Caldeirão,Corvo,TRUE,Env,2013,Autumn,FALSE
Caldeirao,Caldeirão,Corvo,TRUE,Env,2013,Spring,FALSE
Caldeirao,Caldeirão,Corvo,TRUE,Env,2013,Summer,FALSE
Caldeirao,Caldeirão,Corvo,TRUE,Env,2013,Winter,FALSE
Caldeirao,Caldeirão,Corvo,TRUE,Env,2014,Autumn,FALSE
Caldeirao,Caldeirão,Corvo,TRUE,Env,2014,Spring,FALSE
Caldeirao,Caldeirão,Corvo,TRUE,Env,2014,Summer,FALSE
Caldeirao,Caldeirão,Corvo,TRUE,Env,2014,Winter,FALSE
Caldeirao,Caldeirão,Corvo,TRUE,Env,2015,Autumn,FALSE
Caldeirao,Caldeirão,Corvo,TRUE,Env,2015,Spring,FALSE
Caldeirao,Caldeirão,Corvo,TRUE,Env,2015,Summer,FALSE
Caldeirao,Caldeirão,Corvo,TRUE,Env,2015,Winter,FALSE
Caldeirao,Caldeirão,Corvo,TRUE,Env,2016,Autumn,FALSE
Caldeirao,Caldeirão,Corvo,TRUE,Env,2016,Spring,FALSE
Caldeirao,Caldeirão,Corvo,TRUE,Env,2016,Summer,FALSE
Caldeirao,Caldeirão,Corvo,TRUE,Env,2016,Winter,FALSE
Caldeirao,Caldeirão,Corvo,TRUE,Env,2017,Autumn,FALSE
Caldeirao,Caldeirão,Corvo,TRUE,Env,2017,Spring,FALSE
Caldeirao,Caldeirão,Corvo,TRUE,Env,2017,Summer,FALSE
Caldeirao,Caldeirão,Corvo,TRUE,Env,2017,Winter,FALSE
Caldeirao,Caldeirão,Corvo,TRUE,Env,2018,Autumn,FALSE
Caldeirao,Caldeirão,Corvo,TRUE,Env,2018,Spring,TRUE
Caldeirao,Caldeirão,Corvo,TRUE,Env,2018,Summer,FALSE
Caldeirao,Caldeirão,Corvo,TRUE,Env,2018,Winter,FALSE
Caldeirao,Caldeirão,Corvo,TRUE,Env,2019,Autumn,FALSE
Caldeirao,Caldeirão,Corvo,TRUE,Env,2019,Spring,FALSE
Caldeirao,Caldeirão,Corvo,TRUE,Env,2019,Summer,FALSE
Caldeirao,Caldeirão,Corvo,TRUE,Env,2019,Winter,FALSE
Caldeirao,Caldeirão,Corvo,TRUE,Env,2020,Autumn,FALSE
Caldeirao,Caldeirão,Corvo,TRUE,Env,2020,Spring,FALSE
Caldeirao,Caldeirão,Corvo,TRUE,Env,2020,Summer,FALSE
Caldeirao,Caldeirão,Corvo,TRUE,Env,2020,Winter,FALSE
Caldeirao,Caldeirão,Corvo,TRUE,Env,2021,Autumn,FALSE
Caldeirao,Caldeirão,Corvo,TRUE,Env,2021,Spring,FALSE
Caldeirao,Caldeirão,Corvo,TRUE,Env,2021,Summer,FALSE
Caldeirao,Caldeirão,Corvo,TRUE,Env,2021,Winter,FALSE
Caldeirao,Caldeirão,Corvo,TRUE,Env,2022,Autumn,FALSE
Caldeirao,Caldeirão,Corvo,TRUE,Env,2022,Spring,FALSE
Caldeirao,Caldeirão,Corvo,TRUE,Env,2022,Summer,FALSE
Caldeirao,Caldeirão,Corvo,TRUE,Env,2022,Winter,FALSE
Caldeirao,Caldeirão,Corvo,TRUE,Env,2023,Autumn,FALSE
Caldeirao,Caldeirão,Corvo,TRUE,Env,2023,Spring,FALSE
Caldeirao,Caldeirão,Corvo,TRUE,Env,2023,Summer,FALSE
Caldeirao,Caldeirão,Corvo,TRUE,Env,2023,Winter,FALSE
Caldeirao,Caldeirão,Corvo,TRUE,Env,2024,Autumn,TRUE
Caldeirao,Caldeirão,Corvo,TRUE,Env,2024,Spring,TRUE
Caldeirao,Caldeirão,Corvo,TRUE,Env,2024,Summer,TRUE
Caldeirao,Caldeirão,Corvo,TRUE,Env,2024,Winter,TRUE
Caldeirao,Caldeirão,Corvo,TRUE,Env,2025,Autumn,FALSE
Caldeirao,Caldeirão,Corvo,TRUE,Env,2025,Spring,TRUE
Caldeirao,Caldeirão,Corvo,TRUE,Env,2025,Summer,TRUE
Caldeirao,Caldeirão,Corvo,TRUE,Env,2025,Winter,TRUE
Caldeirao,Caldeirão,Corvo,TRUE,Macro,2003,Autumn,FALSE
Caldeirao,Caldeirão,Corvo,TRUE,Macro,2003,Spring,FALSE
Caldeirao,Caldeirão,Corvo,TRUE,Macro,2003,Summer,FALSE
Caldeirao,Caldeirão,Corvo,TRUE,Macro,2003,Winter,FALSE
Caldeirao,Caldeirão,Corvo,TRUE,Macro,2004,Autumn,FALSE
Caldeirao,Caldeirão,Corvo,TRUE,Macro,2004,Spring,FALSE
Caldeirao,Caldeirão,Corvo,TRUE,Macro,2004,Summer,FALSE
Caldeirao,Caldeirão,Corvo,TRUE,Macro,2004,Winter,FALSE
Caldeirao,Caldeirão,Corvo,TRUE,Macro,2005,Autumn,FALSE
Caldeirao,Caldeirão,Corvo,TRUE,Macro,2005,Spring,FALSE
Caldeirao,Caldeirão,Corvo,TRUE,Macro,2005,Summer,FALSE
Caldeirao,Caldeirão,Corvo,TRUE,Macro,2005,Winter,FALSE
Caldeirao,Caldeirão,Corvo,TRUE,Macro,2006,Autumn,FALSE
Caldeirao,Caldeirão,Corvo,TRUE,Macro,2006,Spring,TRUE
Caldeirao,Caldeirão,Corvo,TRUE,Macro,2006,Summer,FALSE
Caldeirao,Caldeirão,Corvo,TRUE,Macro,2006,Winter,TRUE
Caldeirao,Caldeirão,Corvo,TRUE,Macro,2007,Autumn,FALSE
Caldeirao,Caldeirão,Corvo,TRUE,Macro,2007,Spring,FALSE
Caldeirao,Caldeirão,Corvo,TRUE,Macro,2007,Summer,FALSE
Caldeirao,Caldeirão,Corvo,TRUE,Macro,2007,Winter,FALSE
Caldeirao,Caldeirão,Corvo,TRUE,Macro,2008,Autumn,TRUE
Caldeirao,Caldeirão,Corvo,TRUE,Macro,2008,Spring,TRUE
Caldeirao,Caldeirão,Corvo,TRUE,Macro,2008,Summer,FALSE
Caldeirao,Caldeirão,Corvo,TRUE,Macro,2008,Winter,FALSE
Caldeirao,Caldeirão,Corvo,TRUE,Macro,2009,Autumn,FALSE
Caldeirao,Caldeirão,Corvo,TRUE,Macro,2009,Spring,FALSE
Caldeirao,Caldeirão,Corvo,TRUE,Macro,2009,Summer,TRUE
Caldeirao,Caldeirão,Corvo,TRUE,Macro,2009,Winter,TRUE
Caldeirao,Caldeirão,Corvo,TRUE,Macro,2010,Autumn,FALSE
Caldeirao,Caldeirão,Corvo,TRUE,Macro,2010,Spring,FALSE
Caldeirao,Caldeirão,Corvo,TRUE,Macro,2010,Summer,TRUE
Caldeirao,Caldeirão,Corvo,TRUE,Macro,2010,Winter,TRUE
Caldeirao,Caldeirão,Corvo,TRUE,Macro,2011,Autumn,TRUE
Caldeirao,Caldeirão,Corvo,TRUE,Macro,2011,Spring,TRUE
Caldeirao,Caldeirão,Corvo,TRUE,Macro,2011,Summer,TRUE
Caldeirao,Caldeirão,Corvo,TRUE,Macro,2011,Winter,TRUE
Caldeirao,Caldeirão,Corvo,TRUE,Macro,2012,Autumn,TRUE
Caldeirao,Caldeirão,Corvo,TRUE,Macro,2012,Spring,TRUE
Caldeirao,Caldeirão,Corvo,TRUE,Macro,2012,Summer,TRUE
Caldeirao,Caldeirão,Corvo,TRUE,Macro,2012,Winter,TRUE
Caldeirao,Caldeirão,Corvo,TRUE,Macro,2013,Autumn,FALSE
Caldeirao,Caldeirão,Corvo,TRUE,Macro,2013,Spring,FALSE
Caldeirao,Caldeirão,Corvo,TRUE,Macro,2013,Summer,FALSE
Caldeirao,Caldeirão,Corvo,TRUE,Macro,2013,Winter,FALSE
Caldeirao,Caldeirão,Corvo,TRUE,Macro,2014,Autumn,FALSE
Caldeirao,Caldeirão,Corvo,TRUE,Macro,2014,Spring,FALSE
Caldeirao,Caldeirão,Corvo,TRUE,Macro,2014,Summer,FALSE
Caldeirao,Caldeirão,Corvo,TRUE,Macro,2014,Winter,FALSE
Caldeirao,Caldeirão,Corvo,TRUE,Macro,2015,Autumn,FALSE
Caldeirao,Caldeirão,Corvo,TRUE,Macro,2015,Spring,FALSE
Caldeirao,Caldeirão,Corvo,TRUE,Macro,2015,Summer,FALSE
Caldeirao,Caldeirão,Corvo,TRUE,Macro,2015,Winter,FALSE
Caldeirao,Caldeirão,Corvo,TRUE,Macro,2016,Autumn,FALSE
Caldeirao,Caldeirão,Corvo,TRUE,Macro,2016,Spring,FALSE
Caldeirao,Caldeirão,Corvo,TRUE,Macro,2016,Summer,FALSE
Caldeirao,Caldeirão,Corvo,TRUE,Macro,2016,Winter,FALSE
Caldeirao,Caldeirão,Corvo,TRUE,Macro,2017,Autumn,FALSE
Caldeirao,Caldeirão,Corvo,TRUE,Macro,2017,Spring,FALSE
Caldeirao,Caldeirão,Corvo,TRUE,Macro,2017,Summer,FALSE
Caldeirao,Caldeirão,Corvo,TRUE,Macro,2017,Winter,FALSE
Caldeirao,Caldeirão,Corvo,TRUE,Macro,2018,Autumn,FALSE
Caldeirao,Caldeirão,Corvo,TRUE,Macro,2018,Spring,TRUE
Caldeirao,Caldeirão,Corvo,TRUE,Macro,2018,Summer,FALSE
Caldeirao,Caldeirão,Corvo,TRUE,Macro,2018,Winter,FALSE
Caldeirao,Caldeirão,Corvo,TRUE,Macro,2019,Autumn,FALSE
Caldeirao,Caldeirão,Corvo,TRUE,Macro,2019,Spring,FALSE
Caldeirao,Caldeirão,Corvo,TRUE,Macro,2019,Summer,FALSE
Caldeirao,Caldeirão,Corvo,TRUE,Macro,2019,Winter,FALSE
Caldeirao,Caldeirão,Corvo,TRUE,Macro,2020,Autumn,FALSE
Caldeirao,Caldeirão,Corvo,TRUE,Macro,2020,Spring,FALSE
Caldeirao,Caldeirão,Corvo,TRUE,Macro,2020,Summer,FALSE
Caldeirao,Caldeirão,Corvo,TRUE,Macro,2020,Winter,FALSE
Caldeirao,Caldeirão,Corvo,TRUE,Macro,2021,Autumn,FALSE
Caldeirao,Caldeirão,Corvo,TRUE,Macro,2021,Spring,FALSE
Caldeirao,Caldeirão,Corvo,TRUE,Macro,2021,Summer,FALSE
Caldeirao,Caldeirão,Corvo,TRUE,Macro,2021,Winter,FALSE
Caldeirao,Caldeirão,Corvo,TRUE,Macro,2022,Autumn,FALSE
Caldeirao,Caldeirão,Corvo,TRUE,Macro,2022,Spring,FALSE
Caldeirao,Caldeirão,Corvo,TRUE,Macro,2022,Summer,FALSE
Caldeirao,Caldeirão,Corvo,TRUE,Macro,2022,Winter,FALSE
Caldeirao,Caldeirão,Corvo,TRUE,Macro,2023,Autumn,FALSE
Caldeirao,Caldeirão,Corvo,TRUE,Macro,2023,Spring,FALSE
Caldeirao,Caldeirão,Corvo,TRUE,Macro,2023,Summer,FALSE
Caldeirao,Caldeirão,Corvo,TRUE,Macro,2023,Winter,FALSE
Caldeirao,Caldeirão,Corvo,TRUE,Macro,2024,Autumn,TRUE
Caldeirao,Caldeirão,Corvo,TRUE,Macro,2024,Spring,TRUE
Caldeirao,Caldeirão,Corvo,TRUE,Macro,2024,Summer,TRUE
Caldeirao,Caldeirão,Corvo,TRUE,Macro,2024,Winter,TRUE
Caldeirao,Caldeirão,Corvo,TRUE,Macro,2025,Autumn,FALSE
Caldeirao,Caldeirão,Corvo,TRUE,Macro,2025,Spring,TRUE
Caldeirao,Caldeirão,Corvo,TRUE,Macro,2025,Summer,TRUE
Caldeirao,Caldeirão,Corvo,TRUE,Macro,2025,Winter,TRUE
Caldeirao,Caldeirão,Corvo,TRUE,Phyto,2003,Autumn,FALSE
Caldeirao,Caldeirão,Corvo,TRUE,Phyto,2003,Spring,FALSE
Caldeirao,Caldeirão,Corvo,TRUE,Phyto,2003,Summer,FALSE
Caldeirao,Caldeirão,Corvo,TRUE,Phyto,2003,Winter,FALSE
Caldeirao,Caldeirão,Corvo,TRUE,Phyto,2004,Autumn,FALSE
Caldeirao,Caldeirão,Corvo,TRUE,Phyto,2004,Spring,FALSE
Caldeirao,Caldeirão,Corvo,TRUE,Phyto,2004,Summer,FALSE
Caldeirao,Caldeirão,Corvo,TRUE,Phyto,2004,Winter,FALSE
Caldeirao,Caldeirão,Corvo,TRUE,Phyto,2005,Autumn,FALSE
Caldeirao,Caldeirão,Corvo,TRUE,Phyto,2005,Spring,FALSE
Caldeirao,Caldeirão,Corvo,TRUE,Phyto,2005,Summer,FALSE
Caldeirao,Caldeirão,Corvo,TRUE,Phyto,2005,Winter,FALSE
Caldeirao,Caldeirão,Corvo,TRUE,Phyto,2006,Autumn,FALSE
Caldeirao,Caldeirão,Corvo,TRUE,Phyto,2006,Spring,TRUE
Caldeirao,Caldeirão,Corvo,TRUE,Phyto,2006,Summer,TRUE
Caldeirao,Caldeirão,Corvo,TRUE,Phyto,2006,Winter,TRUE
Caldeirao,Caldeirão,Corvo,TRUE,Phyto,2007,Autumn,FALSE
Caldeirao,Caldeirão,Corvo,TRUE,Phyto,2007,Spring,FALSE
Caldeirao,Caldeirão,Corvo,TRUE,Phyto,2007,Summer,FALSE
Caldeirao,Caldeirão,Corvo,TRUE,Phyto,2007,Winter,FALSE
Caldeirao,Caldeirão,Corvo,TRUE,Phyto,2008,Autumn,TRUE
Caldeirao,Caldeirão,Corvo,TRUE,Phyto,2008,Spring,TRUE
Caldeirao,Caldeirão,Corvo,TRUE,Phyto,2008,Summer,FALSE
Caldeirao,Caldeirão,Corvo,TRUE,Phyto,2008,Winter,FALSE
Caldeirao,Caldeirão,Corvo,TRUE,Phyto,2009,Autumn,FALSE
Caldeirao,Caldeirão,Corvo,TRUE,Phyto,2009,Spring,FALSE
Caldeirao,Caldeirão,Corvo,TRUE,Phyto,2009,Summer,TRUE
Caldeirao,Caldeirão,Corvo,TRUE,Phyto,2009,Winter,TRUE
Caldeirao,Caldeirão,Corvo,TRUE,Phyto,2010,Autumn,FALSE
Caldeirao,Caldeirão,Corvo,TRUE,Phyto,2010,Spring,FALSE
Caldeirao,Caldeirão,Corvo,TRUE,Phyto,2010,Summer,TRUE
Caldeirao,Caldeirão,Corvo,TRUE,Phyto,2010,Winter,TRUE
Caldeirao,Caldeirão,Corvo,TRUE,Phyto,2011,Autumn,TRUE
Caldeirao,Caldeirão,Corvo,TRUE,Phyto,2011,Spring,TRUE
Caldeirao,Caldeirão,Corvo,TRUE,Phyto,2011,Summer,TRUE
Caldeirao,Caldeirão,Corvo,TRUE,Phyto,2011,Winter,TRUE
Caldeirao,Caldeirão,Corvo,TRUE,Phyto,2012,Autumn,TRUE
Caldeirao,Caldeirão,Corvo,TRUE,Phyto,2012,Spring,TRUE
Caldeirao,Caldeirão,Corvo,TRUE,Phyto,2012,Summer,TRUE
Caldeirao,Caldeirão,Corvo,TRUE,Phyto,2012,Winter,TRUE
Caldeirao,Caldeirão,Corvo,TRUE,Phyto,2013,Autumn,FALSE
Caldeirao,Caldeirão,Corvo,TRUE,Phyto,2013,Spring,FALSE
Caldeirao,Caldeirão,Corvo,TRUE,Phyto,2013,Summer,FALSE
Caldeirao,Caldeirão,Corvo,TRUE,Phyto,2013,Winter,FALSE
Caldeirao,Caldeirão,Corvo,TRUE,Phyto,2014,Autumn,FALSE
Caldeirao,Caldeirão,Corvo,TRUE,Phyto,2014,Spring,FALSE
Caldeirao,Caldeirão,Corvo,TRUE,Phyto,2014,Summer,FALSE
Caldeirao,Caldeirão,Corvo,TRUE,Phyto,2014,Winter,FALSE
Caldeirao,Caldeirão,Corvo,TRUE,Phyto,2015,Autumn,FALSE
Caldeirao,Caldeirão,Corvo,TRUE,Phyto,2015,Spring,FALSE
Caldeirao,Caldeirão,Corvo,TRUE,Phyto,2015,Summer,FALSE
Caldeirao,Caldeirão,Corvo,TRUE,Phyto,2015,Winter,FALSE
Caldeirao,Caldeirão,Corvo,TRUE,Phyto,2016,Autumn,FALSE
Caldeirao,Caldeirão,Corvo,TRUE,Phyto,2016,Spring,FALSE
Caldeirao,Caldeirão,Corvo,TRUE,Phyto,2016,Summer,FALSE
Caldeirao,Caldeirão,Corvo,TRUE,Phyto,2016,Winter,FALSE
Caldeirao,Caldeirão,Corvo,TRUE,Phyto,2017,Autumn,FALSE
Caldeirao,Caldeirão,Corvo,TRUE,Phyto,2017,Spring,FALSE
Caldeirao,Caldeirão,Corvo,TRUE,Phyto,2017,Summer,FALSE
Caldeirao,Caldeirão,Corvo,TRUE,Phyto,2017,Winter,FALSE
Caldeirao,Caldeirão,Corvo,TRUE,Phyto,2018,Autumn,TRUE
Caldeirao,Caldeirão,Corvo,TRUE,Phyto,2018,Spring,TRUE
Caldeirao,Caldeirão,Corvo,TRUE,Phyto,2018,Summer,TRUE
Caldeirao,Caldeirão,Corvo,TRUE,Phyto,2018,Winter,TRUE
Caldeirao,Caldeirão,Corvo,TRUE,Phyto,2019,Autumn,FALSE
Caldeirao,Caldeirão,Corvo,TRUE,Phyto,2019,Spring,FALSE
Caldeirao,Caldeirão,Corvo,TRUE,Phyto,2019,Summer,FALSE
Caldeirao,Caldeirão,Corvo,TRUE,Phyto,2019,Winter,FALSE
Caldeirao,Caldeirão,Corvo,TRUE,Phyto,2020,Autumn,FALSE
Caldeirao,Caldeirão,Corvo,TRUE,Phyto,2020,Spring,FALSE
Caldeirao,Caldeirão,Corvo,TRUE,Phyto,2020,Summer,FALSE
Caldeirao,Caldeirão,Corvo,TRUE,Phyto,2020,Winter,FALSE
Caldeirao,Caldeirão,Corvo,TRUE,Phyto,2021,Autumn,FALSE
Caldeirao,Caldeirão,Corvo,TRUE,Phyto,2021,Spring,FALSE
Caldeirao,Caldeirão,Corvo,TRUE,Phyto,2021,Summer,FALSE
Caldeirao,Caldeirão,Corvo,TRUE,Phyto,2021,Winter,FALSE
Caldeirao,Caldeirão,Corvo,TRUE,Phyto,2022,Autumn,FALSE
Caldeirao,Caldeirão,Corvo,TRUE,Phyto,2022,Spring,FALSE
Caldeirao,Caldeirão,Corvo,TRUE,Phyto,2022,Summer,FALSE
Caldeirao,Caldeirão,Corvo,TRUE,Phyto,2022,Winter,FALSE
Caldeirao,Caldeirão,Corvo,TRUE,Phyto,2023,Autumn,FALSE
Caldeirao,Caldeirão,Corvo,TRUE,Phyto,2023,Spring,FALSE
Caldeirao,Caldeirão,Corvo,TRUE,Phyto,2023,Summer,FALSE
Caldeirao,Caldeirão,Corvo,TRUE,Phyto,2023,Winter,FALSE
Caldeirao,Caldeirão,Corvo,TRUE,Phyto,2024,Autumn,TRUE
Caldeirao,Caldeirão,Corvo,TRUE,Phyto,2024,Spring,TRUE
Caldeirao,Caldeirão,Corvo,TRUE,Phyto,2024,Summer,TRUE
Caldeirao,Caldeirão,Corvo,TRUE,Phyto,2024,Winter,TRUE
Caldeirao,Caldeirão,Corvo,TRUE,Phyto,2025,Autumn,FALSE
Caldeirao,Caldeirão,Corvo,TRUE,Phyto,2025,Spring,TRUE
Caldeirao,Caldeirão,Corvo,TRUE,Phyto,2025,Summer,TRUE
Caldeirao,Caldeirão,Corvo,TRUE,Phyto,2025,Winter,TRUE
Caldeirao,Caldeirão,Corvo,TRUE,Zoo,2003,Autumn,FALSE
Caldeirao,Caldeirão,Corvo,TRUE,Zoo,2003,Spring,FALSE
Caldeirao,Caldeirão,Corvo,TRUE,Zoo,2003,Summer,FALSE
Caldeirao,Caldeirão,Corvo,TRUE,Zoo,2003,Winter,FALSE
Caldeirao,Caldeirão,Corvo,TRUE,Zoo,2004,Autumn,FALSE
Caldeirao,Caldeirão,Corvo,TRUE,Zoo,2004,Spring,FALSE
Caldeirao,Caldeirão,Corvo,TRUE,Zoo,2004,Summer,FALSE
Caldeirao,Caldeirão,Corvo,TRUE,Zoo,2004,Winter,FALSE
Caldeirao,Caldeirão,Corvo,TRUE,Zoo,2005,Autumn,FALSE
Caldeirao,Caldeirão,Corvo,TRUE,Zoo,2005,Spring,FALSE
Caldeirao,Caldeirão,Corvo,TRUE,Zoo,2005,Summer,FALSE
Caldeirao,Caldeirão,Corvo,TRUE,Zoo,2005,Winter,FALSE
Caldeirao,Caldeirão,Corvo,TRUE,Zoo,2006,Autumn,FALSE
Caldeirao,Caldeirão,Corvo,TRUE,Zoo,2006,Spring,FALSE
Caldeirao,Caldeirão,Corvo,TRUE,Zoo,2006,Summer,FALSE
Caldeirao,Caldeirão,Corvo,TRUE,Zoo,2006,Winter,FALSE
Caldeirao,Caldeirão,Corvo,TRUE,Zoo,2007,Autumn,FALSE
Caldeirao,Caldeirão,Corvo,TRUE,Zoo,2007,Spring,FALSE
Caldeirao,Caldeirão,Corvo,TRUE,Zoo,2007,Summer,FALSE
Caldeirao,Caldeirão,Corvo,TRUE,Zoo,2007,Winter,FALSE
Caldeirao,Caldeirão,Corvo,TRUE,Zoo,2008,Autumn,FALSE
Caldeirao,Caldeirão,Corvo,TRUE,Zoo,2008,Spring,FALSE
Caldeirao,Caldeirão,Corvo,TRUE,Zoo,2008,Summer,FALSE
Caldeirao,Caldeirão,Corvo,TRUE,Zoo,2008,Winter,FALSE
Caldeirao,Caldeirão,Corvo,TRUE,Zoo,2009,Autumn,FALSE
Caldeirao,Caldeirão,Corvo,TRUE,Zoo,2009,Spring,FALSE
Caldeirao,Caldeirão,Corvo,TRUE,Zoo,2009,Summer,FALSE
Caldeirao,Caldeirão,Corvo,TRUE,Zoo,2009,Winter,FALSE
Caldeirao,Caldeirão,Corvo,TRUE,Zoo,2010,Autumn,FALSE
Caldeirao,Caldeirão,Corvo,TRUE,Zoo,2010,Spring,FALSE
Caldeirao,Caldeirão,Corvo,TRUE,Zoo,2010,Summer,FALSE
Caldeirao,Caldeirão,Corvo,TRUE,Zoo,2010,Winter,FALSE
Caldeirao,Caldeirão,Corvo,TRUE,Zoo,2011,Autumn,FALSE
Caldeirao,Caldeirão,Corvo,TRUE,Zoo,2011,Spring,FALSE
Caldeirao,Caldeirão,Corvo,TRUE,Zoo,2011,Summer,TRUE
Caldeirao,Caldeirão,Corvo,TRUE,Zoo,2011,Winter,FALSE
Caldeirao,Caldeirão,Corvo,TRUE,Zoo,2012,Autumn,FALSE
Caldeirao,Caldeirão,Corvo,TRUE,Zoo,2012,Spring,FALSE
Caldeirao,Caldeirão,Corvo,TRUE,Zoo,2012,Summer,FALSE
Caldeirao,Caldeirão,Corvo,TRUE,Zoo,2012,Winter,FALSE
Caldeirao,Caldeirão,Corvo,TRUE,Zoo,2013,Autumn,FALSE
Caldeirao,Caldeirão,Corvo,TRUE,Zoo,2013,Spring,FALSE
Caldeirao,Caldeirão,Corvo,TRUE,Zoo,2013,Summer,FALSE
Caldeirao,Caldeirão,Corvo,TRUE,Zoo,2013,Winter,FALSE
Caldeirao,Caldeirão,Corvo,TRUE,Zoo,2014,Autumn,FALSE
Caldeirao,Caldeirão,Corvo,TRUE,Zoo,2014,Spring,FALSE
Caldeirao,Caldeirão,Corvo,TRUE,Zoo,2014,Summer,FALSE
Caldeirao,Caldeirão,Corvo,TRUE,Zoo,2014,Winter,FALSE
Caldeirao,Caldeirão,Corvo,TRUE,Zoo,2015,Autumn,FALSE
Caldeirao,Caldeirão,Corvo,TRUE,Zoo,2015,Spring,FALSE
Caldeirao,Caldeirão,Corvo,TRUE,Zoo,2015,Summer,FALSE
Caldeirao,Caldeirão,Corvo,TRUE,Zoo,2015,Winter,FALSE
Caldeirao,Caldeirão,Corvo,TRUE,Zoo,2016,Autumn,FALSE
Caldeirao,Caldeirão,Corvo,TRUE,Zoo,2016,Spring,FALSE
Caldeirao,Caldeirão,Corvo,TRUE,Zoo,2016,Summer,FALSE
Caldeirao,Caldeirão,Corvo,TRUE,Zoo,2016,Winter,FALSE
Caldeirao,Caldeirão,Corvo,TRUE,Zoo,2017,Autumn,FALSE
Caldeirao,Caldeirão,Corvo,TRUE,Zoo,2017,Spring,FALSE
Caldeirao,Caldeirão,Corvo,TRUE,Zoo,2017,Summer,FALSE
Caldeirao,Caldeirão,Corvo,TRUE,Zoo,2017,Winter,FALSE
Caldeirao,Caldeirão,Corvo,TRUE,Zoo,2018,Autumn,FALSE
Caldeirao,Caldeirão,Corvo,TRUE,Zoo,2018,Spring,FALSE
Caldeirao,Caldeirão,Corvo,TRUE,Zoo,2018,Summer,FALSE
Caldeirao,Caldeirão,Corvo,TRUE,Zoo,2018,Winter,FALSE
Caldeirao,Caldeirão,Corvo,TRUE,Zoo,2019,Autumn,FALSE
Caldeirao,Caldeirão,Corvo,TRUE,Zoo,2019,Spring,FALSE
Caldeirao,Caldeirão,Corvo,TRUE,Zoo,2019,Summer,FALSE
Caldeirao,Caldeirão,Corvo,TRUE,Zoo,2019,Winter,FALSE
Caldeirao,Caldeirão,Corvo,TRUE,Zoo,2020,Autumn,FALSE
Caldeirao,Caldeirão,Corvo,TRUE,Zoo,2020,Spring,FALSE
Caldeirao,Caldeirão,Corvo,TRUE,Zoo,2020,Summer,FALSE
Caldeirao,Caldeirão,Corvo,TRUE,Zoo,2020,Winter,FALSE
Caldeirao,Caldeirão,Corvo,TRUE,Zoo,2021,Autumn,FALSE
Caldeirao,Caldeirão,Corvo,TRUE,Zoo,2021,Spring,FALSE
Caldeirao,Caldeirão,Corvo,TRUE,Zoo,2021,Summer,FALSE
Caldeirao,Caldeirão,Corvo,TRUE,Zoo,2021,Winter,FALSE
Caldeirao,Caldeirão,Corvo,TRUE,Zoo,2022,Autumn,FALSE
Caldeirao,Caldeirão,Corvo,TRUE,Zoo,2022,Spring,FALSE
Caldeirao,Caldeirão,Corvo,TRUE,Zoo,2022,Summer,FALSE
Caldeirao,Caldeirão,Corvo,TRUE,Zoo,2022,Winter,FALSE
Caldeirao,Caldeirão,Corvo,TRUE,Zoo,2023,Autumn,FALSE
Caldeirao,Caldeirão,Corvo,TRUE,Zoo,2023,Spring,FALSE
Caldeirao,Caldeirão,Corvo,TRUE,Zoo,2023,Summer,FALSE
Caldeirao,Caldeirão,Corvo,TRUE,Zoo,2023,Winter,FALSE
Caldeirao,Caldeirão,Corvo,TRUE,Zoo,2024,Autumn,FALSE
Caldeirao,Caldeirão,Corvo,TRUE,Zoo,2024,Spring,FALSE
Caldeirao,Caldeirão,Corvo,TRUE,Zoo,2024,Summer,FALSE
Caldeirao,Caldeirão,Corvo,TRUE,Zoo,2024,Winter,FALSE
Caldeirao,Caldeirão,Corvo,TRUE,Zoo,2025,Autumn,FALSE
Caldeirao,Caldeirão,Corvo,TRUE,Zoo,2025,Spring,TRUE
Caldeirao,Caldeirão,Corvo,TRUE,Zoo,2025,Summer,FALSE
Caldeirao,Caldeirão,Corvo,TRUE,Zoo,2025,Winter,FALSE
Canario,Canário,Sao Miguel,TRUE,Diatom,2003,Autumn,TRUE
Canario,Canário,Sao Miguel,TRUE,Diatom,2003,Spring,FALSE
Canario,Canário,Sao Miguel,TRUE,Diatom,2003,Summer,FALSE
Canario,Canário,Sao Miguel,TRUE,Diatom,2003,Winter,FALSE
Canario,Canário,Sao Miguel,TRUE,Diatom,2004,Autumn,FALSE
Canario,Canário,Sao Miguel,TRUE,Diatom,2004,Spring,TRUE
Canario,Canário,Sao Miguel,TRUE,Diatom,2004,Summer,TRUE
Canario,Canário,Sao Miguel,TRUE,Diatom,2004,Winter,TRUE
Canario,Canário,Sao Miguel,TRUE,Diatom,2005,Autumn,FALSE
Canario,Canário,Sao Miguel,TRUE,Diatom,2005,Spring,FALSE
Canario,Canário,Sao Miguel,TRUE,Diatom,2005,Summer,TRUE
Canario,Canário,Sao Miguel,TRUE,Diatom,2005,Winter,TRUE
Canario,Canário,Sao Miguel,TRUE,Diatom,2006,Autumn,FALSE
Canario,Canário,Sao Miguel,TRUE,Diatom,2006,Spring,TRUE
Canario,Canário,Sao Miguel,TRUE,Diatom,2006,Summer,TRUE
Canario,Canário,Sao Miguel,TRUE,Diatom,2006,Winter,TRUE
Canario,Canário,Sao Miguel,TRUE,Diatom,2007,Autumn,FALSE
Canario,Canário,Sao Miguel,TRUE,Diatom,2007,Spring,FALSE
Canario,Canário,Sao Miguel,TRUE,Diatom,2007,Summer,FALSE
Canario,Canário,Sao Miguel,TRUE,Diatom,2007,Winter,TRUE
Canario,Canário,Sao Miguel,TRUE,Diatom,2008,Autumn,TRUE
Canario,Canário,Sao Miguel,TRUE,Diatom,2008,Spring,TRUE
Canario,Canário,Sao Miguel,TRUE,Diatom,2008,Summer,FALSE
Canario,Canário,Sao Miguel,TRUE,Diatom,2008,Winter,FALSE
Canario,Canário,Sao Miguel,TRUE,Diatom,2009,Autumn,TRUE
Canario,Canário,Sao Miguel,TRUE,Diatom,2009,Spring,FALSE
Canario,Canário,Sao Miguel,TRUE,Diatom,2009,Summer,FALSE
Canario,Canário,Sao Miguel,TRUE,Diatom,2009,Winter,TRUE
Canario,Canário,Sao Miguel,TRUE,Diatom,2010,Autumn,TRUE
Canario,Canário,Sao Miguel,TRUE,Diatom,2010,Spring,TRUE
Canario,Canário,Sao Miguel,TRUE,Diatom,2010,Summer,TRUE
Canario,Canário,Sao Miguel,TRUE,Diatom,2010,Winter,TRUE
Canario,Canário,Sao Miguel,TRUE,Diatom,2011,Autumn,TRUE
Canario,Canário,Sao Miguel,TRUE,Diatom,2011,Spring,TRUE
Canario,Canário,Sao Miguel,TRUE,Diatom,2011,Summer,TRUE
Canario,Canário,Sao Miguel,TRUE,Diatom,2011,Winter,TRUE
Canario,Canário,Sao Miguel,TRUE,Diatom,2012,Autumn,TRUE
Canario,Canário,Sao Miguel,TRUE,Diatom,2012,Spring,TRUE
Canario,Canário,Sao Miguel,TRUE,Diatom,2012,Summer,TRUE
Canario,Canário,Sao Miguel,TRUE,Diatom,2012,Winter,TRUE
Canario,Canário,Sao Miguel,TRUE,Diatom,2013,Autumn,FALSE
Canario,Canário,Sao Miguel,TRUE,Diatom,2013,Spring,FALSE
Canario,Canário,Sao Miguel,TRUE,Diatom,2013,Summer,FALSE
Canario,Canário,Sao Miguel,TRUE,Diatom,2013,Winter,FALSE
Canario,Canário,Sao Miguel,TRUE,Diatom,2014,Autumn,FALSE
Canario,Canário,Sao Miguel,TRUE,Diatom,2014,Spring,FALSE
Canario,Canário,Sao Miguel,TRUE,Diatom,2014,Summer,FALSE
Canario,Canário,Sao Miguel,TRUE,Diatom,2014,Winter,FALSE
Canario,Canário,Sao Miguel,TRUE,Diatom,2015,Autumn,TRUE
Canario,Canário,Sao Miguel,TRUE,Diatom,2015,Spring,FALSE
Canario,Canário,Sao Miguel,TRUE,Diatom,2015,Summer,FALSE
Canario,Canário,Sao Miguel,TRUE,Diatom,2015,Winter,FALSE
Canario,Canário,Sao Miguel,TRUE,Diatom,2016,Autumn,TRUE
Canario,Canário,Sao Miguel,TRUE,Diatom,2016,Spring,TRUE
Canario,Canário,Sao Miguel,TRUE,Diatom,2016,Summer,FALSE
Canario,Canário,Sao Miguel,TRUE,Diatom,2016,Winter,TRUE
Canario,Canário,Sao Miguel,TRUE,Diatom,2017,Autumn,TRUE
Canario,Canário,Sao Miguel,TRUE,Diatom,2017,Spring,FALSE
Canario,Canário,Sao Miguel,TRUE,Diatom,2017,Summer,FALSE
Canario,Canário,Sao Miguel,TRUE,Diatom,2017,Winter,FALSE
Canario,Canário,Sao Miguel,TRUE,Diatom,2018,Autumn,FALSE
Canario,Canário,Sao Miguel,TRUE,Diatom,2018,Spring,TRUE
Canario,Canário,Sao Miguel,TRUE,Diatom,2018,Summer,TRUE
Canario,Canário,Sao Miguel,TRUE,Diatom,2018,Winter,TRUE
Canario,Canário,Sao Miguel,TRUE,Diatom,2019,Autumn,FALSE
Canario,Canário,Sao Miguel,TRUE,Diatom,2019,Spring,FALSE
Canario,Canário,Sao Miguel,TRUE,Diatom,2019,Summer,FALSE
Canario,Canário,Sao Miguel,TRUE,Diatom,2019,Winter,FALSE
Canario,Canário,Sao Miguel,TRUE,Diatom,2020,Autumn,FALSE
Canario,Canário,Sao Miguel,TRUE,Diatom,2020,Spring,FALSE
Canario,Canário,Sao Miguel,TRUE,Diatom,2020,Summer,FALSE
Canario,Canário,Sao Miguel,TRUE,Diatom,2020,Winter,FALSE
Canario,Canário,Sao Miguel,TRUE,Diatom,2021,Autumn,FALSE
Canario,Canário,Sao Miguel,TRUE,Diatom,2021,Spring,FALSE
Canario,Canário,Sao Miguel,TRUE,Diatom,2021,Summer,FALSE
Canario,Canário,Sao Miguel,TRUE,Diatom,2021,Winter,FALSE
Canario,Canário,Sao Miguel,TRUE,Diatom,2022,Autumn,FALSE
Canario,Canário,Sao Miguel,TRUE,Diatom,2022,Spring,FALSE
Canario,Canário,Sao Miguel,TRUE,Diatom,2022,Summer,FALSE
Canario,Canário,Sao Miguel,TRUE,Diatom,2022,Winter,FALSE
Canario,Canário,Sao Miguel,TRUE,Diatom,2023,Autumn,FALSE
Canario,Canário,Sao Miguel,TRUE,Diatom,2023,Spring,FALSE
Canario,Canário,Sao Miguel,TRUE,Diatom,2023,Summer,FALSE
Canario,Canário,Sao Miguel,TRUE,Diatom,2023,Winter,FALSE
Canario,Canário,Sao Miguel,TRUE,Diatom,2024,Autumn,TRUE
Canario,Canário,Sao Miguel,TRUE,Diatom,2024,Spring,TRUE
Canario,Canário,Sao Miguel,TRUE,Diatom,2024,Summer,TRUE
Canario,Canário,Sao Miguel,TRUE,Diatom,2024,Winter,TRUE
Canario,Canário,Sao Miguel,TRUE,Diatom,2025,Autumn,TRUE
Canario,Canário,Sao Miguel,TRUE,Diatom,2025,Spring,TRUE
Canario,Canário,Sao Miguel,TRUE,Diatom,2025,Summer,TRUE
Canario,Canário,Sao Miguel,TRUE,Diatom,2025,Winter,TRUE
Canario,Canário,Sao Miguel,TRUE,Env,2003,Autumn,TRUE
Canario,Canário,Sao Miguel,TRUE,Env,2003,Spring,FALSE
Canario,Canário,Sao Miguel,TRUE,Env,2003,Summer,FALSE
Canario,Canário,Sao Miguel,TRUE,Env,2003,Winter,FALSE
Canario,Canário,Sao Miguel,TRUE,Env,2004,Autumn,FALSE
Canario,Canário,Sao Miguel,TRUE,Env,2004,Spring,TRUE
Canario,Canário,Sao Miguel,TRUE,Env,2004,Summer,TRUE
Canario,Canário,Sao Miguel,TRUE,Env,2004,Winter,TRUE
Canario,Canário,Sao Miguel,TRUE,Env,2005,Autumn,FALSE
Canario,Canário,Sao Miguel,TRUE,Env,2005,Spring,FALSE
Canario,Canário,Sao Miguel,TRUE,Env,2005,Summer,TRUE
Canario,Canário,Sao Miguel,TRUE,Env,2005,Winter,TRUE
Canario,Canário,Sao Miguel,TRUE,Env,2006,Autumn,FALSE
Canario,Canário,Sao Miguel,TRUE,Env,2006,Spring,TRUE
Canario,Canário,Sao Miguel,TRUE,Env,2006,Summer,TRUE
Canario,Canário,Sao Miguel,TRUE,Env,2006,Winter,TRUE
Canario,Canário,Sao Miguel,TRUE,Env,2007,Autumn,FALSE
Canario,Canário,Sao Miguel,TRUE,Env,2007,Spring,TRUE
Canario,Canário,Sao Miguel,TRUE,Env,2007,Summer,FALSE
Canario,Canário,Sao Miguel,TRUE,Env,2007,Winter,TRUE
Canario,Canário,Sao Miguel,TRUE,Env,2008,Autumn,TRUE
Canario,Canário,Sao Miguel,TRUE,Env,2008,Spring,TRUE
Canario,Canário,Sao Miguel,TRUE,Env,2008,Summer,TRUE
Canario,Canário,Sao Miguel,TRUE,Env,2008,Winter,TRUE
Canario,Canário,Sao Miguel,TRUE,Env,2009,Autumn,FALSE
Canario,Canário,Sao Miguel,TRUE,Env,2009,Spring,FALSE
Canario,Canário,Sao Miguel,TRUE,Env,2009,Summer,FALSE
Canario,Canário,Sao Miguel,TRUE,Env,2009,Winter,FALSE
Canario,Canário,Sao Miguel,TRUE,Env,2010,Autumn,TRUE
Canario,Canário,Sao Miguel,TRUE,Env,2010,Spring,TRUE
Canario,Canário,Sao Miguel,TRUE,Env,2010,Summer,TRUE
Canario,Canário,Sao Miguel,TRUE,Env,2010,Winter,TRUE
Canario,Canário,Sao Miguel,TRUE,Env,2011,Autumn,TRUE
Canario,Canário,Sao Miguel,TRUE,Env,2011,Spring,TRUE
Canario,Canário,Sao Miguel,TRUE,Env,2011,Summer,TRUE
Canario,Canário,Sao Miguel,TRUE,Env,2011,Winter,TRUE
Canario,Canário,Sao Miguel,TRUE,Env,2012,Autumn,TRUE
Canario,Canário,Sao Miguel,TRUE,Env,2012,Spring,TRUE
Canario,Canário,Sao Miguel,TRUE,Env,2012,Summer,TRUE
Canario,Canário,Sao Miguel,TRUE,Env,2012,Winter,TRUE
Canario,Canário,Sao Miguel,TRUE,Env,2013,Autumn,FALSE
Canario,Canário,Sao Miguel,TRUE,Env,2013,Spring,FALSE
Canario,Canário,Sao Miguel,TRUE,Env,2013,Summer,FALSE
Canario,Canário,Sao Miguel,TRUE,Env,2013,Winter,FALSE
Canario,Canário,Sao Miguel,TRUE,Env,2014,Autumn,FALSE
Canario,Canário,Sao Miguel,TRUE,Env,2014,Spring,FALSE
Canario,Canário,Sao Miguel,TRUE,Env,2014,Summer,FALSE
Canario,Canário,Sao Miguel,TRUE,Env,2014,Winter,FALSE
Canario,Canário,Sao Miguel,TRUE,Env,2015,Autumn,FALSE
Canario,Canário,Sao Miguel,TRUE,Env,2015,Spring,FALSE
Canario,Canário,Sao Miguel,TRUE,Env,2015,Summer,FALSE
Canario,Canário,Sao Miguel,TRUE,Env,2015,Winter,FALSE
Canario,Canário,Sao Miguel,TRUE,Env,2016,Autumn,FALSE
Canario,Canário,Sao Miguel,TRUE,Env,2016,Spring,FALSE
Canario,Canário,Sao Miguel,TRUE,Env,2016,Summer,FALSE
Canario,Canário,Sao Miguel,TRUE,Env,2016,Winter,FALSE
Canario,Canário,Sao Miguel,TRUE,Env,2017,Autumn,FALSE
Canario,Canário,Sao Miguel,TRUE,Env,2017,Spring,FALSE
Canario,Canário,Sao Miguel,TRUE,Env,2017,Summer,FALSE
Canario,Canário,Sao Miguel,TRUE,Env,2017,Winter,FALSE
Canario,Canário,Sao Miguel,TRUE,Env,2018,Autumn,FALSE
Canario,Canário,Sao Miguel,TRUE,Env,2018,Spring,TRUE
Canario,Canário,Sao Miguel,TRUE,Env,2018,Summer,FALSE
Canario,Canário,Sao Miguel,TRUE,Env,2018,Winter,FALSE
Canario,Canário,Sao Miguel,TRUE,Env,2019,Autumn,FALSE
Canario,Canário,Sao Miguel,TRUE,Env,2019,Spring,FALSE
Canario,Canário,Sao Miguel,TRUE,Env,2019,Summer,FALSE
Canario,Canário,Sao Miguel,TRUE,Env,2019,Winter,FALSE
Canario,Canário,Sao Miguel,TRUE,Env,2020,Autumn,FALSE
Canario,Canário,Sao Miguel,TRUE,Env,2020,Spring,FALSE
Canario,Canário,Sao Miguel,TRUE,Env,2020,Summer,FALSE
Canario,Canário,Sao Miguel,TRUE,Env,2020,Winter,FALSE
Canario,Canário,Sao Miguel,TRUE,Env,2021,Autumn,FALSE
Canario,Canário,Sao Miguel,TRUE,Env,2021,Spring,FALSE
Canario,Canário,Sao Miguel,TRUE,Env,2021,Summer,FALSE
Canario,Canário,Sao Miguel,TRUE,Env,2021,Winter,FALSE
Canario,Canário,Sao Miguel,TRUE,Env,2022,Autumn,FALSE
Canario,Canário,Sao Miguel,TRUE,Env,2022,Spring,FALSE
Canario,Canário,Sao Miguel,TRUE,Env,2022,Summer,FALSE
Canario,Canário,Sao Miguel,TRUE,Env,2022,Winter,FALSE
Canario,Canário,Sao Miguel,TRUE,Env,2023,Autumn,FALSE
Canario,Canário,Sao Miguel,TRUE,Env,2023,Spring,FALSE
Canario,Canário,Sao Miguel,TRUE,Env,2023,Summer,FALSE
Canario,Canário,Sao Miguel,TRUE,Env,2023,Winter,FALSE
Canario,Canário,Sao Miguel,TRUE,Env,2024,Autumn,TRUE
Canario,Canário,Sao Miguel,TRUE,Env,2024,Spring,TRUE
Canario,Canário,Sao Miguel,TRUE,Env,2024,Summer,TRUE
Canario,Canário,Sao Miguel,TRUE,Env,2024,Winter,TRUE
Canario,Canário,Sao Miguel,TRUE,Env,2025,Autumn,TRUE
Canario,Canário,Sao Miguel,TRUE,Env,2025,Spring,TRUE
Canario,Canário,Sao Miguel,TRUE,Env,2025,Summer,TRUE
Canario,Canário,Sao Miguel,TRUE,Env,2025,Winter,TRUE
Canario,Canário,Sao Miguel,TRUE,Macro,2003,Autumn,TRUE
Canario,Canário,Sao Miguel,TRUE,Macro,2003,Spring,FALSE
Canario,Canário,Sao Miguel,TRUE,Macro,2003,Summer,FALSE
Canario,Canário,Sao Miguel,TRUE,Macro,2003,Winter,FALSE
Canario,Canário,Sao Miguel,TRUE,Macro,2004,Autumn,FALSE
Canario,Canário,Sao Miguel,TRUE,Macro,2004,Spring,TRUE
Canario,Canário,Sao Miguel,TRUE,Macro,2004,Summer,TRUE
Canario,Canário,Sao Miguel,TRUE,Macro,2004,Winter,TRUE
Canario,Canário,Sao Miguel,TRUE,Macro,2005,Autumn,FALSE
Canario,Canário,Sao Miguel,TRUE,Macro,2005,Spring,TRUE
Canario,Canário,Sao Miguel,TRUE,Macro,2005,Summer,TRUE
Canario,Canário,Sao Miguel,TRUE,Macro,2005,Winter,TRUE
Canario,Canário,Sao Miguel,TRUE,Macro,2006,Autumn,FALSE
Canario,Canário,Sao Miguel,TRUE,Macro,2006,Spring,TRUE
Canario,Canário,Sao Miguel,TRUE,Macro,2006,Summer,TRUE
Canario,Canário,Sao Miguel,TRUE,Macro,2006,Winter,TRUE
Canario,Canário,Sao Miguel,TRUE,Macro,2007,Autumn,FALSE
Canario,Canário,Sao Miguel,TRUE,Macro,2007,Spring,FALSE
Canario,Canário,Sao Miguel,TRUE,Macro,2007,Summer,FALSE
Canario,Canário,Sao Miguel,TRUE,Macro,2007,Winter,FALSE
Canario,Canário,Sao Miguel,TRUE,Macro,2008,Autumn,TRUE
Canario,Canário,Sao Miguel,TRUE,Macro,2008,Spring,TRUE
Canario,Canário,Sao Miguel,TRUE,Macro,2008,Summer,TRUE
Canario,Canário,Sao Miguel,TRUE,Macro,2008,Winter,FALSE
Canario,Canário,Sao Miguel,TRUE,Macro,2009,Autumn,FALSE
Canario,Canário,Sao Miguel,TRUE,Macro,2009,Spring,FALSE
Canario,Canário,Sao Miguel,TRUE,Macro,2009,Summer,TRUE
Canario,Canário,Sao Miguel,TRUE,Macro,2009,Winter,TRUE
Canario,Canário,Sao Miguel,TRUE,Macro,2010,Autumn,TRUE
Canario,Canário,Sao Miguel,TRUE,Macro,2010,Spring,TRUE
Canario,Canário,Sao Miguel,TRUE,Macro,2010,Summer,TRUE
Canario,Canário,Sao Miguel,TRUE,Macro,2010,Winter,TRUE
Canario,Canário,Sao Miguel,TRUE,Macro,2011,Autumn,TRUE
Canario,Canário,Sao Miguel,TRUE,Macro,2011,Spring,TRUE
Canario,Canário,Sao Miguel,TRUE,Macro,2011,Summer,TRUE
Canario,Canário,Sao Miguel,TRUE,Macro,2011,Winter,TRUE
Canario,Canário,Sao Miguel,TRUE,Macro,2012,Autumn,TRUE
Canario,Canário,Sao Miguel,TRUE,Macro,2012,Spring,TRUE
Canario,Canário,Sao Miguel,TRUE,Macro,2012,Summer,TRUE
Canario,Canário,Sao Miguel,TRUE,Macro,2012,Winter,FALSE
Canario,Canário,Sao Miguel,TRUE,Macro,2013,Autumn,FALSE
Canario,Canário,Sao Miguel,TRUE,Macro,2013,Spring,FALSE
Canario,Canário,Sao Miguel,TRUE,Macro,2013,Summer,FALSE
Canario,Canário,Sao Miguel,TRUE,Macro,2013,Winter,FALSE
Canario,Canário,Sao Miguel,TRUE,Macro,2014,Autumn,FALSE
Canario,Canário,Sao Miguel,TRUE,Macro,2014,Spring,FALSE
Canario,Canário,Sao Miguel,TRUE,Macro,2014,Summer,FALSE
Canario,Canário,Sao Miguel,TRUE,Macro,2014,Winter,FALSE
Canario,Canário,Sao Miguel,TRUE,Macro,2015,Autumn,FALSE
Canario,Canário,Sao Miguel,TRUE,Macro,2015,Spring,FALSE
Canario,Canário,Sao Miguel,TRUE,Macro,2015,Summer,FALSE
Canario,Canário,Sao Miguel,TRUE,Macro,2015,Winter,FALSE
Canario,Canário,Sao Miguel,TRUE,Macro,2016,Autumn,FALSE
Canario,Canário,Sao Miguel,TRUE,Macro,2016,Spring,FALSE
Canario,Canário,Sao Miguel,TRUE,Macro,2016,Summer,FALSE
Canario,Canário,Sao Miguel,TRUE,Macro,2016,Winter,FALSE
Canario,Canário,Sao Miguel,TRUE,Macro,2017,Autumn,FALSE
Canario,Canário,Sao Miguel,TRUE,Macro,2017,Spring,FALSE
Canario,Canário,Sao Miguel,TRUE,Macro,2017,Summer,FALSE
Canario,Canário,Sao Miguel,TRUE,Macro,2017,Winter,FALSE
Canario,Canário,Sao Miguel,TRUE,Macro,2018,Autumn,FALSE
Canario,Canário,Sao Miguel,TRUE,Macro,2018,Spring,TRUE
Canario,Canário,Sao Miguel,TRUE,Macro,2018,Summer,FALSE
Canario,Canário,Sao Miguel,TRUE,Macro,2018,Winter,FALSE
Canario,Canário,Sao Miguel,TRUE,Macro,2019,Autumn,FALSE
Canario,Canário,Sao Miguel,TRUE,Macro,2019,Spring,FALSE
Canario,Canário,Sao Miguel,TRUE,Macro,2019,Summer,FALSE
Canario,Canário,Sao Miguel,TRUE,Macro,2019,Winter,FALSE
Canario,Canário,Sao Miguel,TRUE,Macro,2020,Autumn,FALSE
Canario,Canário,Sao Miguel,TRUE,Macro,2020,Spring,FALSE
Canario,Canário,Sao Miguel,TRUE,Macro,2020,Summer,FALSE
Canario,Canário,Sao Miguel,TRUE,Macro,2020,Winter,FALSE
Canario,Canário,Sao Miguel,TRUE,Macro,2021,Autumn,FALSE
Canario,Canário,Sao Miguel,TRUE,Macro,2021,Spring,FALSE
Canario,Canário,Sao Miguel,TRUE,Macro,2021,Summer,FALSE
Canario,Canário,Sao Miguel,TRUE,Macro,2021,Winter,FALSE
Canario,Canário,Sao Miguel,TRUE,Macro,2022,Autumn,FALSE
Canario,Canário,Sao Miguel,TRUE,Macro,2022,Spring,FALSE
Canario,Canário,Sao Miguel,TRUE,Macro,2022,Summer,FALSE
Canario,Canário,Sao Miguel,TRUE,Macro,2022,Winter,FALSE
Canario,Canário,Sao Miguel,TRUE,Macro,2023,Autumn,FALSE
Canario,Canário,Sao Miguel,TRUE,Macro,2023,Spring,FALSE
Canario,Canário,Sao Miguel,TRUE,Macro,2023,Summer,FALSE
Canario,Canário,Sao Miguel,TRUE,Macro,2023,Winter,FALSE
Canario,Canário,Sao Miguel,TRUE,Macro,2024,Autumn,TRUE
Canario,Canário,Sao Miguel,TRUE,Macro,2024,Spring,TRUE
Canario,Canário,Sao Miguel,TRUE,Macro,2024,Summer,TRUE
Canario,Canário,Sao Miguel,TRUE,Macro,2024,Winter,TRUE
Canario,Canário,Sao Miguel,TRUE,Macro,2025,Autumn,TRUE
Canario,Canário,Sao Miguel,TRUE,Macro,2025,Spring,TRUE
Canario,Canário,Sao Miguel,TRUE,Macro,2025,Summer,TRUE
Canario,Canário,Sao Miguel,TRUE,Macro,2025,Winter,TRUE
Canario,Canário,Sao Miguel,TRUE,Phyto,2003,Autumn,TRUE
Canario,Canário,Sao Miguel,TRUE,Phyto,2003,Spring,FALSE
Canario,Canário,Sao Miguel,TRUE,Phyto,2003,Summer,FALSE
Canario,Canário,Sao Miguel,TRUE,Phyto,2003,Winter,FALSE
Canario,Canário,Sao Miguel,TRUE,Phyto,2004,Autumn,FALSE
Canario,Canário,Sao Miguel,TRUE,Phyto,2004,Spring,TRUE
Canario,Canário,Sao Miguel,TRUE,Phyto,2004,Summer,TRUE
Canario,Canário,Sao Miguel,TRUE,Phyto,2004,Winter,TRUE
Canario,Canário,Sao Miguel,TRUE,Phyto,2005,Autumn,FALSE
Canario,Canário,Sao Miguel,TRUE,Phyto,2005,Spring,FALSE
Canario,Canário,Sao Miguel,TRUE,Phyto,2005,Summer,TRUE
Canario,Canário,Sao Miguel,TRUE,Phyto,2005,Winter,TRUE
Canario,Canário,Sao Miguel,TRUE,Phyto,2006,Autumn,FALSE
Canario,Canário,Sao Miguel,TRUE,Phyto,2006,Spring,TRUE
Canario,Canário,Sao Miguel,TRUE,Phyto,2006,Summer,TRUE
Canario,Canário,Sao Miguel,TRUE,Phyto,2006,Winter,TRUE
Canario,Canário,Sao Miguel,TRUE,Phyto,2007,Autumn,FALSE
Canario,Canário,Sao Miguel,TRUE,Phyto,2007,Spring,FALSE
Canario,Canário,Sao Miguel,TRUE,Phyto,2007,Summer,FALSE
Canario,Canário,Sao Miguel,TRUE,Phyto,2007,Winter,TRUE
Canario,Canário,Sao Miguel,TRUE,Phyto,2008,Autumn,TRUE
Canario,Canário,Sao Miguel,TRUE,Phyto,2008,Spring,TRUE
Canario,Canário,Sao Miguel,TRUE,Phyto,2008,Summer,TRUE
Canario,Canário,Sao Miguel,TRUE,Phyto,2008,Winter,FALSE
Canario,Canário,Sao Miguel,TRUE,Phyto,2009,Autumn,FALSE
Canario,Canário,Sao Miguel,TRUE,Phyto,2009,Spring,FALSE
Canario,Canário,Sao Miguel,TRUE,Phyto,2009,Summer,TRUE
Canario,Canário,Sao Miguel,TRUE,Phyto,2009,Winter,TRUE
Canario,Canário,Sao Miguel,TRUE,Phyto,2010,Autumn,TRUE
Canario,Canário,Sao Miguel,TRUE,Phyto,2010,Spring,TRUE
Canario,Canário,Sao Miguel,TRUE,Phyto,2010,Summer,TRUE
Canario,Canário,Sao Miguel,TRUE,Phyto,2010,Winter,TRUE
Canario,Canário,Sao Miguel,TRUE,Phyto,2011,Autumn,TRUE
Canario,Canário,Sao Miguel,TRUE,Phyto,2011,Spring,TRUE
Canario,Canário,Sao Miguel,TRUE,Phyto,2011,Summer,TRUE
Canario,Canário,Sao Miguel,TRUE,Phyto,2011,Winter,TRUE
Canario,Canário,Sao Miguel,TRUE,Phyto,2012,Autumn,TRUE
Canario,Canário,Sao Miguel,TRUE,Phyto,2012,Spring,TRUE
Canario,Canário,Sao Miguel,TRUE,Phyto,2012,Summer,TRUE
Canario,Canário,Sao Miguel,TRUE,Phyto,2012,Winter,TRUE
Canario,Canário,Sao Miguel,TRUE,Phyto,2013,Autumn,FALSE
Canario,Canário,Sao Miguel,TRUE,Phyto,2013,Spring,FALSE
Canario,Canário,Sao Miguel,TRUE,Phyto,2013,Summer,FALSE
Canario,Canário,Sao Miguel,TRUE,Phyto,2013,Winter,FALSE
Canario,Canário,Sao Miguel,TRUE,Phyto,2014,Autumn,FALSE
Canario,Canário,Sao Miguel,TRUE,Phyto,2014,Spring,FALSE
Canario,Canário,Sao Miguel,TRUE,Phyto,2014,Summer,FALSE
Canario,Canário,Sao Miguel,TRUE,Phyto,2014,Winter,FALSE
Canario,Canário,Sao Miguel,TRUE,Phyto,2015,Autumn,FALSE
Canario,Canário,Sao Miguel,TRUE,Phyto,2015,Spring,FALSE
Canario,Canário,Sao Miguel,TRUE,Phyto,2015,Summer,FALSE
Canario,Canário,Sao Miguel,TRUE,Phyto,2015,Winter,FALSE
Canario,Canário,Sao Miguel,TRUE,Phyto,2016,Autumn,FALSE
Canario,Canário,Sao Miguel,TRUE,Phyto,2016,Spring,FALSE
Canario,Canário,Sao Miguel,TRUE,Phyto,2016,Summer,FALSE
Canario,Canário,Sao Miguel,TRUE,Phyto,2016,Winter,FALSE
Canario,Canário,Sao Miguel,TRUE,Phyto,2017,Autumn,FALSE
Canario,Canário,Sao Miguel,TRUE,Phyto,2017,Spring,FALSE
Canario,Canário,Sao Miguel,TRUE,Phyto,2017,Summer,FALSE
Canario,Canário,Sao Miguel,TRUE,Phyto,2017,Winter,FALSE
Canario,Canário,Sao Miguel,TRUE,Phyto,2018,Autumn,TRUE
Canario,Canário,Sao Miguel,TRUE,Phyto,2018,Spring,TRUE
Canario,Canário,Sao Miguel,TRUE,Phyto,2018,Summer,TRUE
Canario,Canário,Sao Miguel,TRUE,Phyto,2018,Winter,TRUE
Canario,Canário,Sao Miguel,TRUE,Phyto,2019,Autumn,FALSE
Canario,Canário,Sao Miguel,TRUE,Phyto,2019,Spring,FALSE
Canario,Canário,Sao Miguel,TRUE,Phyto,2019,Summer,FALSE
Canario,Canário,Sao Miguel,TRUE,Phyto,2019,Winter,FALSE
Canario,Canário,Sao Miguel,TRUE,Phyto,2020,Autumn,FALSE
Canario,Canário,Sao Miguel,TRUE,Phyto,2020,Spring,FALSE
Canario,Canário,Sao Miguel,TRUE,Phyto,2020,Summer,FALSE
Canario,Canário,Sao Miguel,TRUE,Phyto,2020,Winter,FALSE
Canario,Canário,Sao Miguel,TRUE,Phyto,2021,Autumn,FALSE
Canario,Canário,Sao Miguel,TRUE,Phyto,2021,Spring,FALSE
Canario,Canário,Sao Miguel,TRUE,Phyto,2021,Summer,FALSE
Canario,Canário,Sao Miguel,TRUE,Phyto,2021,Winter,FALSE
Canario,Canário,Sao Miguel,TRUE,Phyto,2022,Autumn,FALSE
Canario,Canário,Sao Miguel,TRUE,Phyto,2022,Spring,FALSE
Canario,Canário,Sao Miguel,TRUE,Phyto,2022,Summer,FALSE
Canario,Canário,Sao Miguel,TRUE,Phyto,2022,Winter,FALSE
Canario,Canário,Sao Miguel,TRUE,Phyto,2023,Autumn,FALSE
Canario,Canário,Sao Miguel,TRUE,Phyto,2023,Spring,FALSE
Canario,Canário,Sao Miguel,TRUE,Phyto,2023,Summer,FALSE
Canario,Canário,Sao Miguel,TRUE,Phyto,2023,Winter,FALSE
Canario,Canário,Sao Miguel,TRUE,Phyto,2024,Autumn,TRUE
Canario,Canário,Sao Miguel,TRUE,Phyto,2024,Spring,TRUE
Canario,Canário,Sao Miguel,TRUE,Phyto,2024,Summer,TRUE
Canario,Canário,Sao Miguel,TRUE,Phyto,2024,Winter,TRUE
Canario,Canário,Sao Miguel,TRUE,Phyto,2025,Autumn,TRUE
Canario,Canário,Sao Miguel,TRUE,Phyto,2025,Spring,TRUE
Canario,Canário,Sao Miguel,TRUE,Phyto,2025,Summer,TRUE
Canario,Canário,Sao Miguel,TRUE,Phyto,2025,Winter,TRUE
Canario,Canário,Sao Miguel,TRUE,Zoo,2003,Autumn,FALSE
Canario,Canário,Sao Miguel,TRUE,Zoo,2003,Spring,FALSE
Canario,Canário,Sao Miguel,TRUE,Zoo,2003,Summer,FALSE
Canario,Canário,Sao Miguel,TRUE,Zoo,2003,Winter,FALSE
Canario,Canário,Sao Miguel,TRUE,Zoo,2004,Autumn,FALSE
Canario,Canário,Sao Miguel,TRUE,Zoo,2004,Spring,FALSE
Canario,Canário,Sao Miguel,TRUE,Zoo,2004,Summer,FALSE
Canario,Canário,Sao Miguel,TRUE,Zoo,2004,Winter,FALSE
Canario,Canário,Sao Miguel,TRUE,Zoo,2005,Autumn,FALSE
Canario,Canário,Sao Miguel,TRUE,Zoo,2005,Spring,FALSE
Canario,Canário,Sao Miguel,TRUE,Zoo,2005,Summer,FALSE
Canario,Canário,Sao Miguel,TRUE,Zoo,2005,Winter,FALSE
Canario,Canário,Sao Miguel,TRUE,Zoo,2006,Autumn,FALSE
Canario,Canário,Sao Miguel,TRUE,Zoo,2006,Spring,FALSE
Canario,Canário,Sao Miguel,TRUE,Zoo,2006,Summer,FALSE
Canario,Canário,Sao Miguel,TRUE,Zoo,2006,Winter,FALSE
Canario,Canário,Sao Miguel,TRUE,Zoo,2007,Autumn,FALSE
Canario,Canário,Sao Miguel,TRUE,Zoo,2007,Spring,FALSE
Canario,Canário,Sao Miguel,TRUE,Zoo,2007,Summer,FALSE
Canario,Canário,Sao Miguel,TRUE,Zoo,2007,Winter,FALSE
Canario,Canário,Sao Miguel,TRUE,Zoo,2008,Autumn,FALSE
Canario,Canário,Sao Miguel,TRUE,Zoo,2008,Spring,FALSE
Canario,Canário,Sao Miguel,TRUE,Zoo,2008,Summer,FALSE
Canario,Canário,Sao Miguel,TRUE,Zoo,2008,Winter,FALSE
Canario,Canário,Sao Miguel,TRUE,Zoo,2009,Autumn,FALSE
Canario,Canário,Sao Miguel,TRUE,Zoo,2009,Spring,FALSE
Canario,Canário,Sao Miguel,TRUE,Zoo,2009,Summer,FALSE
Canario,Canário,Sao Miguel,TRUE,Zoo,2009,Winter,FALSE
Canario,Canário,Sao Miguel,TRUE,Zoo,2010,Autumn,FALSE
Canario,Canário,Sao Miguel,TRUE,Zoo,2010,Spring,FALSE
Canario,Canário,Sao Miguel,TRUE,Zoo,2010,Summer,FALSE
Canario,Canário,Sao Miguel,TRUE,Zoo,2010,Winter,FALSE
Canario,Canário,Sao Miguel,TRUE,Zoo,2011,Autumn,FALSE
Canario,Canário,Sao Miguel,TRUE,Zoo,2011,Spring,FALSE
Canario,Canário,Sao Miguel,TRUE,Zoo,2011,Summer,TRUE
Canario,Canário,Sao Miguel,TRUE,Zoo,2011,Winter,FALSE
Canario,Canário,Sao Miguel,TRUE,Zoo,2012,Autumn,FALSE
Canario,Canário,Sao Miguel,TRUE,Zoo,2012,Spring,FALSE
Canario,Canário,Sao Miguel,TRUE,Zoo,2012,Summer,FALSE
Canario,Canário,Sao Miguel,TRUE,Zoo,2012,Winter,FALSE
Canario,Canário,Sao Miguel,TRUE,Zoo,2013,Autumn,FALSE
Canario,Canário,Sao Miguel,TRUE,Zoo,2013,Spring,FALSE
Canario,Canário,Sao Miguel,TRUE,Zoo,2013,Summer,FALSE
Canario,Canário,Sao Miguel,TRUE,Zoo,2013,Winter,FALSE
Canario,Canário,Sao Miguel,TRUE,Zoo,2014,Autumn,FALSE
Canario,Canário,Sao Miguel,TRUE,Zoo,2014,Spring,FALSE
Canario,Canário,Sao Miguel,TRUE,Zoo,2014,Summer,FALSE
Canario,Canário,Sao Miguel,TRUE,Zoo,2014,Winter,FALSE
Canario,Canário,Sao Miguel,TRUE,Zoo,2015,Autumn,FALSE
Canario,Canário,Sao Miguel,TRUE,Zoo,2015,Spring,FALSE
Canario,Canário,Sao Miguel,TRUE,Zoo,2015,Summer,FALSE
Canario,Canário,Sao Miguel,TRUE,Zoo,2015,Winter,FALSE
Canario,Canário,Sao Miguel,TRUE,Zoo,2016,Autumn,FALSE
Canario,Canário,Sao Miguel,TRUE,Zoo,2016,Spring,FALSE
Canario,Canário,Sao Miguel,TRUE,Zoo,2016,Summer,FALSE
Canario,Canário,Sao Miguel,TRUE,Zoo,2016,Winter,FALSE
Canario,Canário,Sao Miguel,TRUE,Zoo,2017,Autumn,FALSE
Canario,Canário,Sao Miguel,TRUE,Zoo,2017,Spring,FALSE
Canario,Canário,Sao Miguel,TRUE,Zoo,2017,Summer,FALSE
Canario,Canário,Sao Miguel,TRUE,Zoo,2017,Winter,FALSE
Canario,Canário,Sao Miguel,TRUE,Zoo,2018,Autumn,FALSE
Canario,Canário,Sao Miguel,TRUE,Zoo,2018,Spring,FALSE
Canario,Canário,Sao Miguel,TRUE,Zoo,2018,Summer,FALSE
Canario,Canário,Sao Miguel,TRUE,Zoo,2018,Winter,FALSE
Canario,Canário,Sao Miguel,TRUE,Zoo,2019,Autumn,FALSE
Canario,Canário,Sao Miguel,TRUE,Zoo,2019,Spring,FALSE
Canario,Canário,Sao Miguel,TRUE,Zoo,2019,Summer,FALSE
Canario,Canário,Sao Miguel,TRUE,Zoo,2019,Winter,FALSE
Canario,Canário,Sao Miguel,TRUE,Zoo,2020,Autumn,FALSE
Canario,Canário,Sao Miguel,TRUE,Zoo,2020,Spring,FALSE
Canario,Canário,Sao Miguel,TRUE,Zoo,2020,Summer,FALSE
Canario,Canário,Sao Miguel,TRUE,Zoo,2020,Winter,FALSE
Canario,Canário,Sao Miguel,TRUE,Zoo,2021,Autumn,FALSE
Canario,Canário,Sao Miguel,TRUE,Zoo,2021,Spring,FALSE
Canario,Canário,Sao Miguel,TRUE,Zoo,2021,Summer,FALSE
Canario,Canário,Sao Miguel,TRUE,Zoo,2021,Winter,FALSE
Canario,Canário,Sao Miguel,TRUE,Zoo,2022,Autumn,FALSE
Canario,Canário,Sao Miguel,TRUE,Zoo,2022,Spring,FALSE
Canario,Canário,Sao Miguel,TRUE,Zoo,2022,Summer,FALSE
Canario,Canário,Sao Miguel,TRUE,Zoo,2022,Winter,FALSE
Canario,Canário,Sao Miguel,TRUE,Zoo,2023,Autumn,FALSE
Canario,Canário,Sao Miguel,TRUE,Zoo,2023,Spring,FALSE
Canario,Canário,Sao Miguel,TRUE,Zoo,2023,Summer,FALSE
Canario,Canário,Sao Miguel,TRUE,Zoo,2023,Winter,FALSE
Canario,Canário,Sao Miguel,TRUE,Zoo,2024,Autumn,FALSE
Canario,Canário,Sao Miguel,TRUE,Zoo,2024,Spring,FALSE
Canario,Canário,Sao Miguel,TRUE,Zoo,2024,Summer,FALSE
Canario,Canário,Sao Miguel,TRUE,Zoo,2024,Winter,FALSE
Canario,Canário,Sao Miguel,TRUE,Zoo,2025,Autumn,FALSE
Canario,Canário,Sao Miguel,TRUE,Zoo,2025,Spring,TRUE
Canario,Canário,Sao Miguel,TRUE,Zoo,2025,Summer,FALSE
Canario,Canário,Sao Miguel,TRUE,Zoo,2025,Winter,FALSE
Capitao,Capitão,Pico,TRUE,Diatom,2003,Autumn,FALSE
Capitao,Capitão,Pico,TRUE,Diatom,2003,Spring,FALSE
Capitao,Capitão,Pico,TRUE,Diatom,2003,Summer,FALSE
Capitao,Capitão,Pico,TRUE,Diatom,2003,Winter,FALSE
Capitao,Capitão,Pico,TRUE,Diatom,2004,Autumn,TRUE
Capitao,Capitão,Pico,TRUE,Diatom,2004,Spring,FALSE
Capitao,Capitão,Pico,TRUE,Diatom,2004,Summer,FALSE
Capitao,Capitão,Pico,TRUE,Diatom,2004,Winter,FALSE
Capitao,Capitão,Pico,TRUE,Diatom,2005,Autumn,FALSE
Capitao,Capitão,Pico,TRUE,Diatom,2005,Spring,TRUE
Capitao,Capitão,Pico,TRUE,Diatom,2005,Summer,TRUE
Capitao,Capitão,Pico,TRUE,Diatom,2005,Winter,TRUE
Capitao,Capitão,Pico,TRUE,Diatom,2006,Autumn,TRUE
Capitao,Capitão,Pico,TRUE,Diatom,2006,Spring,TRUE
Capitao,Capitão,Pico,TRUE,Diatom,2006,Summer,TRUE
Capitao,Capitão,Pico,TRUE,Diatom,2006,Winter,TRUE
Capitao,Capitão,Pico,TRUE,Diatom,2007,Autumn,FALSE
Capitao,Capitão,Pico,TRUE,Diatom,2007,Spring,FALSE
Capitao,Capitão,Pico,TRUE,Diatom,2007,Summer,FALSE
Capitao,Capitão,Pico,TRUE,Diatom,2007,Winter,FALSE
Capitao,Capitão,Pico,TRUE,Diatom,2008,Autumn,TRUE
Capitao,Capitão,Pico,TRUE,Diatom,2008,Spring,TRUE
Capitao,Capitão,Pico,TRUE,Diatom,2008,Summer,TRUE
Capitao,Capitão,Pico,TRUE,Diatom,2008,Winter,TRUE
Capitao,Capitão,Pico,TRUE,Diatom,2009,Autumn,FALSE
Capitao,Capitão,Pico,TRUE,Diatom,2009,Spring,TRUE
Capitao,Capitão,Pico,TRUE,Diatom,2009,Summer,TRUE
Capitao,Capitão,Pico,TRUE,Diatom,2009,Winter,FALSE
Capitao,Capitão,Pico,TRUE,Diatom,2010,Autumn,FALSE
Capitao,Capitão,Pico,TRUE,Diatom,2010,Spring,TRUE
Capitao,Capitão,Pico,TRUE,Diatom,2010,Summer,FALSE
Capitao,Capitão,Pico,TRUE,Diatom,2010,Winter,TRUE
Capitao,Capitão,Pico,TRUE,Diatom,2011,Autumn,TRUE
Capitao,Capitão,Pico,TRUE,Diatom,2011,Spring,TRUE
Capitao,Capitão,Pico,TRUE,Diatom,2011,Summer,TRUE
Capitao,Capitão,Pico,TRUE,Diatom,2011,Winter,TRUE
Capitao,Capitão,Pico,TRUE,Diatom,2012,Autumn,TRUE
Capitao,Capitão,Pico,TRUE,Diatom,2012,Spring,TRUE
Capitao,Capitão,Pico,TRUE,Diatom,2012,Summer,TRUE
Capitao,Capitão,Pico,TRUE,Diatom,2012,Winter,TRUE
Capitao,Capitão,Pico,TRUE,Diatom,2013,Autumn,FALSE
Capitao,Capitão,Pico,TRUE,Diatom,2013,Spring,FALSE
Capitao,Capitão,Pico,TRUE,Diatom,2013,Summer,FALSE
Capitao,Capitão,Pico,TRUE,Diatom,2013,Winter,FALSE
Capitao,Capitão,Pico,TRUE,Diatom,2014,Autumn,FALSE
Capitao,Capitão,Pico,TRUE,Diatom,2014,Spring,FALSE
Capitao,Capitão,Pico,TRUE,Diatom,2014,Summer,FALSE
Capitao,Capitão,Pico,TRUE,Diatom,2014,Winter,FALSE
Capitao,Capitão,Pico,TRUE,Diatom,2015,Autumn,TRUE
Capitao,Capitão,Pico,TRUE,Diatom,2015,Spring,FALSE
Capitao,Capitão,Pico,TRUE,Diatom,2015,Summer,FALSE
Capitao,Capitão,Pico,TRUE,Diatom,2015,Winter,FALSE
Capitao,Capitão,Pico,TRUE,Diatom,2016,Autumn,TRUE
Capitao,Capitão,Pico,TRUE,Diatom,2016,Spring,TRUE
Capitao,Capitão,Pico,TRUE,Diatom,2016,Summer,TRUE
Capitao,Capitão,Pico,TRUE,Diatom,2016,Winter,FALSE
Capitao,Capitão,Pico,TRUE,Diatom,2017,Autumn,TRUE
Capitao,Capitão,Pico,TRUE,Diatom,2017,Spring,FALSE
Capitao,Capitão,Pico,TRUE,Diatom,2017,Summer,FALSE
Capitao,Capitão,Pico,TRUE,Diatom,2017,Winter,TRUE
Capitao,Capitão,Pico,TRUE,Diatom,2018,Autumn,FALSE
Capitao,Capitão,Pico,TRUE,Diatom,2018,Spring,TRUE
Capitao,Capitão,Pico,TRUE,Diatom,2018,Summer,FALSE
Capitao,Capitão,Pico,TRUE,Diatom,2018,Winter,TRUE
Capitao,Capitão,Pico,TRUE,Diatom,2019,Autumn,FALSE
Capitao,Capitão,Pico,TRUE,Diatom,2019,Spring,FALSE
Capitao,Capitão,Pico,TRUE,Diatom,2019,Summer,FALSE
Capitao,Capitão,Pico,TRUE,Diatom,2019,Winter,FALSE
Capitao,Capitão,Pico,TRUE,Diatom,2020,Autumn,FALSE
Capitao,Capitão,Pico,TRUE,Diatom,2020,Spring,FALSE
Capitao,Capitão,Pico,TRUE,Diatom,2020,Summer,FALSE
Capitao,Capitão,Pico,TRUE,Diatom,2020,Winter,FALSE
Capitao,Capitão,Pico,TRUE,Diatom,2021,Autumn,FALSE
Capitao,Capitão,Pico,TRUE,Diatom,2021,Spring,FALSE
Capitao,Capitão,Pico,TRUE,Diatom,2021,Summer,FALSE
Capitao,Capitão,Pico,TRUE,Diatom,2021,Winter,FALSE
Capitao,Capitão,Pico,TRUE,Diatom,2022,Autumn,FALSE
Capitao,Capitão,Pico,TRUE,Diatom,2022,Spring,FALSE
Capitao,Capitão,Pico,TRUE,Diatom,2022,Summer,FALSE
Capitao,Capitão,Pico,TRUE,Diatom,2022,Winter,FALSE
Capitao,Capitão,Pico,TRUE,Diatom,2023,Autumn,FALSE
Capitao,Capitão,Pico,TRUE,Diatom,2023,Spring,FALSE
Capitao,Capitão,Pico,TRUE,Diatom,2023,Summer,FALSE
Capitao,Capitão,Pico,TRUE,Diatom,2023,Winter,FALSE
Capitao,Capitão,Pico,TRUE,Diatom,2024,Autumn,TRUE
Capitao,Capitão,Pico,TRUE,Diatom,2024,Spring,TRUE
Capitao,Capitão,Pico,TRUE,Diatom,2024,Summer,TRUE
Capitao,Capitão,Pico,TRUE,Diatom,2024,Winter,TRUE
Capitao,Capitão,Pico,TRUE,Diatom,2025,Autumn,TRUE
Capitao,Capitão,Pico,TRUE,Diatom,2025,Spring,TRUE
Capitao,Capitão,Pico,TRUE,Diatom,2025,Summer,TRUE
Capitao,Capitão,Pico,TRUE,Diatom,2025,Winter,TRUE
Capitao,Capitão,Pico,TRUE,Env,2003,Autumn,FALSE
Capitao,Capitão,Pico,TRUE,Env,2003,Spring,FALSE
Capitao,Capitão,Pico,TRUE,Env,2003,Summer,FALSE
Capitao,Capitão,Pico,TRUE,Env,2003,Winter,FALSE
Capitao,Capitão,Pico,TRUE,Env,2004,Autumn,TRUE
Capitao,Capitão,Pico,TRUE,Env,2004,Spring,FALSE
Capitao,Capitão,Pico,TRUE,Env,2004,Summer,FALSE
Capitao,Capitão,Pico,TRUE,Env,2004,Winter,FALSE
Capitao,Capitão,Pico,TRUE,Env,2005,Autumn,FALSE
Capitao,Capitão,Pico,TRUE,Env,2005,Spring,TRUE
Capitao,Capitão,Pico,TRUE,Env,2005,Summer,TRUE
Capitao,Capitão,Pico,TRUE,Env,2005,Winter,TRUE
Capitao,Capitão,Pico,TRUE,Env,2006,Autumn,TRUE
Capitao,Capitão,Pico,TRUE,Env,2006,Spring,TRUE
Capitao,Capitão,Pico,TRUE,Env,2006,Summer,TRUE
Capitao,Capitão,Pico,TRUE,Env,2006,Winter,TRUE
Capitao,Capitão,Pico,TRUE,Env,2007,Autumn,FALSE
Capitao,Capitão,Pico,TRUE,Env,2007,Spring,FALSE
Capitao,Capitão,Pico,TRUE,Env,2007,Summer,FALSE
Capitao,Capitão,Pico,TRUE,Env,2007,Winter,FALSE
Capitao,Capitão,Pico,TRUE,Env,2008,Autumn,TRUE
Capitao,Capitão,Pico,TRUE,Env,2008,Spring,TRUE
Capitao,Capitão,Pico,TRUE,Env,2008,Summer,TRUE
Capitao,Capitão,Pico,TRUE,Env,2008,Winter,TRUE
Capitao,Capitão,Pico,TRUE,Env,2009,Autumn,FALSE
Capitao,Capitão,Pico,TRUE,Env,2009,Spring,FALSE
Capitao,Capitão,Pico,TRUE,Env,2009,Summer,FALSE
Capitao,Capitão,Pico,TRUE,Env,2009,Winter,FALSE
Capitao,Capitão,Pico,TRUE,Env,2010,Autumn,TRUE
Capitao,Capitão,Pico,TRUE,Env,2010,Spring,TRUE
Capitao,Capitão,Pico,TRUE,Env,2010,Summer,TRUE
Capitao,Capitão,Pico,TRUE,Env,2010,Winter,TRUE
Capitao,Capitão,Pico,TRUE,Env,2011,Autumn,TRUE
Capitao,Capitão,Pico,TRUE,Env,2011,Spring,TRUE
Capitao,Capitão,Pico,TRUE,Env,2011,Summer,TRUE
Capitao,Capitão,Pico,TRUE,Env,2011,Winter,TRUE
Capitao,Capitão,Pico,TRUE,Env,2012,Autumn,FALSE
Capitao,Capitão,Pico,TRUE,Env,2012,Spring,TRUE
Capitao,Capitão,Pico,TRUE,Env,2012,Summer,TRUE
Capitao,Capitão,Pico,TRUE,Env,2012,Winter,TRUE
Capitao,Capitão,Pico,TRUE,Env,2013,Autumn,FALSE
Capitao,Capitão,Pico,TRUE,Env,2013,Spring,FALSE
Capitao,Capitão,Pico,TRUE,Env,2013,Summer,FALSE
Capitao,Capitão,Pico,TRUE,Env,2013,Winter,FALSE
Capitao,Capitão,Pico,TRUE,Env,2014,Autumn,FALSE
Capitao,Capitão,Pico,TRUE,Env,2014,Spring,FALSE
Capitao,Capitão,Pico,TRUE,Env,2014,Summer,FALSE
Capitao,Capitão,Pico,TRUE,Env,2014,Winter,FALSE
Capitao,Capitão,Pico,TRUE,Env,2015,Autumn,FALSE
Capitao,Capitão,Pico,TRUE,Env,2015,Spring,FALSE
Capitao,Capitão,Pico,TRUE,Env,2015,Summer,FALSE
Capitao,Capitão,Pico,TRUE,Env,2015,Winter,FALSE
Capitao,Capitão,Pico,TRUE,Env,2016,Autumn,FALSE
Capitao,Capitão,Pico,TRUE,Env,2016,Spring,FALSE
Capitao,Capitão,Pico,TRUE,Env,2016,Summer,FALSE
Capitao,Capitão,Pico,TRUE,Env,2016,Winter,FALSE
Capitao,Capitão,Pico,TRUE,Env,2017,Autumn,FALSE
Capitao,Capitão,Pico,TRUE,Env,2017,Spring,FALSE
Capitao,Capitão,Pico,TRUE,Env,2017,Summer,FALSE
Capitao,Capitão,Pico,TRUE,Env,2017,Winter,FALSE
Capitao,Capitão,Pico,TRUE,Env,2018,Autumn,FALSE
Capitao,Capitão,Pico,TRUE,Env,2018,Spring,TRUE
Capitao,Capitão,Pico,TRUE,Env,2018,Summer,FALSE
Capitao,Capitão,Pico,TRUE,Env,2018,Winter,FALSE
Capitao,Capitão,Pico,TRUE,Env,2019,Autumn,FALSE
Capitao,Capitão,Pico,TRUE,Env,2019,Spring,FALSE
Capitao,Capitão,Pico,TRUE,Env,2019,Summer,FALSE
Capitao,Capitão,Pico,TRUE,Env,2019,Winter,FALSE
Capitao,Capitão,Pico,TRUE,Env,2020,Autumn,FALSE
Capitao,Capitão,Pico,TRUE,Env,2020,Spring,FALSE
Capitao,Capitão,Pico,TRUE,Env,2020,Summer,FALSE
Capitao,Capitão,Pico,TRUE,Env,2020,Winter,FALSE
Capitao,Capitão,Pico,TRUE,Env,2021,Autumn,FALSE
Capitao,Capitão,Pico,TRUE,Env,2021,Spring,FALSE
Capitao,Capitão,Pico,TRUE,Env,2021,Summer,FALSE
Capitao,Capitão,Pico,TRUE,Env,2021,Winter,FALSE
Capitao,Capitão,Pico,TRUE,Env,2022,Autumn,FALSE
Capitao,Capitão,Pico,TRUE,Env,2022,Spring,FALSE
Capitao,Capitão,Pico,TRUE,Env,2022,Summer,FALSE
Capitao,Capitão,Pico,TRUE,Env,2022,Winter,FALSE
Capitao,Capitão,Pico,TRUE,Env,2023,Autumn,FALSE
Capitao,Capitão,Pico,TRUE,Env,2023,Spring,FALSE
Capitao,Capitão,Pico,TRUE,Env,2023,Summer,FALSE
Capitao,Capitão,Pico,TRUE,Env,2023,Winter,FALSE
Capitao,Capitão,Pico,TRUE,Env,2024,Autumn,TRUE
Capitao,Capitão,Pico,TRUE,Env,2024,Spring,TRUE
Capitao,Capitão,Pico,TRUE,Env,2024,Summer,TRUE
Capitao,Capitão,Pico,TRUE,Env,2024,Winter,TRUE
Capitao,Capitão,Pico,TRUE,Env,2025,Autumn,TRUE
Capitao,Capitão,Pico,TRUE,Env,2025,Spring,TRUE
Capitao,Capitão,Pico,TRUE,Env,2025,Summer,TRUE
Capitao,Capitão,Pico,TRUE,Env,2025,Winter,TRUE
Capitao,Capitão,Pico,TRUE,Macro,2003,Autumn,FALSE
Capitao,Capitão,Pico,TRUE,Macro,2003,Spring,FALSE
Capitao,Capitão,Pico,TRUE,Macro,2003,Summer,FALSE
Capitao,Capitão,Pico,TRUE,Macro,2003,Winter,FALSE
Capitao,Capitão,Pico,TRUE,Macro,2004,Autumn,TRUE
Capitao,Capitão,Pico,TRUE,Macro,2004,Spring,FALSE
Capitao,Capitão,Pico,TRUE,Macro,2004,Summer,FALSE
Capitao,Capitão,Pico,TRUE,Macro,2004,Winter,FALSE
Capitao,Capitão,Pico,TRUE,Macro,2005,Autumn,FALSE
Capitao,Capitão,Pico,TRUE,Macro,2005,Spring,TRUE
Capitao,Capitão,Pico,TRUE,Macro,2005,Summer,TRUE
Capitao,Capitão,Pico,TRUE,Macro,2005,Winter,FALSE
Capitao,Capitão,Pico,TRUE,Macro,2006,Autumn,FALSE
Capitao,Capitão,Pico,TRUE,Macro,2006,Spring,TRUE
Capitao,Capitão,Pico,TRUE,Macro,2006,Summer,FALSE
Capitao,Capitão,Pico,TRUE,Macro,2006,Winter,TRUE
Capitao,Capitão,Pico,TRUE,Macro,2007,Autumn,FALSE
Capitao,Capitão,Pico,TRUE,Macro,2007,Spring,FALSE
Capitao,Capitão,Pico,TRUE,Macro,2007,Summer,FALSE
Capitao,Capitão,Pico,TRUE,Macro,2007,Winter,FALSE
Capitao,Capitão,Pico,TRUE,Macro,2008,Autumn,TRUE
Capitao,Capitão,Pico,TRUE,Macro,2008,Spring,TRUE
Capitao,Capitão,Pico,TRUE,Macro,2008,Summer,TRUE
Capitao,Capitão,Pico,TRUE,Macro,2008,Winter,TRUE
Capitao,Capitão,Pico,TRUE,Macro,2009,Autumn,FALSE
Capitao,Capitão,Pico,TRUE,Macro,2009,Spring,FALSE
Capitao,Capitão,Pico,TRUE,Macro,2009,Summer,TRUE
Capitao,Capitão,Pico,TRUE,Macro,2009,Winter,TRUE
Capitao,Capitão,Pico,TRUE,Macro,2010,Autumn,TRUE
Capitao,Capitão,Pico,TRUE,Macro,2010,Spring,TRUE
Capitao,Capitão,Pico,TRUE,Macro,2010,Summer,TRUE
Capitao,Capitão,Pico,TRUE,Macro,2010,Winter,TRUE
Capitao,Capitão,Pico,TRUE,Macro,2011,Autumn,TRUE
Capitao,Capitão,Pico,TRUE,Macro,2011,Spring,TRUE
Capitao,Capitão,Pico,TRUE,Macro,2011,Summer,TRUE
Capitao,Capitão,Pico,TRUE,Macro,2011,Winter,TRUE
Capitao,Capitão,Pico,TRUE,Macro,2012,Autumn,TRUE
Capitao,Capitão,Pico,TRUE,Macro,2012,Spring,TRUE
Capitao,Capitão,Pico,TRUE,Macro,2012,Summer,TRUE
Capitao,Capitão,Pico,TRUE,Macro,2012,Winter,TRUE
Capitao,Capitão,Pico,TRUE,Macro,2013,Autumn,FALSE
Capitao,Capitão,Pico,TRUE,Macro,2013,Spring,FALSE
Capitao,Capitão,Pico,TRUE,Macro,2013,Summer,FALSE
Capitao,Capitão,Pico,TRUE,Macro,2013,Winter,FALSE
Capitao,Capitão,Pico,TRUE,Macro,2014,Autumn,FALSE
Capitao,Capitão,Pico,TRUE,Macro,2014,Spring,FALSE
Capitao,Capitão,Pico,TRUE,Macro,2014,Summer,FALSE
Capitao,Capitão,Pico,TRUE,Macro,2014,Winter,FALSE
Capitao,Capitão,Pico,TRUE,Macro,2015,Autumn,FALSE
Capitao,Capitão,Pico,TRUE,Macro,2015,Spring,FALSE
Capitao,Capitão,Pico,TRUE,Macro,2015,Summer,FALSE
Capitao,Capitão,Pico,TRUE,Macro,2015,Winter,FALSE
Capitao,Capitão,Pico,TRUE,Macro,2016,Autumn,FALSE
Capitao,Capitão,Pico,TRUE,Macro,2016,Spring,FALSE
Capitao,Capitão,Pico,TRUE,Macro,2016,Summer,FALSE
Capitao,Capitão,Pico,TRUE,Macro,2016,Winter,FALSE
Capitao,Capitão,Pico,TRUE,Macro,2017,Autumn,FALSE
Capitao,Capitão,Pico,TRUE,Macro,2017,Spring,FALSE
Capitao,Capitão,Pico,TRUE,Macro,2017,Summer,FALSE
Capitao,Capitão,Pico,TRUE,Macro,2017,Winter,FALSE
Capitao,Capitão,Pico,TRUE,Macro,2018,Autumn,FALSE
Capitao,Capitão,Pico,TRUE,Macro,2018,Spring,TRUE
Capitao,Capitão,Pico,TRUE,Macro,2018,Summer,FALSE
Capitao,Capitão,Pico,TRUE,Macro,2018,Winter,FALSE
Capitao,Capitão,Pico,TRUE,Macro,2019,Autumn,FALSE
Capitao,Capitão,Pico,TRUE,Macro,2019,Spring,FALSE
Capitao,Capitão,Pico,TRUE,Macro,2019,Summer,FALSE
Capitao,Capitão,Pico,TRUE,Macro,2019,Winter,FALSE
Capitao,Capitão,Pico,TRUE,Macro,2020,Autumn,FALSE
Capitao,Capitão,Pico,TRUE,Macro,2020,Spring,FALSE
Capitao,Capitão,Pico,TRUE,Macro,2020,Summer,FALSE
Capitao,Capitão,Pico,TRUE,Macro,2020,Winter,FALSE
Capitao,Capitão,Pico,TRUE,Macro,2021,Autumn,FALSE
Capitao,Capitão,Pico,TRUE,Macro,2021,Spring,FALSE
Capitao,Capitão,Pico,TRUE,Macro,2021,Summer,FALSE
Capitao,Capitão,Pico,TRUE,Macro,2021,Winter,FALSE
Capitao,Capitão,Pico,TRUE,Macro,2022,Autumn,FALSE
Capitao,Capitão,Pico,TRUE,Macro,2022,Spring,FALSE
Capitao,Capitão,Pico,TRUE,Macro,2022,Summer,FALSE
Capitao,Capitão,Pico,TRUE,Macro,2022,Winter,FALSE
Capitao,Capitão,Pico,TRUE,Macro,2023,Autumn,FALSE
Capitao,Capitão,Pico,TRUE,Macro,2023,Spring,FALSE
Capitao,Capitão,Pico,TRUE,Macro,2023,Summer,FALSE
Capitao,Capitão,Pico,TRUE,Macro,2023,Winter,FALSE
Capitao,Capitão,Pico,TRUE,Macro,2024,Autumn,TRUE
Capitao,Capitão,Pico,TRUE,Macro,2024,Spring,TRUE
Capitao,Capitão,Pico,TRUE,Macro,2024,Summer,TRUE
Capitao,Capitão,Pico,TRUE,Macro,2024,Winter,TRUE
Capitao,Capitão,Pico,TRUE,Macro,2025,Autumn,FALSE
Capitao,Capitão,Pico,TRUE,Macro,2025,Spring,TRUE
Capitao,Capitão,Pico,TRUE,Macro,2025,Summer,TRUE
Capitao,Capitão,Pico,TRUE,Macro,2025,Winter,TRUE
Capitao,Capitão,Pico,TRUE,Phyto,2003,Autumn,FALSE
Capitao,Capitão,Pico,TRUE,Phyto,2003,Spring,FALSE
Capitao,Capitão,Pico,TRUE,Phyto,2003,Summer,FALSE
Capitao,Capitão,Pico,TRUE,Phyto,2003,Winter,FALSE
Capitao,Capitão,Pico,TRUE,Phyto,2004,Autumn,TRUE
Capitao,Capitão,Pico,TRUE,Phyto,2004,Spring,FALSE
Capitao,Capitão,Pico,TRUE,Phyto,2004,Summer,FALSE
Capitao,Capitão,Pico,TRUE,Phyto,2004,Winter,FALSE
Capitao,Capitão,Pico,TRUE,Phyto,2005,Autumn,FALSE
Capitao,Capitão,Pico,TRUE,Phyto,2005,Spring,TRUE
Capitao,Capitão,Pico,TRUE,Phyto,2005,Summer,TRUE
Capitao,Capitão,Pico,TRUE,Phyto,2005,Winter,TRUE
Capitao,Capitão,Pico,TRUE,Phyto,2006,Autumn,TRUE
Capitao,Capitão,Pico,TRUE,Phyto,2006,Spring,TRUE
Capitao,Capitão,Pico,TRUE,Phyto,2006,Summer,TRUE
Capitao,Capitão,Pico,TRUE,Phyto,2006,Winter,TRUE
Capitao,Capitão,Pico,TRUE,Phyto,2007,Autumn,FALSE
Capitao,Capitão,Pico,TRUE,Phyto,2007,Spring,FALSE
Capitao,Capitão,Pico,TRUE,Phyto,2007,Summer,FALSE
Capitao,Capitão,Pico,TRUE,Phyto,2007,Winter,FALSE
Capitao,Capitão,Pico,TRUE,Phyto,2008,Autumn,TRUE
Capitao,Capitão,Pico,TRUE,Phyto,2008,Spring,TRUE
Capitao,Capitão,Pico,TRUE,Phyto,2008,Summer,TRUE
Capitao,Capitão,Pico,TRUE,Phyto,2008,Winter,TRUE
Capitao,Capitão,Pico,TRUE,Phyto,2009,Autumn,FALSE
Capitao,Capitão,Pico,TRUE,Phyto,2009,Spring,FALSE
Capitao,Capitão,Pico,TRUE,Phyto,2009,Summer,TRUE
Capitao,Capitão,Pico,TRUE,Phyto,2009,Winter,TRUE
Capitao,Capitão,Pico,TRUE,Phyto,2010,Autumn,TRUE
Capitao,Capitão,Pico,TRUE,Phyto,2010,Spring,TRUE
Capitao,Capitão,Pico,TRUE,Phyto,2010,Summer,TRUE
Capitao,Capitão,Pico,TRUE,Phyto,2010,Winter,TRUE
Capitao,Capitão,Pico,TRUE,Phyto,2011,Autumn,TRUE
Capitao,Capitão,Pico,TRUE,Phyto,2011,Spring,TRUE
Capitao,Capitão,Pico,TRUE,Phyto,2011,Summer,TRUE
Capitao,Capitão,Pico,TRUE,Phyto,2011,Winter,TRUE
Capitao,Capitão,Pico,TRUE,Phyto,2012,Autumn,TRUE
Capitao,Capitão,Pico,TRUE,Phyto,2012,Spring,TRUE
Capitao,Capitão,Pico,TRUE,Phyto,2012,Summer,TRUE
Capitao,Capitão,Pico,TRUE,Phyto,2012,Winter,TRUE
Capitao,Capitão,Pico,TRUE,Phyto,2013,Autumn,FALSE
Capitao,Capitão,Pico,TRUE,Phyto,2013,Spring,FALSE
Capitao,Capitão,Pico,TRUE,Phyto,2013,Summer,FALSE
Capitao,Capitão,Pico,TRUE,Phyto,2013,Winter,FALSE
Capitao,Capitão,Pico,TRUE,Phyto,2014,Autumn,FALSE
Capitao,Capitão,Pico,TRUE,Phyto,2014,Spring,FALSE
Capitao,Capitão,Pico,TRUE,Phyto,2014,Summer,FALSE
Capitao,Capitão,Pico,TRUE,Phyto,2014,Winter,FALSE
Capitao,Capitão,Pico,TRUE,Phyto,2015,Autumn,FALSE
Capitao,Capitão,Pico,TRUE,Phyto,2015,Spring,FALSE
Capitao,Capitão,Pico,TRUE,Phyto,2015,Summer,FALSE
Capitao,Capitão,Pico,TRUE,Phyto,2015,Winter,FALSE
Capitao,Capitão,Pico,TRUE,Phyto,2016,Autumn,FALSE
Capitao,Capitão,Pico,TRUE,Phyto,2016,Spring,FALSE
Capitao,Capitão,Pico,TRUE,Phyto,2016,Summer,FALSE
Capitao,Capitão,Pico,TRUE,Phyto,2016,Winter,FALSE
Capitao,Capitão,Pico,TRUE,Phyto,2017,Autumn,FALSE
Capitao,Capitão,Pico,TRUE,Phyto,2017,Spring,FALSE
Capitao,Capitão,Pico,TRUE,Phyto,2017,Summer,FALSE
Capitao,Capitão,Pico,TRUE,Phyto,2017,Winter,FALSE
Capitao,Capitão,Pico,TRUE,Phyto,2018,Autumn,TRUE
Capitao,Capitão,Pico,TRUE,Phyto,2018,Spring,TRUE
Capitao,Capitão,Pico,TRUE,Phyto,2018,Summer,TRUE
Capitao,Capitão,Pico,TRUE,Phyto,2018,Winter,TRUE
Capitao,Capitão,Pico,TRUE,Phyto,2019,Autumn,FALSE
Capitao,Capitão,Pico,TRUE,Phyto,2019,Spring,FALSE
Capitao,Capitão,Pico,TRUE,Phyto,2019,Summer,FALSE
Capitao,Capitão,Pico,TRUE,Phyto,2019,Winter,FALSE
Capitao,Capitão,Pico,TRUE,Phyto,2020,Autumn,FALSE
Capitao,Capitão,Pico,TRUE,Phyto,2020,Spring,FALSE
Capitao,Capitão,Pico,TRUE,Phyto,2020,Summer,FALSE
Capitao,Capitão,Pico,TRUE,Phyto,2020,Winter,FALSE
Capitao,Capitão,Pico,TRUE,Phyto,2021,Autumn,FALSE
Capitao,Capitão,Pico,TRUE,Phyto,2021,Spring,FALSE
Capitao,Capitão,Pico,TRUE,Phyto,2021,Summer,FALSE
Capitao,Capitão,Pico,TRUE,Phyto,2021,Winter,FALSE
Capitao,Capitão,Pico,TRUE,Phyto,2022,Autumn,FALSE
Capitao,Capitão,Pico,TRUE,Phyto,2022,Spring,FALSE
Capitao,Capitão,Pico,TRUE,Phyto,2022,Summer,FALSE
Capitao,Capitão,Pico,TRUE,Phyto,2022,Winter,FALSE
Capitao,Capitão,Pico,TRUE,Phyto,2023,Autumn,FALSE
Capitao,Capitão,Pico,TRUE,Phyto,2023,Spring,FALSE
Capitao,Capitão,Pico,TRUE,Phyto,2023,Summer,FALSE
Capitao,Capitão,Pico,TRUE,Phyto,2023,Winter,FALSE
Capitao,Capitão,Pico,TRUE,Phyto,2024,Autumn,TRUE
Capitao,Capitão,Pico,TRUE,Phyto,2024,Spring,TRUE
Capitao,Capitão,Pico,TRUE,Phyto,2024,Summer,TRUE
Capitao,Capitão,Pico,TRUE,Phyto,2024,Winter,TRUE
Capitao,Capitão,Pico,TRUE,Phyto,2025,Autumn,TRUE
Capitao,Capitão,Pico,TRUE,Phyto,2025,Spring,TRUE
Capitao,Capitão,Pico,TRUE,Phyto,2025,Summer,TRUE
Capitao,Capitão,Pico,TRUE,Phyto,2025,Winter,TRUE
Capitao,Capitão,Pico,TRUE,Zoo,2003,Autumn,FALSE
Capitao,Capitão,Pico,TRUE,Zoo,2003,Spring,FALSE
Capitao,Capitão,Pico,TRUE,Zoo,2003,Summer,FALSE
Capitao,Capitão,Pico,TRUE,Zoo,2003,Winter,FALSE
Capitao,Capitão,Pico,TRUE,Zoo,2004,Autumn,FALSE
Capitao,Capitão,Pico,TRUE,Zoo,2004,Spring,FALSE
Capitao,Capitão,Pico,TRUE,Zoo,2004,Summer,FALSE
Capitao,Capitão,Pico,TRUE,Zoo,2004,Winter,FALSE
Capitao,Capitão,Pico,TRUE,Zoo,2005,Autumn,FALSE
Capitao,Capitão,Pico,TRUE,Zoo,2005,Spring,FALSE
Capitao,Capitão,Pico,TRUE,Zoo,2005,Summer,FALSE
Capitao,Capitão,Pico,TRUE,Zoo,2005,Winter,FALSE
Capitao,Capitão,Pico,TRUE,Zoo,2006,Autumn,FALSE
Capitao,Capitão,Pico,TRUE,Zoo,2006,Spring,FALSE
Capitao,Capitão,Pico,TRUE,Zoo,2006,Summer,FALSE
Capitao,Capitão,Pico,TRUE,Zoo,2006,Winter,FALSE
Capitao,Capitão,Pico,TRUE,Zoo,2007,Autumn,FALSE
Capitao,Capitão,Pico,TRUE,Zoo,2007,Spring,FALSE
Capitao,Capitão,Pico,TRUE,Zoo,2007,Summer,FALSE
Capitao,Capitão,Pico,TRUE,Zoo,2007,Winter,FALSE
Capitao,Capitão,Pico,TRUE,Zoo,2008,Autumn,FALSE
Capitao,Capitão,Pico,TRUE,Zoo,2008,Spring,FALSE
Capitao,Capitão,Pico,TRUE,Zoo,2008,Summer,FALSE
Capitao,Capitão,Pico,TRUE,Zoo,2008,Winter,FALSE
Capitao,Capitão,Pico,TRUE,Zoo,2009,Autumn,FALSE
Capitao,Capitão,Pico,TRUE,Zoo,2009,Spring,FALSE
Capitao,Capitão,Pico,TRUE,Zoo,2009,Summer,FALSE
Capitao,Capitão,Pico,TRUE,Zoo,2009,Winter,FALSE
Capitao,Capitão,Pico,TRUE,Zoo,2010,Autumn,FALSE
Capitao,Capitão,Pico,TRUE,Zoo,2010,Spring,FALSE
Capitao,Capitão,Pico,TRUE,Zoo,2010,Summer,FALSE
Capitao,Capitão,Pico,TRUE,Zoo,2010,Winter,FALSE
Capitao,Capitão,Pico,TRUE,Zoo,2011,Autumn,FALSE
Capitao,Capitão,Pico,TRUE,Zoo,2011,Spring,FALSE
Capitao,Capitão,Pico,TRUE,Zoo,2011,Summer,TRUE
Capitao,Capitão,Pico,TRUE,Zoo,2011,Winter,FALSE
Capitao,Capitão,Pico,TRUE,Zoo,2012,Autumn,FALSE
Capitao,Capitão,Pico,TRUE,Zoo,2012,Spring,FALSE
Capitao,Capitão,Pico,TRUE,Zoo,2012,Summer,FALSE
Capitao,Capitão,Pico,TRUE,Zoo,2012,Winter,FALSE
Capitao,Capitão,Pico,TRUE,Zoo,2013,Autumn,FALSE
Capitao,Capitão,Pico,TRUE,Zoo,2013,Spring,FALSE
Capitao,Capitão,Pico,TRUE,Zoo,2013,Summer,FALSE
Capitao,Capitão,Pico,TRUE,Zoo,2013,Winter,FALSE
Capitao,Capitão,Pico,TRUE,Zoo,2014,Autumn,FALSE
Capitao,Capitão,Pico,TRUE,Zoo,2014,Spring,FALSE
Capitao,Capitão,Pico,TRUE,Zoo,2014,Summer,FALSE
Capitao,Capitão,Pico,TRUE,Zoo,2014,Winter,FALSE
Capitao,Capitão,Pico,TRUE,Zoo,2015,Autumn,FALSE
Capitao,Capitão,Pico,TRUE,Zoo,2015,Spring,FALSE
Capitao,Capitão,Pico,TRUE,Zoo,2015,Summer,FALSE
Capitao,Capitão,Pico,TRUE,Zoo,2015,Winter,FALSE
Capitao,Capitão,Pico,TRUE,Zoo,2016,Autumn,FALSE
Capitao,Capitão,Pico,TRUE,Zoo,2016,Spring,FALSE
Capitao,Capitão,Pico,TRUE,Zoo,2016,Summer,FALSE
Capitao,Capitão,Pico,TRUE,Zoo,2016,Winter,FALSE
Capitao,Capitão,Pico,TRUE,Zoo,2017,Autumn,FALSE
Capitao,Capitão,Pico,TRUE,Zoo,2017,Spring,FALSE
Capitao,Capitão,Pico,TRUE,Zoo,2017,Summer,FALSE
Capitao,Capitão,Pico,TRUE,Zoo,2017,Winter,FALSE
Capitao,Capitão,Pico,TRUE,Zoo,2018,Autumn,FALSE
Capitao,Capitão,Pico,TRUE,Zoo,2018,Spring,FALSE
Capitao,Capitão,Pico,TRUE,Zoo,2018,Summer,FALSE
Capitao,Capitão,Pico,TRUE,Zoo,2018,Winter,FALSE
Capitao,Capitão,Pico,TRUE,Zoo,2019,Autumn,FALSE
Capitao,Capitão,Pico,TRUE,Zoo,2019,Spring,FALSE
Capitao,Capitão,Pico,TRUE,Zoo,2019,Summer,FALSE
Capitao,Capitão,Pico,TRUE,Zoo,2019,Winter,FALSE
Capitao,Capitão,Pico,TRUE,Zoo,2020,Autumn,FALSE
Capitao,Capitão,Pico,TRUE,Zoo,2020,Spring,FALSE
Capitao,Capitão,Pico,TRUE,Zoo,2020,Summer,FALSE
Capitao,Capitão,Pico,TRUE,Zoo,2020,Winter,FALSE
Capitao,Capitão,Pico,TRUE,Zoo,2021,Autumn,FALSE
Capitao,Capitão,Pico,TRUE,Zoo,2021,Spring,FALSE
Capitao,Capitão,Pico,TRUE,Zoo,2021,Summer,FALSE
Capitao,Capitão,Pico,TRUE,Zoo,2021,Winter,FALSE
Capitao,Capitão,Pico,TRUE,Zoo,2022,Autumn,FALSE
Capitao,Capitão,Pico,TRUE,Zoo,2022,Spring,FALSE
Capitao,Capitão,Pico,TRUE,Zoo,2022,Summer,FALSE
Capitao,Capitão,Pico,TRUE,Zoo,2022,Winter,FALSE
Capitao,Capitão,Pico,TRUE,Zoo,2023,Autumn,FALSE
Capitao,Capitão,Pico,TRUE,Zoo,2023,Spring,FALSE
Capitao,Capitão,Pico,TRUE,Zoo,2023,Summer,FALSE
Capitao,Capitão,Pico,TRUE,Zoo,2023,Winter,FALSE
Capitao,Capitão,Pico,TRUE,Zoo,2024,Autumn,FALSE
Capitao,Capitão,Pico,TRUE,Zoo,2024,Spring,FALSE
Capitao,Capitão,Pico,TRUE,Zoo,2024,Summer,FALSE
Capitao,Capitão,Pico,TRUE,Zoo,2024,Winter,FALSE
Capitao,Capitão,Pico,TRUE,Zoo,2025,Autumn,FALSE
Capitao,Capitão,Pico,TRUE,Zoo,2025,Spring,TRUE
Capitao,Capitão,Pico,TRUE,Zoo,2025,Summer,FALSE
Capitao,Capitão,Pico,TRUE,Zoo,2025,Winter,FALSE
Caveiro,Caveiro,Pico,FALSE,Diatom,2003,Autumn,FALSE
Caveiro,Caveiro,Pico,FALSE,Diatom,2003,Spring,FALSE
Caveiro,Caveiro,Pico,FALSE,Diatom,2003,Summer,FALSE
Caveiro,Caveiro,Pico,FALSE,Diatom,2003,Winter,FALSE
Caveiro,Caveiro,Pico,FALSE,Diatom,2004,Autumn,FALSE
Caveiro,Caveiro,Pico,FALSE,Diatom,2004,Spring,FALSE
Caveiro,Caveiro,Pico,FALSE,Diatom,2004,Summer,FALSE
Caveiro,Caveiro,Pico,FALSE,Diatom,2004,Winter,FALSE
Caveiro,Caveiro,Pico,FALSE,Diatom,2005,Autumn,FALSE
Caveiro,Caveiro,Pico,FALSE,Diatom,2005,Spring,FALSE
Caveiro,Caveiro,Pico,FALSE,Diatom,2005,Summer,FALSE
Caveiro,Caveiro,Pico,FALSE,Diatom,2005,Winter,FALSE
Caveiro,Caveiro,Pico,FALSE,Diatom,2006,Autumn,FALSE
Caveiro,Caveiro,Pico,FALSE,Diatom,2006,Spring,FALSE
Caveiro,Caveiro,Pico,FALSE,Diatom,2006,Summer,FALSE
Caveiro,Caveiro,Pico,FALSE,Diatom,2006,Winter,FALSE
Caveiro,Caveiro,Pico,FALSE,Diatom,2007,Autumn,FALSE
Caveiro,Caveiro,Pico,FALSE,Diatom,2007,Spring,FALSE
Caveiro,Caveiro,Pico,FALSE,Diatom,2007,Summer,FALSE
Caveiro,Caveiro,Pico,FALSE,Diatom,2007,Winter,FALSE
Caveiro,Caveiro,Pico,FALSE,Diatom,2008,Autumn,FALSE
Caveiro,Caveiro,Pico,FALSE,Diatom,2008,Spring,FALSE
Caveiro,Caveiro,Pico,FALSE,Diatom,2008,Summer,FALSE
Caveiro,Caveiro,Pico,FALSE,Diatom,2008,Winter,FALSE
Caveiro,Caveiro,Pico,FALSE,Diatom,2009,Autumn,FALSE
Caveiro,Caveiro,Pico,FALSE,Diatom,2009,Spring,FALSE
Caveiro,Caveiro,Pico,FALSE,Diatom,2009,Summer,FALSE
Caveiro,Caveiro,Pico,FALSE,Diatom,2009,Winter,FALSE
Caveiro,Caveiro,Pico,FALSE,Diatom,2010,Autumn,FALSE
Caveiro,Caveiro,Pico,FALSE,Diatom,2010,Spring,FALSE
Caveiro,Caveiro,Pico,FALSE,Diatom,2010,Summer,FALSE
Caveiro,Caveiro,Pico,FALSE,Diatom,2010,Winter,FALSE
Caveiro,Caveiro,Pico,FALSE,Diatom,2011,Autumn,FALSE
Caveiro,Caveiro,Pico,FALSE,Diatom,2011,Spring,FALSE
Caveiro,Caveiro,Pico,FALSE,Diatom,2011,Summer,FALSE
Caveiro,Caveiro,Pico,FALSE,Diatom,2011,Winter,FALSE
Caveiro,Caveiro,Pico,FALSE,Diatom,2012,Autumn,FALSE
Caveiro,Caveiro,Pico,FALSE,Diatom,2012,Spring,FALSE
Caveiro,Caveiro,Pico,FALSE,Diatom,2012,Summer,FALSE
Caveiro,Caveiro,Pico,FALSE,Diatom,2012,Winter,FALSE
Caveiro,Caveiro,Pico,FALSE,Diatom,2013,Autumn,FALSE
Caveiro,Caveiro,Pico,FALSE,Diatom,2013,Spring,FALSE
Caveiro,Caveiro,Pico,FALSE,Diatom,2013,Summer,FALSE
Caveiro,Caveiro,Pico,FALSE,Diatom,2013,Winter,FALSE
Caveiro,Caveiro,Pico,FALSE,Diatom,2014,Autumn,FALSE
Caveiro,Caveiro,Pico,FALSE,Diatom,2014,Spring,FALSE
Caveiro,Caveiro,Pico,FALSE,Diatom,2014,Summer,FALSE
Caveiro,Caveiro,Pico,FALSE,Diatom,2014,Winter,FALSE
Caveiro,Caveiro,Pico,FALSE,Diatom,2015,Autumn,FALSE
Caveiro,Caveiro,Pico,FALSE,Diatom,2015,Spring,FALSE
Caveiro,Caveiro,Pico,FALSE,Diatom,2015,Summer,FALSE
Caveiro,Caveiro,Pico,FALSE,Diatom,2015,Winter,FALSE
Caveiro,Caveiro,Pico,FALSE,Diatom,2016,Autumn,FALSE
Caveiro,Caveiro,Pico,FALSE,Diatom,2016,Spring,FALSE
Caveiro,Caveiro,Pico,FALSE,Diatom,2016,Summer,FALSE
Caveiro,Caveiro,Pico,FALSE,Diatom,2016,Winter,FALSE
Caveiro,Caveiro,Pico,FALSE,Diatom,2017,Autumn,FALSE
Caveiro,Caveiro,Pico,FALSE,Diatom,2017,Spring,FALSE
Caveiro,Caveiro,Pico,FALSE,Diatom,2017,Summer,FALSE
Caveiro,Caveiro,Pico,FALSE,Diatom,2017,Winter,FALSE
Caveiro,Caveiro,Pico,FALSE,Diatom,2018,Autumn,FALSE
Caveiro,Caveiro,Pico,FALSE,Diatom,2018,Spring,FALSE
Caveiro,Caveiro,Pico,FALSE,Diatom,2018,Summer,FALSE
Caveiro,Caveiro,Pico,FALSE,Diatom,2018,Winter,FALSE
Caveiro,Caveiro,Pico,FALSE,Diatom,2019,Autumn,FALSE
Caveiro,Caveiro,Pico,FALSE,Diatom,2019,Spring,FALSE
Caveiro,Caveiro,Pico,FALSE,Diatom,2019,Summer,FALSE
Caveiro,Caveiro,Pico,FALSE,Diatom,2019,Winter,FALSE
Caveiro,Caveiro,Pico,FALSE,Diatom,2020,Autumn,FALSE
Caveiro,Caveiro,Pico,FALSE,Diatom,2020,Spring,FALSE
Caveiro,Caveiro,Pico,FALSE,Diatom,2020,Summer,FALSE
Caveiro,Caveiro,Pico,FALSE,Diatom,2020,Winter,FALSE
Caveiro,Caveiro,Pico,FALSE,Diatom,2021,Autumn,FALSE
Caveiro,Caveiro,Pico,FALSE,Diatom,2021,Spring,FALSE
Caveiro,Caveiro,Pico,FALSE,Diatom,2021,Summer,FALSE
Caveiro,Caveiro,Pico,FALSE,Diatom,2021,Winter,FALSE
Caveiro,Caveiro,Pico,FALSE,Diatom,2022,Autumn,FALSE
Caveiro,Caveiro,Pico,FALSE,Diatom,2022,Spring,FALSE
Caveiro,Caveiro,Pico,FALSE,Diatom,2022,Summer,FALSE
Caveiro,Caveiro,Pico,FALSE,Diatom,2022,Winter,FALSE
Caveiro,Caveiro,Pico,FALSE,Diatom,2023,Autumn,FALSE
Caveiro,Caveiro,Pico,FALSE,Diatom,2023,Spring,FALSE
Caveiro,Caveiro,Pico,FALSE,Diatom,2023,Summer,FALSE
Caveiro,Caveiro,Pico,FALSE,Diatom,2023,Winter,FALSE
Caveiro,Caveiro,Pico,FALSE,Diatom,2024,Autumn,FALSE
Caveiro,Caveiro,Pico,FALSE,Diatom,2024,Spring,FALSE
Caveiro,Caveiro,Pico,FALSE,Diatom,2024,Summer,FALSE
Caveiro,Caveiro,Pico,FALSE,Diatom,2024,Winter,FALSE
Caveiro,Caveiro,Pico,FALSE,Diatom,2025,Autumn,FALSE
Caveiro,Caveiro,Pico,FALSE,Diatom,2025,Spring,FALSE
Caveiro,Caveiro,Pico,FALSE,Diatom,2025,Summer,FALSE
Caveiro,Caveiro,Pico,FALSE,Diatom,2025,Winter,FALSE
Caveiro,Caveiro,Pico,FALSE,Env,2003,Autumn,FALSE
Caveiro,Caveiro,Pico,FALSE,Env,2003,Spring,FALSE
Caveiro,Caveiro,Pico,FALSE,Env,2003,Summer,FALSE
Caveiro,Caveiro,Pico,FALSE,Env,2003,Winter,FALSE
Caveiro,Caveiro,Pico,FALSE,Env,2004,Autumn,FALSE
Caveiro,Caveiro,Pico,FALSE,Env,2004,Spring,FALSE
Caveiro,Caveiro,Pico,FALSE,Env,2004,Summer,FALSE
Caveiro,Caveiro,Pico,FALSE,Env,2004,Winter,FALSE
Caveiro,Caveiro,Pico,FALSE,Env,2005,Autumn,FALSE
Caveiro,Caveiro,Pico,FALSE,Env,2005,Spring,FALSE
Caveiro,Caveiro,Pico,FALSE,Env,2005,Summer,FALSE
Caveiro,Caveiro,Pico,FALSE,Env,2005,Winter,FALSE
Caveiro,Caveiro,Pico,FALSE,Env,2006,Autumn,FALSE
Caveiro,Caveiro,Pico,FALSE,Env,2006,Spring,FALSE
Caveiro,Caveiro,Pico,FALSE,Env,2006,Summer,FALSE
Caveiro,Caveiro,Pico,FALSE,Env,2006,Winter,FALSE
Caveiro,Caveiro,Pico,FALSE,Env,2007,Autumn,FALSE
Caveiro,Caveiro,Pico,FALSE,Env,2007,Spring,FALSE
Caveiro,Caveiro,Pico,FALSE,Env,2007,Summer,FALSE
Caveiro,Caveiro,Pico,FALSE,Env,2007,Winter,FALSE
Caveiro,Caveiro,Pico,FALSE,Env,2008,Autumn,FALSE
Caveiro,Caveiro,Pico,FALSE,Env,2008,Spring,FALSE
Caveiro,Caveiro,Pico,FALSE,Env,2008,Summer,FALSE
Caveiro,Caveiro,Pico,FALSE,Env,2008,Winter,FALSE
Caveiro,Caveiro,Pico,FALSE,Env,2009,Autumn,FALSE
Caveiro,Caveiro,Pico,FALSE,Env,2009,Spring,FALSE
Caveiro,Caveiro,Pico,FALSE,Env,2009,Summer,FALSE
Caveiro,Caveiro,Pico,FALSE,Env,2009,Winter,FALSE
Caveiro,Caveiro,Pico,FALSE,Env,2010,Autumn,FALSE
Caveiro,Caveiro,Pico,FALSE,Env,2010,Spring,FALSE
Caveiro,Caveiro,Pico,FALSE,Env,2010,Summer,FALSE
Caveiro,Caveiro,Pico,FALSE,Env,2010,Winter,FALSE
Caveiro,Caveiro,Pico,FALSE,Env,2011,Autumn,FALSE
Caveiro,Caveiro,Pico,FALSE,Env,2011,Spring,FALSE
Caveiro,Caveiro,Pico,FALSE,Env,2011,Summer,FALSE
Caveiro,Caveiro,Pico,FALSE,Env,2011,Winter,FALSE
Caveiro,Caveiro,Pico,FALSE,Env,2012,Autumn,FALSE
Caveiro,Caveiro,Pico,FALSE,Env,2012,Spring,FALSE
Caveiro,Caveiro,Pico,FALSE,Env,2012,Summer,FALSE
Caveiro,Caveiro,Pico,FALSE,Env,2012,Winter,FALSE
Caveiro,Caveiro,Pico,FALSE,Env,2013,Autumn,FALSE
Caveiro,Caveiro,Pico,FALSE,Env,2013,Spring,FALSE
Caveiro,Caveiro,Pico,FALSE,Env,2013,Summer,FALSE
Caveiro,Caveiro,Pico,FALSE,Env,2013,Winter,FALSE
Caveiro,Caveiro,Pico,FALSE,Env,2014,Autumn,FALSE
Caveiro,Caveiro,Pico,FALSE,Env,2014,Spring,FALSE
Caveiro,Caveiro,Pico,FALSE,Env,2014,Summer,FALSE
Caveiro,Caveiro,Pico,FALSE,Env,2014,Winter,FALSE
Caveiro,Caveiro,Pico,FALSE,Env,2015,Autumn,FALSE
Caveiro,Caveiro,Pico,FALSE,Env,2015,Spring,FALSE
Caveiro,Caveiro,Pico,FALSE,Env,2015,Summer,FALSE
Caveiro,Caveiro,Pico,FALSE,Env,2015,Winter,FALSE
Caveiro,Caveiro,Pico,FALSE,Env,2016,Autumn,FALSE
Caveiro,Caveiro,Pico,FALSE,Env,2016,Spring,FALSE
Caveiro,Caveiro,Pico,FALSE,Env,2016,Summer,FALSE
Caveiro,Caveiro,Pico,FALSE,Env,2016,Winter,FALSE
Caveiro,Caveiro,Pico,FALSE,Env,2017,Autumn,FALSE
Caveiro,Caveiro,Pico,FALSE,Env,2017,Spring,FALSE
Caveiro,Caveiro,Pico,FALSE,Env,2017,Summer,FALSE
Caveiro,Caveiro,Pico,FALSE,Env,2017,Winter,FALSE
Caveiro,Caveiro,Pico,FALSE,Env,2018,Autumn,FALSE
Caveiro,Caveiro,Pico,FALSE,Env,2018,Spring,FALSE
Caveiro,Caveiro,Pico,FALSE,Env,2018,Summer,FALSE
Caveiro,Caveiro,Pico,FALSE,Env,2018,Winter,FALSE
Caveiro,Caveiro,Pico,FALSE,Env,2019,Autumn,FALSE
Caveiro,Caveiro,Pico,FALSE,Env,2019,Spring,FALSE
Caveiro,Caveiro,Pico,FALSE,Env,2019,Summer,FALSE
Caveiro,Caveiro,Pico,FALSE,Env,2019,Winter,FALSE
Caveiro,Caveiro,Pico,FALSE,Env,2020,Autumn,FALSE
Caveiro,Caveiro,Pico,FALSE,Env,2020,Spring,FALSE
Caveiro,Caveiro,Pico,FALSE,Env,2020,Summer,FALSE
Caveiro,Caveiro,Pico,FALSE,Env,2020,Winter,FALSE
Caveiro,Caveiro,Pico,FALSE,Env,2021,Autumn,FALSE
Caveiro,Caveiro,Pico,FALSE,Env,2021,Spring,FALSE
Caveiro,Caveiro,Pico,FALSE,Env,2021,Summer,FALSE
Caveiro,Caveiro,Pico,FALSE,Env,2021,Winter,FALSE
Caveiro,Caveiro,Pico,FALSE,Env,2022,Autumn,FALSE
Caveiro,Caveiro,Pico,FALSE,Env,2022,Spring,FALSE
Caveiro,Caveiro,Pico,FALSE,Env,2022,Summer,FALSE
Caveiro,Caveiro,Pico,FALSE,Env,2022,Winter,FALSE
Caveiro,Caveiro,Pico,FALSE,Env,2023,Autumn,FALSE
Caveiro,Caveiro,Pico,FALSE,Env,2023,Spring,FALSE
Caveiro,Caveiro,Pico,FALSE,Env,2023,Summer,FALSE
Caveiro,Caveiro,Pico,FALSE,Env,2023,Winter,FALSE
Caveiro,Caveiro,Pico,FALSE,Env,2024,Autumn,FALSE
Caveiro,Caveiro,Pico,FALSE,Env,2024,Spring,FALSE
Caveiro,Caveiro,Pico,FALSE,Env,2024,Summer,FALSE
Caveiro,Caveiro,Pico,FALSE,Env,2024,Winter,FALSE
Caveiro,Caveiro,Pico,FALSE,Env,2025,Autumn,FALSE
Caveiro,Caveiro,Pico,FALSE,Env,2025,Spring,FALSE
Caveiro,Caveiro,Pico,FALSE,Env,2025,Summer,FALSE
Caveiro,Caveiro,Pico,FALSE,Env,2025,Winter,FALSE
Caveiro,Caveiro,Pico,FALSE,Macro,2003,Autumn,FALSE
Caveiro,Caveiro,Pico,FALSE,Macro,2003,Spring,FALSE
Caveiro,Caveiro,Pico,FALSE,Macro,2003,Summer,FALSE
Caveiro,Caveiro,Pico,FALSE,Macro,2003,Winter,FALSE
Caveiro,Caveiro,Pico,FALSE,Macro,2004,Autumn,FALSE
Caveiro,Caveiro,Pico,FALSE,Macro,2004,Spring,FALSE
Caveiro,Caveiro,Pico,FALSE,Macro,2004,Summer,FALSE
Caveiro,Caveiro,Pico,FALSE,Macro,2004,Winter,FALSE
Caveiro,Caveiro,Pico,FALSE,Macro,2005,Autumn,FALSE
Caveiro,Caveiro,Pico,FALSE,Macro,2005,Spring,FALSE
Caveiro,Caveiro,Pico,FALSE,Macro,2005,Summer,FALSE
Caveiro,Caveiro,Pico,FALSE,Macro,2005,Winter,FALSE
Caveiro,Caveiro,Pico,FALSE,Macro,2006,Autumn,FALSE
Caveiro,Caveiro,Pico,FALSE,Macro,2006,Spring,FALSE
Caveiro,Caveiro,Pico,FALSE,Macro,2006,Summer,FALSE
Caveiro,Caveiro,Pico,FALSE,Macro,2006,Winter,FALSE
Caveiro,Caveiro,Pico,FALSE,Macro,2007,Autumn,FALSE
Caveiro,Caveiro,Pico,FALSE,Macro,2007,Spring,FALSE
Caveiro,Caveiro,Pico,FALSE,Macro,2007,Summer,FALSE
Caveiro,Caveiro,Pico,FALSE,Macro,2007,Winter,FALSE
Caveiro,Caveiro,Pico,FALSE,Macro,2008,Autumn,FALSE
Caveiro,Caveiro,Pico,FALSE,Macro,2008,Spring,FALSE
Caveiro,Caveiro,Pico,FALSE,Macro,2008,Summer,FALSE
Caveiro,Caveiro,Pico,FALSE,Macro,2008,Winter,FALSE
Caveiro,Caveiro,Pico,FALSE,Macro,2009,Autumn,FALSE
Caveiro,Caveiro,Pico,FALSE,Macro,2009,Spring,FALSE
Caveiro,Caveiro,Pico,FALSE,Macro,2009,Summer,FALSE
Caveiro,Caveiro,Pico,FALSE,Macro,2009,Winter,FALSE
Caveiro,Caveiro,Pico,FALSE,Macro,2010,Autumn,FALSE
Caveiro,Caveiro,Pico,FALSE,Macro,2010,Spring,FALSE
Caveiro,Caveiro,Pico,FALSE,Macro,2010,Summer,FALSE
Caveiro,Caveiro,Pico,FALSE,Macro,2010,Winter,FALSE
Caveiro,Caveiro,Pico,FALSE,Macro,2011,Autumn,FALSE
Caveiro,Caveiro,Pico,FALSE,Macro,2011,Spring,FALSE
Caveiro,Caveiro,Pico,FALSE,Macro,2011,Summer,FALSE
Caveiro,Caveiro,Pico,FALSE,Macro,2011,Winter,FALSE
Caveiro,Caveiro,Pico,FALSE,Macro,2012,Autumn,FALSE
Caveiro,Caveiro,Pico,FALSE,Macro,2012,Spring,FALSE
Caveiro,Caveiro,Pico,FALSE,Macro,2012,Summer,FALSE
Caveiro,Caveiro,Pico,FALSE,Macro,2012,Winter,FALSE
Caveiro,Caveiro,Pico,FALSE,Macro,2013,Autumn,FALSE
Caveiro,Caveiro,Pico,FALSE,Macro,2013,Spring,FALSE
Caveiro,Caveiro,Pico,FALSE,Macro,2013,Summer,FALSE
Caveiro,Caveiro,Pico,FALSE,Macro,2013,Winter,FALSE
Caveiro,Caveiro,Pico,FALSE,Macro,2014,Autumn,FALSE
Caveiro,Caveiro,Pico,FALSE,Macro,2014,Spring,FALSE
Caveiro,Caveiro,Pico,FALSE,Macro,2014,Summer,FALSE
Caveiro,Caveiro,Pico,FALSE,Macro,2014,Winter,FALSE
Caveiro,Caveiro,Pico,FALSE,Macro,2015,Autumn,FALSE
Caveiro,Caveiro,Pico,FALSE,Macro,2015,Spring,FALSE
Caveiro,Caveiro,Pico,FALSE,Macro,2015,Summer,FALSE
Caveiro,Caveiro,Pico,FALSE,Macro,2015,Winter,FALSE
Caveiro,Caveiro,Pico,FALSE,Macro,2016,Autumn,FALSE
Caveiro,Caveiro,Pico,FALSE,Macro,2016,Spring,FALSE
Caveiro,Caveiro,Pico,FALSE,Macro,2016,Summer,FALSE
Caveiro,Caveiro,Pico,FALSE,Macro,2016,Winter,FALSE
Caveiro,Caveiro,Pico,FALSE,Macro,2017,Autumn,FALSE
Caveiro,Caveiro,Pico,FALSE,Macro,2017,Spring,FALSE
Caveiro,Caveiro,Pico,FALSE,Macro,2017,Summer,FALSE
Caveiro,Caveiro,Pico,FALSE,Macro,2017,Winter,FALSE
Caveiro,Caveiro,Pico,FALSE,Macro,2018,Autumn,FALSE
Caveiro,Caveiro,Pico,FALSE,Macro,2018,Spring,TRUE
Caveiro,Caveiro,Pico,FALSE,Macro,2018,Summer,FALSE
Caveiro,Caveiro,Pico,FALSE,Macro,2018,Winter,FALSE
Caveiro,Caveiro,Pico,FALSE,Macro,2019,Autumn,FALSE
Caveiro,Caveiro,Pico,FALSE,Macro,2019,Spring,FALSE
Caveiro,Caveiro,Pico,FALSE,Macro,2019,Summer,FALSE
Caveiro,Caveiro,Pico,FALSE,Macro,2019,Winter,FALSE
Caveiro,Caveiro,Pico,FALSE,Macro,2020,Autumn,FALSE
Caveiro,Caveiro,Pico,FALSE,Macro,2020,Spring,FALSE
Caveiro,Caveiro,Pico,FALSE,Macro,2020,Summer,FALSE
Caveiro,Caveiro,Pico,FALSE,Macro,2020,Winter,FALSE
Caveiro,Caveiro,Pico,FALSE,Macro,2021,Autumn,FALSE
Caveiro,Caveiro,Pico,FALSE,Macro,2021,Spring,FALSE
Caveiro,Caveiro,Pico,FALSE,Macro,2021,Summer,FALSE
Caveiro,Caveiro,Pico,FALSE,Macro,2021,Winter,FALSE
Caveiro,Caveiro,Pico,FALSE,Macro,2022,Autumn,FALSE
Caveiro,Caveiro,Pico,FALSE,Macro,2022,Spring,FALSE
Caveiro,Caveiro,Pico,FALSE,Macro,2022,Summer,FALSE
Caveiro,Caveiro,Pico,FALSE,Macro,2022,Winter,FALSE
Caveiro,Caveiro,Pico,FALSE,Macro,2023,Autumn,FALSE
Caveiro,Caveiro,Pico,FALSE,Macro,2023,Spring,FALSE
Caveiro,Caveiro,Pico,FALSE,Macro,2023,Summer,FALSE
Caveiro,Caveiro,Pico,FALSE,Macro,2023,Winter,FALSE
Caveiro,Caveiro,Pico,FALSE,Macro,2024,Autumn,FALSE
Caveiro,Caveiro,Pico,FALSE,Macro,2024,Spring,FALSE
Caveiro,Caveiro,Pico,FALSE,Macro,2024,Summer,FALSE
Caveiro,Caveiro,Pico,FALSE,Macro,2024,Winter,FALSE
Caveiro,Caveiro,Pico,FALSE,Macro,2025,Autumn,FALSE
Caveiro,Caveiro,Pico,FALSE,Macro,2025,Spring,FALSE
Caveiro,Caveiro,Pico,FALSE,Macro,2025,Summer,FALSE
Caveiro,Caveiro,Pico,FALSE,Macro,2025,Winter,FALSE
Caveiro,Caveiro,Pico,FALSE,Phyto,2003,Autumn,FALSE
Caveiro,Caveiro,Pico,FALSE,Phyto,2003,Spring,FALSE
Caveiro,Caveiro,Pico,FALSE,Phyto,2003,Summer,FALSE
Caveiro,Caveiro,Pico,FALSE,Phyto,2003,Winter,FALSE
Caveiro,Caveiro,Pico,FALSE,Phyto,2004,Autumn,FALSE
Caveiro,Caveiro,Pico,FALSE,Phyto,2004,Spring,FALSE
Caveiro,Caveiro,Pico,FALSE,Phyto,2004,Summer,FALSE
Caveiro,Caveiro,Pico,FALSE,Phyto,2004,Winter,FALSE
Caveiro,Caveiro,Pico,FALSE,Phyto,2005,Autumn,FALSE
Caveiro,Caveiro,Pico,FALSE,Phyto,2005,Spring,FALSE
Caveiro,Caveiro,Pico,FALSE,Phyto,2005,Summer,FALSE
Caveiro,Caveiro,Pico,FALSE,Phyto,2005,Winter,FALSE
Caveiro,Caveiro,Pico,FALSE,Phyto,2006,Autumn,FALSE
Caveiro,Caveiro,Pico,FALSE,Phyto,2006,Spring,FALSE
Caveiro,Caveiro,Pico,FALSE,Phyto,2006,Summer,FALSE
Caveiro,Caveiro,Pico,FALSE,Phyto,2006,Winter,FALSE
Caveiro,Caveiro,Pico,FALSE,Phyto,2007,Autumn,FALSE
Caveiro,Caveiro,Pico,FALSE,Phyto,2007,Spring,FALSE
Caveiro,Caveiro,Pico,FALSE,Phyto,2007,Summer,FALSE
Caveiro,Caveiro,Pico,FALSE,Phyto,2007,Winter,FALSE
Caveiro,Caveiro,Pico,FALSE,Phyto,2008,Autumn,FALSE
Caveiro,Caveiro,Pico,FALSE,Phyto,2008,Spring,FALSE
Caveiro,Caveiro,Pico,FALSE,Phyto,2008,Summer,FALSE
Caveiro,Caveiro,Pico,FALSE,Phyto,2008,Winter,FALSE
Caveiro,Caveiro,Pico,FALSE,Phyto,2009,Autumn,FALSE
Caveiro,Caveiro,Pico,FALSE,Phyto,2009,Spring,FALSE
Caveiro,Caveiro,Pico,FALSE,Phyto,2009,Summer,FALSE
Caveiro,Caveiro,Pico,FALSE,Phyto,2009,Winter,FALSE
Caveiro,Caveiro,Pico,FALSE,Phyto,2010,Autumn,FALSE
Caveiro,Caveiro,Pico,FALSE,Phyto,2010,Spring,FALSE
Caveiro,Caveiro,Pico,FALSE,Phyto,2010,Summer,FALSE
Caveiro,Caveiro,Pico,FALSE,Phyto,2010,Winter,FALSE
Caveiro,Caveiro,Pico,FALSE,Phyto,2011,Autumn,FALSE
Caveiro,Caveiro,Pico,FALSE,Phyto,2011,Spring,FALSE
Caveiro,Caveiro,Pico,FALSE,Phyto,2011,Summer,FALSE
Caveiro,Caveiro,Pico,FALSE,Phyto,2011,Winter,FALSE
Caveiro,Caveiro,Pico,FALSE,Phyto,2012,Autumn,FALSE
Caveiro,Caveiro,Pico,FALSE,Phyto,2012,Spring,FALSE
Caveiro,Caveiro,Pico,FALSE,Phyto,2012,Summer,FALSE
Caveiro,Caveiro,Pico,FALSE,Phyto,2012,Winter,FALSE
Caveiro,Caveiro,Pico,FALSE,Phyto,2013,Autumn,FALSE
Caveiro,Caveiro,Pico,FALSE,Phyto,2013,Spring,FALSE
Caveiro,Caveiro,Pico,FALSE,Phyto,2013,Summer,FALSE
Caveiro,Caveiro,Pico,FALSE,Phyto,2013,Winter,FALSE
Caveiro,Caveiro,Pico,FALSE,Phyto,2014,Autumn,FALSE
Caveiro,Caveiro,Pico,FALSE,Phyto,2014,Spring,FALSE
Caveiro,Caveiro,Pico,FALSE,Phyto,2014,Summer,FALSE
Caveiro,Caveiro,Pico,FALSE,Phyto,2014,Winter,FALSE
Caveiro,Caveiro,Pico,FALSE,Phyto,2015,Autumn,FALSE
Caveiro,Caveiro,Pico,FALSE,Phyto,2015,Spring,FALSE
Caveiro,Caveiro,Pico,FALSE,Phyto,2015,Summer,FALSE
Caveiro,Caveiro,Pico,FALSE,Phyto,2015,Winter,FALSE
Caveiro,Caveiro,Pico,FALSE,Phyto,2016,Autumn,FALSE
Caveiro,Caveiro,Pico,FALSE,Phyto,2016,Spring,FALSE
Caveiro,Caveiro,Pico,FALSE,Phyto,2016,Summer,FALSE
Caveiro,Caveiro,Pico,FALSE,Phyto,2016,Winter,FALSE
Caveiro,Caveiro,Pico,FALSE,Phyto,2017,Autumn,FALSE
Caveiro,Caveiro,Pico,FALSE,Phyto,2017,Spring,FALSE
Caveiro,Caveiro,Pico,FALSE,Phyto,2017,Summer,FALSE
Caveiro,Caveiro,Pico,FALSE,Phyto,2017,Winter,FALSE
Caveiro,Caveiro,Pico,FALSE,Phyto,2018,Autumn,FALSE
Caveiro,Caveiro,Pico,FALSE,Phyto,2018,Spring,FALSE
Caveiro,Caveiro,Pico,FALSE,Phyto,2018,Summer,FALSE
Caveiro,Caveiro,Pico,FALSE,Phyto,2018,Winter,FALSE
Caveiro,Caveiro,Pico,FALSE,Phyto,2019,Autumn,FALSE
Caveiro,Caveiro,Pico,FALSE,Phyto,2019,Spring,FALSE
Caveiro,Caveiro,Pico,FALSE,Phyto,2019,Summer,FALSE
Caveiro,Caveiro,Pico,FALSE,Phyto,2019,Winter,FALSE
Caveiro,Caveiro,Pico,FALSE,Phyto,2020,Autumn,FALSE
Caveiro,Caveiro,Pico,FALSE,Phyto,2020,Spring,FALSE
Caveiro,Caveiro,Pico,FALSE,Phyto,2020,Summer,FALSE
Caveiro,Caveiro,Pico,FALSE,Phyto,2020,Winter,FALSE
Caveiro,Caveiro,Pico,FALSE,Phyto,2021,Autumn,FALSE
Caveiro,Caveiro,Pico,FALSE,Phyto,2021,Spring,FALSE
Caveiro,Caveiro,Pico,FALSE,Phyto,2021,Summer,FALSE
Caveiro,Caveiro,Pico,FALSE,Phyto,2021,Winter,FALSE
Caveiro,Caveiro,Pico,FALSE,Phyto,2022,Autumn,FALSE
Caveiro,Caveiro,Pico,FALSE,Phyto,2022,Spring,FALSE
Caveiro,Caveiro,Pico,FALSE,Phyto,2022,Summer,FALSE
Caveiro,Caveiro,Pico,FALSE,Phyto,2022,Winter,FALSE
Caveiro,Caveiro,Pico,FALSE,Phyto,2023,Autumn,FALSE
Caveiro,Caveiro,Pico,FALSE,Phyto,2023,Spring,FALSE
Caveiro,Caveiro,Pico,FALSE,Phyto,2023,Summer,FALSE
Caveiro,Caveiro,Pico,FALSE,Phyto,2023,Winter,FALSE
Caveiro,Caveiro,Pico,FALSE,Phyto,2024,Autumn,FALSE
Caveiro,Caveiro,Pico,FALSE,Phyto,2024,Spring,FALSE
Caveiro,Caveiro,Pico,FALSE,Phyto,2024,Summer,FALSE
Caveiro,Caveiro,Pico,FALSE,Phyto,2024,Winter,FALSE
Caveiro,Caveiro,Pico,FALSE,Phyto,2025,Autumn,FALSE
Caveiro,Caveiro,Pico,FALSE,Phyto,2025,Spring,FALSE
Caveiro,Caveiro,Pico,FALSE,Phyto,2025,Summer,FALSE
Caveiro,Caveiro,Pico,FALSE,Phyto,2025,Winter,FALSE
Caveiro,Caveiro,Pico,FALSE,Zoo,2003,Autumn,FALSE
Caveiro,Caveiro,Pico,FALSE,Zoo,2003,Spring,FALSE
Caveiro,Caveiro,Pico,FALSE,Zoo,2003,Summer,FALSE
Caveiro,Caveiro,Pico,FALSE,Zoo,2003,Winter,FALSE
Caveiro,Caveiro,Pico,FALSE,Zoo,2004,Autumn,FALSE
Caveiro,Caveiro,Pico,FALSE,Zoo,2004,Spring,FALSE
Caveiro,Caveiro,Pico,FALSE,Zoo,2004,Summer,FALSE
Caveiro,Caveiro,Pico,FALSE,Zoo,2004,Winter,FALSE
Caveiro,Caveiro,Pico,FALSE,Zoo,2005,Autumn,FALSE
Caveiro,Caveiro,Pico,FALSE,Zoo,2005,Spring,FALSE
Caveiro,Caveiro,Pico,FALSE,Zoo,2005,Summer,FALSE
Caveiro,Caveiro,Pico,FALSE,Zoo,2005,Winter,FALSE
Caveiro,Caveiro,Pico,FALSE,Zoo,2006,Autumn,FALSE
Caveiro,Caveiro,Pico,FALSE,Zoo,2006,Spring,FALSE
Caveiro,Caveiro,Pico,FALSE,Zoo,2006,Summer,FALSE
Caveiro,Caveiro,Pico,FALSE,Zoo,2006,Winter,FALSE
Caveiro,Caveiro,Pico,FALSE,Zoo,2007,Autumn,FALSE
Caveiro,Caveiro,Pico,FALSE,Zoo,2007,Spring,FALSE
Caveiro,Caveiro,Pico,FALSE,Zoo,2007,Summer,FALSE
Caveiro,Caveiro,Pico,FALSE,Zoo,2007,Winter,FALSE
Caveiro,Caveiro,Pico,FALSE,Zoo,2008,Autumn,FALSE
Caveiro,Caveiro,Pico,FALSE,Zoo,2008,Spring,FALSE
Caveiro,Caveiro,Pico,FALSE,Zoo,2008,Summer,FALSE
Caveiro,Caveiro,Pico,FALSE,Zoo,2008,Winter,FALSE
Caveiro,Caveiro,Pico,FALSE,Zoo,2009,Autumn,FALSE
Caveiro,Caveiro,Pico,FALSE,Zoo,2009,Spring,FALSE
Caveiro,Caveiro,Pico,FALSE,Zoo,2009,Summer,FALSE
Caveiro,Caveiro,Pico,FALSE,Zoo,2009,Winter,FALSE
Caveiro,Caveiro,Pico,FALSE,Zoo,2010,Autumn,FALSE
Caveiro,Caveiro,Pico,FALSE,Zoo,2010,Spring,FALSE
Caveiro,Caveiro,Pico,FALSE,Zoo,2010,Summer,FALSE
Caveiro,Caveiro,Pico,FALSE,Zoo,2010,Winter,FALSE
Caveiro,Caveiro,Pico,FALSE,Zoo,2011,Autumn,FALSE
Caveiro,Caveiro,Pico,FALSE,Zoo,2011,Spring,FALSE
Caveiro,Caveiro,Pico,FALSE,Zoo,2011,Summer,FALSE
Caveiro,Caveiro,Pico,FALSE,Zoo,2011,Winter,FALSE
Caveiro,Caveiro,Pico,FALSE,Zoo,2012,Autumn,FALSE
Caveiro,Caveiro,Pico,FALSE,Zoo,2012,Spring,FALSE
Caveiro,Caveiro,Pico,FALSE,Zoo,2012,Summer,FALSE
Caveiro,Caveiro,Pico,FALSE,Zoo,2012,Winter,FALSE
Caveiro,Caveiro,Pico,FALSE,Zoo,2013,Autumn,FALSE
Caveiro,Caveiro,Pico,FALSE,Zoo,2013,Spring,FALSE
Caveiro,Caveiro,Pico,FALSE,Zoo,2013,Summer,FALSE
Caveiro,Caveiro,Pico,FALSE,Zoo,2013,Winter,FALSE
Caveiro,Caveiro,Pico,FALSE,Zoo,2014,Autumn,FALSE
Caveiro,Caveiro,Pico,FALSE,Zoo,2014,Spring,FALSE
Caveiro,Caveiro,Pico,FALSE,Zoo,2014,Summer,FALSE
Caveiro,Caveiro,Pico,FALSE,Zoo,2014,Winter,FALSE
Caveiro,Caveiro,Pico,FALSE,Zoo,2015,Autumn,FALSE
Caveiro,Caveiro,Pico,FALSE,Zoo,2015,Spring,FALSE
Caveiro,Caveiro,Pico,FALSE,Zoo,2015,Summer,FALSE
Caveiro,Caveiro,Pico,FALSE,Zoo,2015,Winter,FALSE
Caveiro,Caveiro,Pico,FALSE,Zoo,2016,Autumn,FALSE
Caveiro,Caveiro,Pico,FALSE,Zoo,2016,Spring,FALSE
Caveiro,Caveiro,Pico,FALSE,Zoo,2016,Summer,FALSE
Caveiro,Caveiro,Pico,FALSE,Zoo,2016,Winter,FALSE
Caveiro,Caveiro,Pico,FALSE,Zoo,2017,Autumn,FALSE
Caveiro,Caveiro,Pico,FALSE,Zoo,2017,Spring,FALSE
Caveiro,Caveiro,Pico,FALSE,Zoo,2017,Summer,FALSE
Caveiro,Caveiro,Pico,FALSE,Zoo,2017,Winter,FALSE
Caveiro,Caveiro,Pico,FALSE,Zoo,2018,Autumn,FALSE
Caveiro,Caveiro,Pico,FALSE,Zoo,2018,Spring,FALSE
Caveiro,Caveiro,Pico,FALSE,Zoo,2018,Summer,FALSE
Caveiro,Caveiro,Pico,FALSE,Zoo,2018,Winter,FALSE
Caveiro,Caveiro,Pico,FALSE,Zoo,2019,Autumn,FALSE
Caveiro,Caveiro,Pico,FALSE,Zoo,2019,Spring,FALSE
Caveiro,Caveiro,Pico,FALSE,Zoo,2019,Summer,FALSE
Caveiro,Caveiro,Pico,FALSE,Zoo,2019,Winter,FALSE
Caveiro,Caveiro,Pico,FALSE,Zoo,2020,Autumn,FALSE
Caveiro,Caveiro,Pico,FALSE,Zoo,2020,Spring,FALSE
Caveiro,Caveiro,Pico,FALSE,Zoo,2020,Summer,FALSE
Caveiro,Caveiro,Pico,FALSE,Zoo,2020,Winter,FALSE
Caveiro,Caveiro,Pico,FALSE,Zoo,2021,Autumn,FALSE
Caveiro,Caveiro,Pico,FALSE,Zoo,2021,Spring,FALSE
Caveiro,Caveiro,Pico,FALSE,Zoo,2021,Summer,FALSE
Caveiro,Caveiro,Pico,FALSE,Zoo,2021,Winter,FALSE
Caveiro,Caveiro,Pico,FALSE,Zoo,2022,Autumn,FALSE
Caveiro,Caveiro,Pico,FALSE,Zoo,2022,Spring,FALSE
Caveiro,Caveiro,Pico,FALSE,Zoo,2022,Summer,FALSE
Caveiro,Caveiro,Pico,FALSE,Zoo,2022,Winter,FALSE
Caveiro,Caveiro,Pico,FALSE,Zoo,2023,Autumn,FALSE
Caveiro,Caveiro,Pico,FALSE,Zoo,2023,Spring,FALSE
Caveiro,Caveiro,Pico,FALSE,Zoo,2023,Summer,FALSE
Caveiro,Caveiro,Pico,FALSE,Zoo,2023,Winter,FALSE
Caveiro,Caveiro,Pico,FALSE,Zoo,2024,Autumn,FALSE
Caveiro,Caveiro,Pico,FALSE,Zoo,2024,Spring,FALSE
Caveiro,Caveiro,Pico,FALSE,Zoo,2024,Summer,FALSE
Caveiro,Caveiro,Pico,FALSE,Zoo,2024,Winter,FALSE
Caveiro,Caveiro,Pico,FALSE,Zoo,2025,Autumn,FALSE
Caveiro,Caveiro,Pico,FALSE,Zoo,2025,Spring,FALSE
Caveiro,Caveiro,Pico,FALSE,Zoo,2025,Summer,FALSE
Caveiro,Caveiro,Pico,FALSE,Zoo,2025,Winter,FALSE
Comprida,Comprida,Flores,TRUE,Diatom,2003,Autumn,FALSE
Comprida,Comprida,Flores,TRUE,Diatom,2003,Spring,FALSE
Comprida,Comprida,Flores,TRUE,Diatom,2003,Summer,FALSE
Comprida,Comprida,Flores,TRUE,Diatom,2003,Winter,FALSE
Comprida,Comprida,Flores,TRUE,Diatom,2004,Autumn,TRUE
Comprida,Comprida,Flores,TRUE,Diatom,2004,Spring,FALSE
Comprida,Comprida,Flores,TRUE,Diatom,2004,Summer,FALSE
Comprida,Comprida,Flores,TRUE,Diatom,2004,Winter,FALSE
Comprida,Comprida,Flores,TRUE,Diatom,2005,Autumn,FALSE
Comprida,Comprida,Flores,TRUE,Diatom,2005,Spring,FALSE
Comprida,Comprida,Flores,TRUE,Diatom,2005,Summer,FALSE
Comprida,Comprida,Flores,TRUE,Diatom,2005,Winter,FALSE
Comprida,Comprida,Flores,TRUE,Diatom,2006,Autumn,FALSE
Comprida,Comprida,Flores,TRUE,Diatom,2006,Spring,FALSE
Comprida,Comprida,Flores,TRUE,Diatom,2006,Summer,TRUE
Comprida,Comprida,Flores,TRUE,Diatom,2006,Winter,TRUE
Comprida,Comprida,Flores,TRUE,Diatom,2007,Autumn,FALSE
Comprida,Comprida,Flores,TRUE,Diatom,2007,Spring,FALSE
Comprida,Comprida,Flores,TRUE,Diatom,2007,Summer,FALSE
Comprida,Comprida,Flores,TRUE,Diatom,2007,Winter,FALSE
Comprida,Comprida,Flores,TRUE,Diatom,2008,Autumn,TRUE
Comprida,Comprida,Flores,TRUE,Diatom,2008,Spring,TRUE
Comprida,Comprida,Flores,TRUE,Diatom,2008,Summer,FALSE
Comprida,Comprida,Flores,TRUE,Diatom,2008,Winter,FALSE
Comprida,Comprida,Flores,TRUE,Diatom,2009,Autumn,FALSE
Comprida,Comprida,Flores,TRUE,Diatom,2009,Spring,FALSE
Comprida,Comprida,Flores,TRUE,Diatom,2009,Summer,TRUE
Comprida,Comprida,Flores,TRUE,Diatom,2009,Winter,FALSE
Comprida,Comprida,Flores,TRUE,Diatom,2010,Autumn,FALSE
Comprida,Comprida,Flores,TRUE,Diatom,2010,Spring,FALSE
Comprida,Comprida,Flores,TRUE,Diatom,2010,Summer,TRUE
Comprida,Comprida,Flores,TRUE,Diatom,2010,Winter,TRUE
Comprida,Comprida,Flores,TRUE,Diatom,2011,Autumn,TRUE
Comprida,Comprida,Flores,TRUE,Diatom,2011,Spring,TRUE
Comprida,Comprida,Flores,TRUE,Diatom,2011,Summer,TRUE
Comprida,Comprida,Flores,TRUE,Diatom,2011,Winter,FALSE
Comprida,Comprida,Flores,TRUE,Diatom,2012,Autumn,TRUE
Comprida,Comprida,Flores,TRUE,Diatom,2012,Spring,TRUE
Comprida,Comprida,Flores,TRUE,Diatom,2012,Summer,TRUE
Comprida,Comprida,Flores,TRUE,Diatom,2012,Winter,TRUE
Comprida,Comprida,Flores,TRUE,Diatom,2013,Autumn,FALSE
Comprida,Comprida,Flores,TRUE,Diatom,2013,Spring,FALSE
Comprida,Comprida,Flores,TRUE,Diatom,2013,Summer,FALSE
Comprida,Comprida,Flores,TRUE,Diatom,2013,Winter,FALSE
Comprida,Comprida,Flores,TRUE,Diatom,2014,Autumn,FALSE
Comprida,Comprida,Flores,TRUE,Diatom,2014,Spring,FALSE
Comprida,Comprida,Flores,TRUE,Diatom,2014,Summer,FALSE
Comprida,Comprida,Flores,TRUE,Diatom,2014,Winter,FALSE
Comprida,Comprida,Flores,TRUE,Diatom,2015,Autumn,TRUE
Comprida,Comprida,Flores,TRUE,Diatom,2015,Spring,FALSE
Comprida,Comprida,Flores,TRUE,Diatom,2015,Summer,FALSE
Comprida,Comprida,Flores,TRUE,Diatom,2015,Winter,FALSE
Comprida,Comprida,Flores,TRUE,Diatom,2016,Autumn,TRUE
Comprida,Comprida,Flores,TRUE,Diatom,2016,Spring,TRUE
Comprida,Comprida,Flores,TRUE,Diatom,2016,Summer,TRUE
Comprida,Comprida,Flores,TRUE,Diatom,2016,Winter,FALSE
Comprida,Comprida,Flores,TRUE,Diatom,2017,Autumn,TRUE
Comprida,Comprida,Flores,TRUE,Diatom,2017,Spring,FALSE
Comprida,Comprida,Flores,TRUE,Diatom,2017,Summer,FALSE
Comprida,Comprida,Flores,TRUE,Diatom,2017,Winter,TRUE
Comprida,Comprida,Flores,TRUE,Diatom,2018,Autumn,FALSE
Comprida,Comprida,Flores,TRUE,Diatom,2018,Spring,TRUE
Comprida,Comprida,Flores,TRUE,Diatom,2018,Summer,FALSE
Comprida,Comprida,Flores,TRUE,Diatom,2018,Winter,TRUE
Comprida,Comprida,Flores,TRUE,Diatom,2019,Autumn,FALSE
Comprida,Comprida,Flores,TRUE,Diatom,2019,Spring,FALSE
Comprida,Comprida,Flores,TRUE,Diatom,2019,Summer,FALSE
Comprida,Comprida,Flores,TRUE,Diatom,2019,Winter,FALSE
Comprida,Comprida,Flores,TRUE,Diatom,2020,Autumn,FALSE
Comprida,Comprida,Flores,TRUE,Diatom,2020,Spring,FALSE
Comprida,Comprida,Flores,TRUE,Diatom,2020,Summer,FALSE
Comprida,Comprida,Flores,TRUE,Diatom,2020,Winter,FALSE
Comprida,Comprida,Flores,TRUE,Diatom,2021,Autumn,FALSE
Comprida,Comprida,Flores,TRUE,Diatom,2021,Spring,FALSE
Comprida,Comprida,Flores,TRUE,Diatom,2021,Summer,FALSE
Comprida,Comprida,Flores,TRUE,Diatom,2021,Winter,FALSE
Comprida,Comprida,Flores,TRUE,Diatom,2022,Autumn,FALSE
Comprida,Comprida,Flores,TRUE,Diatom,2022,Spring,FALSE
Comprida,Comprida,Flores,TRUE,Diatom,2022,Summer,FALSE
Comprida,Comprida,Flores,TRUE,Diatom,2022,Winter,FALSE
Comprida,Comprida,Flores,TRUE,Diatom,2023,Autumn,FALSE
Comprida,Comprida,Flores,TRUE,Diatom,2023,Spring,FALSE
Comprida,Comprida,Flores,TRUE,Diatom,2023,Summer,FALSE
Comprida,Comprida,Flores,TRUE,Diatom,2023,Winter,FALSE
Comprida,Comprida,Flores,TRUE,Diatom,2024,Autumn,TRUE
Comprida,Comprida,Flores,TRUE,Diatom,2024,Spring,TRUE
Comprida,Comprida,Flores,TRUE,Diatom,2024,Summer,TRUE
Comprida,Comprida,Flores,TRUE,Diatom,2024,Winter,TRUE
Comprida,Comprida,Flores,TRUE,Diatom,2025,Autumn,TRUE
Comprida,Comprida,Flores,TRUE,Diatom,2025,Spring,TRUE
Comprida,Comprida,Flores,TRUE,Diatom,2025,Summer,TRUE
Comprida,Comprida,Flores,TRUE,Diatom,2025,Winter,TRUE
Comprida,Comprida,Flores,TRUE,Env,2003,Autumn,FALSE
Comprida,Comprida,Flores,TRUE,Env,2003,Spring,FALSE
Comprida,Comprida,Flores,TRUE,Env,2003,Summer,FALSE
Comprida,Comprida,Flores,TRUE,Env,2003,Winter,FALSE
Comprida,Comprida,Flores,TRUE,Env,2004,Autumn,TRUE
Comprida,Comprida,Flores,TRUE,Env,2004,Spring,FALSE
Comprida,Comprida,Flores,TRUE,Env,2004,Summer,FALSE
Comprida,Comprida,Flores,TRUE,Env,2004,Winter,FALSE
Comprida,Comprida,Flores,TRUE,Env,2005,Autumn,FALSE
Comprida,Comprida,Flores,TRUE,Env,2005,Spring,TRUE
Comprida,Comprida,Flores,TRUE,Env,2005,Summer,FALSE
Comprida,Comprida,Flores,TRUE,Env,2005,Winter,FALSE
Comprida,Comprida,Flores,TRUE,Env,2006,Autumn,FALSE
Comprida,Comprida,Flores,TRUE,Env,2006,Spring,FALSE
Comprida,Comprida,Flores,TRUE,Env,2006,Summer,TRUE
Comprida,Comprida,Flores,TRUE,Env,2006,Winter,TRUE
Comprida,Comprida,Flores,TRUE,Env,2007,Autumn,FALSE
Comprida,Comprida,Flores,TRUE,Env,2007,Spring,FALSE
Comprida,Comprida,Flores,TRUE,Env,2007,Summer,FALSE
Comprida,Comprida,Flores,TRUE,Env,2007,Winter,FALSE
Comprida,Comprida,Flores,TRUE,Env,2008,Autumn,TRUE
Comprida,Comprida,Flores,TRUE,Env,2008,Spring,TRUE
Comprida,Comprida,Flores,TRUE,Env,2008,Summer,FALSE
Comprida,Comprida,Flores,TRUE,Env,2008,Winter,TRUE
Comprida,Comprida,Flores,TRUE,Env,2009,Autumn,FALSE
Comprida,Comprida,Flores,TRUE,Env,2009,Spring,FALSE
Comprida,Comprida,Flores,TRUE,Env,2009,Summer,FALSE
Comprida,Comprida,Flores,TRUE,Env,2009,Winter,TRUE
Comprida,Comprida,Flores,TRUE,Env,2010,Autumn,TRUE
Comprida,Comprida,Flores,TRUE,Env,2010,Spring,TRUE
Comprida,Comprida,Flores,TRUE,Env,2010,Summer,TRUE
Comprida,Comprida,Flores,TRUE,Env,2010,Winter,TRUE
Comprida,Comprida,Flores,TRUE,Env,2011,Autumn,TRUE
Comprida,Comprida,Flores,TRUE,Env,2011,Spring,TRUE
Comprida,Comprida,Flores,TRUE,Env,2011,Summer,TRUE
Comprida,Comprida,Flores,TRUE,Env,2011,Winter,TRUE
Comprida,Comprida,Flores,TRUE,Env,2012,Autumn,TRUE
Comprida,Comprida,Flores,TRUE,Env,2012,Spring,TRUE
Comprida,Comprida,Flores,TRUE,Env,2012,Summer,TRUE
Comprida,Comprida,Flores,TRUE,Env,2012,Winter,TRUE
Comprida,Comprida,Flores,TRUE,Env,2013,Autumn,FALSE
Comprida,Comprida,Flores,TRUE,Env,2013,Spring,FALSE
Comprida,Comprida,Flores,TRUE,Env,2013,Summer,FALSE
Comprida,Comprida,Flores,TRUE,Env,2013,Winter,FALSE
Comprida,Comprida,Flores,TRUE,Env,2014,Autumn,FALSE
Comprida,Comprida,Flores,TRUE,Env,2014,Spring,FALSE
Comprida,Comprida,Flores,TRUE,Env,2014,Summer,FALSE
Comprida,Comprida,Flores,TRUE,Env,2014,Winter,FALSE
Comprida,Comprida,Flores,TRUE,Env,2015,Autumn,FALSE
Comprida,Comprida,Flores,TRUE,Env,2015,Spring,FALSE
Comprida,Comprida,Flores,TRUE,Env,2015,Summer,FALSE
Comprida,Comprida,Flores,TRUE,Env,2015,Winter,FALSE
Comprida,Comprida,Flores,TRUE,Env,2016,Autumn,FALSE
Comprida,Comprida,Flores,TRUE,Env,2016,Spring,FALSE
Comprida,Comprida,Flores,TRUE,Env,2016,Summer,FALSE
Comprida,Comprida,Flores,TRUE,Env,2016,Winter,FALSE
Comprida,Comprida,Flores,TRUE,Env,2017,Autumn,FALSE
Comprida,Comprida,Flores,TRUE,Env,2017,Spring,FALSE
Comprida,Comprida,Flores,TRUE,Env,2017,Summer,FALSE
Comprida,Comprida,Flores,TRUE,Env,2017,Winter,FALSE
Comprida,Comprida,Flores,TRUE,Env,2018,Autumn,FALSE
Comprida,Comprida,Flores,TRUE,Env,2018,Spring,TRUE
Comprida,Comprida,Flores,TRUE,Env,2018,Summer,FALSE
Comprida,Comprida,Flores,TRUE,Env,2018,Winter,FALSE
Comprida,Comprida,Flores,TRUE,Env,2019,Autumn,FALSE
Comprida,Comprida,Flores,TRUE,Env,2019,Spring,FALSE
Comprida,Comprida,Flores,TRUE,Env,2019,Summer,FALSE
Comprida,Comprida,Flores,TRUE,Env,2019,Winter,FALSE
Comprida,Comprida,Flores,TRUE,Env,2020,Autumn,FALSE
Comprida,Comprida,Flores,TRUE,Env,2020,Spring,FALSE
Comprida,Comprida,Flores,TRUE,Env,2020,Summer,FALSE
Comprida,Comprida,Flores,TRUE,Env,2020,Winter,FALSE
Comprida,Comprida,Flores,TRUE,Env,2021,Autumn,FALSE
Comprida,Comprida,Flores,TRUE,Env,2021,Spring,FALSE
Comprida,Comprida,Flores,TRUE,Env,2021,Summer,FALSE
Comprida,Comprida,Flores,TRUE,Env,2021,Winter,FALSE
Comprida,Comprida,Flores,TRUE,Env,2022,Autumn,FALSE
Comprida,Comprida,Flores,TRUE,Env,2022,Spring,FALSE
Comprida,Comprida,Flores,TRUE,Env,2022,Summer,FALSE
Comprida,Comprida,Flores,TRUE,Env,2022,Winter,FALSE
Comprida,Comprida,Flores,TRUE,Env,2023,Autumn,FALSE
Comprida,Comprida,Flores,TRUE,Env,2023,Spring,FALSE
Comprida,Comprida,Flores,TRUE,Env,2023,Summer,FALSE
Comprida,Comprida,Flores,TRUE,Env,2023,Winter,FALSE
Comprida,Comprida,Flores,TRUE,Env,2024,Autumn,FALSE
Comprida,Comprida,Flores,TRUE,Env,2024,Spring,TRUE
Comprida,Comprida,Flores,TRUE,Env,2024,Summer,TRUE
Comprida,Comprida,Flores,TRUE,Env,2024,Winter,TRUE
Comprida,Comprida,Flores,TRUE,Env,2025,Autumn,TRUE
Comprida,Comprida,Flores,TRUE,Env,2025,Spring,TRUE
Comprida,Comprida,Flores,TRUE,Env,2025,Summer,TRUE
Comprida,Comprida,Flores,TRUE,Env,2025,Winter,TRUE
Comprida,Comprida,Flores,TRUE,Macro,2003,Autumn,FALSE
Comprida,Comprida,Flores,TRUE,Macro,2003,Spring,FALSE
Comprida,Comprida,Flores,TRUE,Macro,2003,Summer,FALSE
Comprida,Comprida,Flores,TRUE,Macro,2003,Winter,FALSE
Comprida,Comprida,Flores,TRUE,Macro,2004,Autumn,TRUE
Comprida,Comprida,Flores,TRUE,Macro,2004,Spring,FALSE
Comprida,Comprida,Flores,TRUE,Macro,2004,Summer,FALSE
Comprida,Comprida,Flores,TRUE,Macro,2004,Winter,FALSE
Comprida,Comprida,Flores,TRUE,Macro,2005,Autumn,FALSE
Comprida,Comprida,Flores,TRUE,Macro,2005,Spring,FALSE
Comprida,Comprida,Flores,TRUE,Macro,2005,Summer,FALSE
Comprida,Comprida,Flores,TRUE,Macro,2005,Winter,FALSE
Comprida,Comprida,Flores,TRUE,Macro,2006,Autumn,FALSE
Comprida,Comprida,Flores,TRUE,Macro,2006,Spring,FALSE
Comprida,Comprida,Flores,TRUE,Macro,2006,Summer,FALSE
Comprida,Comprida,Flores,TRUE,Macro,2006,Winter,TRUE
Comprida,Comprida,Flores,TRUE,Macro,2007,Autumn,FALSE
Comprida,Comprida,Flores,TRUE,Macro,2007,Spring,FALSE
Comprida,Comprida,Flores,TRUE,Macro,2007,Summer,FALSE
Comprida,Comprida,Flores,TRUE,Macro,2007,Winter,FALSE
Comprida,Comprida,Flores,TRUE,Macro,2008,Autumn,TRUE
Comprida,Comprida,Flores,TRUE,Macro,2008,Spring,FALSE
Comprida,Comprida,Flores,TRUE,Macro,2008,Summer,FALSE
Comprida,Comprida,Flores,TRUE,Macro,2008,Winter,FALSE
Comprida,Comprida,Flores,TRUE,Macro,2009,Autumn,FALSE
Comprida,Comprida,Flores,TRUE,Macro,2009,Spring,FALSE
Comprida,Comprida,Flores,TRUE,Macro,2009,Summer,FALSE
Comprida,Comprida,Flores,TRUE,Macro,2009,Winter,FALSE
Comprida,Comprida,Flores,TRUE,Macro,2010,Autumn,FALSE
Comprida,Comprida,Flores,TRUE,Macro,2010,Spring,FALSE
Comprida,Comprida,Flores,TRUE,Macro,2010,Summer,TRUE
Comprida,Comprida,Flores,TRUE,Macro,2010,Winter,TRUE
Comprida,Comprida,Flores,TRUE,Macro,2011,Autumn,FALSE
Comprida,Comprida,Flores,TRUE,Macro,2011,Spring,TRUE
Comprida,Comprida,Flores,TRUE,Macro,2011,Summer,TRUE
Comprida,Comprida,Flores,TRUE,Macro,2011,Winter,TRUE
Comprida,Comprida,Flores,TRUE,Macro,2012,Autumn,TRUE
Comprida,Comprida,Flores,TRUE,Macro,2012,Spring,TRUE
Comprida,Comprida,Flores,TRUE,Macro,2012,Summer,TRUE
Comprida,Comprida,Flores,TRUE,Macro,2012,Winter,FALSE
Comprida,Comprida,Flores,TRUE,Macro,2013,Autumn,FALSE
Comprida,Comprida,Flores,TRUE,Macro,2013,Spring,FALSE
Comprida,Comprida,Flores,TRUE,Macro,2013,Summer,FALSE
Comprida,Comprida,Flores,TRUE,Macro,2013,Winter,FALSE
Comprida,Comprida,Flores,TRUE,Macro,2014,Autumn,FALSE
Comprida,Comprida,Flores,TRUE,Macro,2014,Spring,FALSE
Comprida,Comprida,Flores,TRUE,Macro,2014,Summer,FALSE
Comprida,Comprida,Flores,TRUE,Macro,2014,Winter,FALSE
Comprida,Comprida,Flores,TRUE,Macro,2015,Autumn,FALSE
Comprida,Comprida,Flores,TRUE,Macro,2015,Spring,FALSE
Comprida,Comprida,Flores,TRUE,Macro,2015,Summer,FALSE
Comprida,Comprida,Flores,TRUE,Macro,2015,Winter,FALSE
Comprida,Comprida,Flores,TRUE,Macro,2016,Autumn,FALSE
Comprida,Comprida,Flores,TRUE,Macro,2016,Spring,FALSE
Comprida,Comprida,Flores,TRUE,Macro,2016,Summer,FALSE
Comprida,Comprida,Flores,TRUE,Macro,2016,Winter,FALSE
Comprida,Comprida,Flores,TRUE,Macro,2017,Autumn,FALSE
Comprida,Comprida,Flores,TRUE,Macro,2017,Spring,FALSE
Comprida,Comprida,Flores,TRUE,Macro,2017,Summer,FALSE
Comprida,Comprida,Flores,TRUE,Macro,2017,Winter,FALSE
Comprida,Comprida,Flores,TRUE,Macro,2018,Autumn,FALSE
Comprida,Comprida,Flores,TRUE,Macro,2018,Spring,TRUE
Comprida,Comprida,Flores,TRUE,Macro,2018,Summer,FALSE
Comprida,Comprida,Flores,TRUE,Macro,2018,Winter,FALSE
Comprida,Comprida,Flores,TRUE,Macro,2019,Autumn,FALSE
Comprida,Comprida,Flores,TRUE,Macro,2019,Spring,FALSE
Comprida,Comprida,Flores,TRUE,Macro,2019,Summer,FALSE
Comprida,Comprida,Flores,TRUE,Macro,2019,Winter,FALSE
Comprida,Comprida,Flores,TRUE,Macro,2020,Autumn,FALSE
Comprida,Comprida,Flores,TRUE,Macro,2020,Spring,FALSE
Comprida,Comprida,Flores,TRUE,Macro,2020,Summer,FALSE
Comprida,Comprida,Flores,TRUE,Macro,2020,Winter,FALSE
Comprida,Comprida,Flores,TRUE,Macro,2021,Autumn,FALSE
Comprida,Comprida,Flores,TRUE,Macro,2021,Spring,FALSE
Comprida,Comprida,Flores,TRUE,Macro,2021,Summer,FALSE
Comprida,Comprida,Flores,TRUE,Macro,2021,Winter,FALSE
Comprida,Comprida,Flores,TRUE,Macro,2022,Autumn,FALSE
Comprida,Comprida,Flores,TRUE,Macro,2022,Spring,FALSE
Comprida,Comprida,Flores,TRUE,Macro,2022,Summer,FALSE
Comprida,Comprida,Flores,TRUE,Macro,2022,Winter,FALSE
Comprida,Comprida,Flores,TRUE,Macro,2023,Autumn,FALSE
Comprida,Comprida,Flores,TRUE,Macro,2023,Spring,FALSE
Comprida,Comprida,Flores,TRUE,Macro,2023,Summer,FALSE
Comprida,Comprida,Flores,TRUE,Macro,2023,Winter,FALSE
Comprida,Comprida,Flores,TRUE,Macro,2024,Autumn,TRUE
Comprida,Comprida,Flores,TRUE,Macro,2024,Spring,TRUE
Comprida,Comprida,Flores,TRUE,Macro,2024,Summer,TRUE
Comprida,Comprida,Flores,TRUE,Macro,2024,Winter,TRUE
Comprida,Comprida,Flores,TRUE,Macro,2025,Autumn,TRUE
Comprida,Comprida,Flores,TRUE,Macro,2025,Spring,TRUE
Comprida,Comprida,Flores,TRUE,Macro,2025,Summer,TRUE
Comprida,Comprida,Flores,TRUE,Macro,2025,Winter,TRUE
Comprida,Comprida,Flores,TRUE,Phyto,2003,Autumn,FALSE
Comprida,Comprida,Flores,TRUE,Phyto,2003,Spring,FALSE
Comprida,Comprida,Flores,TRUE,Phyto,2003,Summer,FALSE
Comprida,Comprida,Flores,TRUE,Phyto,2003,Winter,FALSE
Comprida,Comprida,Flores,TRUE,Phyto,2004,Autumn,FALSE
Comprida,Comprida,Flores,TRUE,Phyto,2004,Spring,FALSE
Comprida,Comprida,Flores,TRUE,Phyto,2004,Summer,FALSE
Comprida,Comprida,Flores,TRUE,Phyto,2004,Winter,FALSE
Comprida,Comprida,Flores,TRUE,Phyto,2005,Autumn,TRUE
Comprida,Comprida,Flores,TRUE,Phyto,2005,Spring,TRUE
Comprida,Comprida,Flores,TRUE,Phyto,2005,Summer,FALSE
Comprida,Comprida,Flores,TRUE,Phyto,2005,Winter,FALSE
Comprida,Comprida,Flores,TRUE,Phyto,2006,Autumn,FALSE
Comprida,Comprida,Flores,TRUE,Phyto,2006,Spring,FALSE
Comprida,Comprida,Flores,TRUE,Phyto,2006,Summer,TRUE
Comprida,Comprida,Flores,TRUE,Phyto,2006,Winter,TRUE
Comprida,Comprida,Flores,TRUE,Phyto,2007,Autumn,FALSE
Comprida,Comprida,Flores,TRUE,Phyto,2007,Spring,FALSE
Comprida,Comprida,Flores,TRUE,Phyto,2007,Summer,FALSE
Comprida,Comprida,Flores,TRUE,Phyto,2007,Winter,FALSE
Comprida,Comprida,Flores,TRUE,Phyto,2008,Autumn,TRUE
Comprida,Comprida,Flores,TRUE,Phyto,2008,Spring,TRUE
Comprida,Comprida,Flores,TRUE,Phyto,2008,Summer,FALSE
Comprida,Comprida,Flores,TRUE,Phyto,2008,Winter,FALSE
Comprida,Comprida,Flores,TRUE,Phyto,2009,Autumn,FALSE
Comprida,Comprida,Flores,TRUE,Phyto,2009,Spring,FALSE
Comprida,Comprida,Flores,TRUE,Phyto,2009,Summer,TRUE
Comprida,Comprida,Flores,TRUE,Phyto,2009,Winter,FALSE
Comprida,Comprida,Flores,TRUE,Phyto,2010,Autumn,FALSE
Comprida,Comprida,Flores,TRUE,Phyto,2010,Spring,FALSE
Comprida,Comprida,Flores,TRUE,Phyto,2010,Summer,TRUE
Comprida,Comprida,Flores,TRUE,Phyto,2010,Winter,TRUE
Comprida,Comprida,Flores,TRUE,Phyto,2011,Autumn,TRUE
Comprida,Comprida,Flores,TRUE,Phyto,2011,Spring,TRUE
Comprida,Comprida,Flores,TRUE,Phyto,2011,Summer,TRUE
Comprida,Comprida,Flores,TRUE,Phyto,2011,Winter,TRUE
Comprida,Comprida,Flores,TRUE,Phyto,2012,Autumn,TRUE
Comprida,Comprida,Flores,TRUE,Phyto,2012,Spring,TRUE
Comprida,Comprida,Flores,TRUE,Phyto,2012,Summer,TRUE
Comprida,Comprida,Flores,TRUE,Phyto,2012,Winter,TRUE
Comprida,Comprida,Flores,TRUE,Phyto,2013,Autumn,FALSE
Comprida,Comprida,Flores,TRUE,Phyto,2013,Spring,FALSE
Comprida,Comprida,Flores,TRUE,Phyto,2013,Summer,FALSE
Comprida,Comprida,Flores,TRUE,Phyto,2013,Winter,FALSE
Comprida,Comprida,Flores,TRUE,Phyto,2014,Autumn,FALSE
Comprida,Comprida,Flores,TRUE,Phyto,2014,Spring,FALSE
Comprida,Comprida,Flores,TRUE,Phyto,2014,Summer,FALSE
Comprida,Comprida,Flores,TRUE,Phyto,2014,Winter,FALSE
Comprida,Comprida,Flores,TRUE,Phyto,2015,Autumn,FALSE
Comprida,Comprida,Flores,TRUE,Phyto,2015,Spring,FALSE
Comprida,Comprida,Flores,TRUE,Phyto,2015,Summer,FALSE
Comprida,Comprida,Flores,TRUE,Phyto,2015,Winter,FALSE
Comprida,Comprida,Flores,TRUE,Phyto,2016,Autumn,FALSE
Comprida,Comprida,Flores,TRUE,Phyto,2016,Spring,FALSE
Comprida,Comprida,Flores,TRUE,Phyto,2016,Summer,FALSE
Comprida,Comprida,Flores,TRUE,Phyto,2016,Winter,FALSE
Comprida,Comprida,Flores,TRUE,Phyto,2017,Autumn,FALSE
Comprida,Comprida,Flores,TRUE,Phyto,2017,Spring,FALSE
Comprida,Comprida,Flores,TRUE,Phyto,2017,Summer,FALSE
Comprida,Comprida,Flores,TRUE,Phyto,2017,Winter,FALSE
Comprida,Comprida,Flores,TRUE,Phyto,2018,Autumn,TRUE
Comprida,Comprida,Flores,TRUE,Phyto,2018,Spring,TRUE
Comprida,Comprida,Flores,TRUE,Phyto,2018,Summer,TRUE
Comprida,Comprida,Flores,TRUE,Phyto,2018,Winter,TRUE
Comprida,Comprida,Flores,TRUE,Phyto,2019,Autumn,FALSE
Comprida,Comprida,Flores,TRUE,Phyto,2019,Spring,FALSE
Comprida,Comprida,Flores,TRUE,Phyto,2019,Summer,FALSE
Comprida,Comprida,Flores,TRUE,Phyto,2019,Winter,FALSE
Comprida,Comprida,Flores,TRUE,Phyto,2020,Autumn,FALSE
Comprida,Comprida,Flores,TRUE,Phyto,2020,Spring,FALSE
Comprida,Comprida,Flores,TRUE,Phyto,2020,Summer,FALSE
Comprida,Comprida,Flores,TRUE,Phyto,2020,Winter,FALSE
Comprida,Comprida,Flores,TRUE,Phyto,2021,Autumn,FALSE
Comprida,Comprida,Flores,TRUE,Phyto,2021,Spring,FALSE
Comprida,Comprida,Flores,TRUE,Phyto,2021,Summer,FALSE
Comprida,Comprida,Flores,TRUE,Phyto,2021,Winter,FALSE
Comprida,Comprida,Flores,TRUE,Phyto,2022,Autumn,FALSE
Comprida,Comprida,Flores,TRUE,Phyto,2022,Spring,FALSE
Comprida,Comprida,Flores,TRUE,Phyto,2022,Summer,FALSE
Comprida,Comprida,Flores,TRUE,Phyto,2022,Winter,FALSE
Comprida,Comprida,Flores,TRUE,Phyto,2023,Autumn,FALSE
Comprida,Comprida,Flores,TRUE,Phyto,2023,Spring,FALSE
Comprida,Comprida,Flores,TRUE,Phyto,2023,Summer,FALSE
Comprida,Comprida,Flores,TRUE,Phyto,2023,Winter,FALSE
Comprida,Comprida,Flores,TRUE,Phyto,2024,Autumn,TRUE
Comprida,Comprida,Flores,TRUE,Phyto,2024,Spring,TRUE
Comprida,Comprida,Flores,TRUE,Phyto,2024,Summer,TRUE
Comprida,Comprida,Flores,TRUE,Phyto,2024,Winter,TRUE
Comprida,Comprida,Flores,TRUE,Phyto,2025,Autumn,TRUE
Comprida,Comprida,Flores,TRUE,Phyto,2025,Spring,TRUE
Comprida,Comprida,Flores,TRUE,Phyto,2025,Summer,TRUE
Comprida,Comprida,Flores,TRUE,Phyto,2025,Winter,TRUE
Comprida,Comprida,Flores,TRUE,Zoo,2003,Autumn,FALSE
Comprida,Comprida,Flores,TRUE,Zoo,2003,Spring,FALSE
Comprida,Comprida,Flores,TRUE,Zoo,2003,Summer,FALSE
Comprida,Comprida,Flores,TRUE,Zoo,2003,Winter,FALSE
Comprida,Comprida,Flores,TRUE,Zoo,2004,Autumn,FALSE
Comprida,Comprida,Flores,TRUE,Zoo,2004,Spring,FALSE
Comprida,Comprida,Flores,TRUE,Zoo,2004,Summer,FALSE
Comprida,Comprida,Flores,TRUE,Zoo,2004,Winter,FALSE
Comprida,Comprida,Flores,TRUE,Zoo,2005,Autumn,FALSE
Comprida,Comprida,Flores,TRUE,Zoo,2005,Spring,FALSE
Comprida,Comprida,Flores,TRUE,Zoo,2005,Summer,FALSE
Comprida,Comprida,Flores,TRUE,Zoo,2005,Winter,FALSE
Comprida,Comprida,Flores,TRUE,Zoo,2006,Autumn,FALSE
Comprida,Comprida,Flores,TRUE,Zoo,2006,Spring,FALSE
Comprida,Comprida,Flores,TRUE,Zoo,2006,Summer,FALSE
Comprida,Comprida,Flores,TRUE,Zoo,2006,Winter,FALSE
Comprida,Comprida,Flores,TRUE,Zoo,2007,Autumn,FALSE
Comprida,Comprida,Flores,TRUE,Zoo,2007,Spring,FALSE
Comprida,Comprida,Flores,TRUE,Zoo,2007,Summer,FALSE
Comprida,Comprida,Flores,TRUE,Zoo,2007,Winter,FALSE
Comprida,Comprida,Flores,TRUE,Zoo,2008,Autumn,FALSE
Comprida,Comprida,Flores,TRUE,Zoo,2008,Spring,FALSE
Comprida,Comprida,Flores,TRUE,Zoo,2008,Summer,FALSE
Comprida,Comprida,Flores,TRUE,Zoo,2008,Winter,FALSE
Comprida,Comprida,Flores,TRUE,Zoo,2009,Autumn,FALSE
Comprida,Comprida,Flores,TRUE,Zoo,2009,Spring,FALSE
Comprida,Comprida,Flores,TRUE,Zoo,2009,Summer,FALSE
Comprida,Comprida,Flores,TRUE,Zoo,2009,Winter,FALSE
Comprida,Comprida,Flores,TRUE,Zoo,2010,Autumn,FALSE
Comprida,Comprida,Flores,TRUE,Zoo,2010,Spring,FALSE
Comprida,Comprida,Flores,TRUE,Zoo,2010,Summer,FALSE
Comprida,Comprida,Flores,TRUE,Zoo,2010,Winter,FALSE
Comprida,Comprida,Flores,TRUE,Zoo,2011,Autumn,TRUE
Comprida,Comprida,Flores,TRUE,Zoo,2011,Spring,FALSE
Comprida,Comprida,Flores,TRUE,Zoo,2011,Summer,TRUE
Comprida,Comprida,Flores,TRUE,Zoo,2011,Winter,FALSE
Comprida,Comprida,Flores,TRUE,Zoo,2012,Autumn,FALSE
Comprida,Comprida,Flores,TRUE,Zoo,2012,Spring,TRUE
Comprida,Comprida,Flores,TRUE,Zoo,2012,Summer,FALSE
Comprida,Comprida,Flores,TRUE,Zoo,2012,Winter,TRUE
Comprida,Comprida,Flores,TRUE,Zoo,2013,Autumn,FALSE
Comprida,Comprida,Flores,TRUE,Zoo,2013,Spring,FALSE
Comprida,Comprida,Flores,TRUE,Zoo,2013,Summer,FALSE
Comprida,Comprida,Flores,TRUE,Zoo,2013,Winter,FALSE
Comprida,Comprida,Flores,TRUE,Zoo,2014,Autumn,FALSE
Comprida,Comprida,Flores,TRUE,Zoo,2014,Spring,FALSE
Comprida,Comprida,Flores,TRUE,Zoo,2014,Summer,FALSE
Comprida,Comprida,Flores,TRUE,Zoo,2014,Winter,FALSE
Comprida,Comprida,Flores,TRUE,Zoo,2015,Autumn,FALSE
Comprida,Comprida,Flores,TRUE,Zoo,2015,Spring,FALSE
Comprida,Comprida,Flores,TRUE,Zoo,2015,Summer,FALSE
Comprida,Comprida,Flores,TRUE,Zoo,2015,Winter,FALSE
Comprida,Comprida,Flores,TRUE,Zoo,2016,Autumn,FALSE
Comprida,Comprida,Flores,TRUE,Zoo,2016,Spring,FALSE
Comprida,Comprida,Flores,TRUE,Zoo,2016,Summer,FALSE
Comprida,Comprida,Flores,TRUE,Zoo,2016,Winter,FALSE
Comprida,Comprida,Flores,TRUE,Zoo,2017,Autumn,FALSE
Comprida,Comprida,Flores,TRUE,Zoo,2017,Spring,FALSE
Comprida,Comprida,Flores,TRUE,Zoo,2017,Summer,FALSE
Comprida,Comprida,Flores,TRUE,Zoo,2017,Winter,FALSE
Comprida,Comprida,Flores,TRUE,Zoo,2018,Autumn,FALSE
Comprida,Comprida,Flores,TRUE,Zoo,2018,Spring,FALSE
Comprida,Comprida,Flores,TRUE,Zoo,2018,Summer,FALSE
Comprida,Comprida,Flores,TRUE,Zoo,2018,Winter,FALSE
Comprida,Comprida,Flores,TRUE,Zoo,2019,Autumn,FALSE
Comprida,Comprida,Flores,TRUE,Zoo,2019,Spring,FALSE
Comprida,Comprida,Flores,TRUE,Zoo,2019,Summer,FALSE
Comprida,Comprida,Flores,TRUE,Zoo,2019,Winter,FALSE
Comprida,Comprida,Flores,TRUE,Zoo,2020,Autumn,FALSE
Comprida,Comprida,Flores,TRUE,Zoo,2020,Spring,FALSE
Comprida,Comprida,Flores,TRUE,Zoo,2020,Summer,FALSE
Comprida,Comprida,Flores,TRUE,Zoo,2020,Winter,FALSE
Comprida,Comprida,Flores,TRUE,Zoo,2021,Autumn,FALSE
Comprida,Comprida,Flores,TRUE,Zoo,2021,Spring,FALSE
Comprida,Comprida,Flores,TRUE,Zoo,2021,Summer,FALSE
Comprida,Comprida,Flores,TRUE,Zoo,2021,Winter,FALSE
Comprida,Comprida,Flores,TRUE,Zoo,2022,Autumn,FALSE
Comprida,Comprida,Flores,TRUE,Zoo,2022,Spring,FALSE
Comprida,Comprida,Flores,TRUE,Zoo,2022,Summer,FALSE
Comprida,Comprida,Flores,TRUE,Zoo,2022,Winter,FALSE
Comprida,Comprida,Flores,TRUE,Zoo,2023,Autumn,FALSE
Comprida,Comprida,Flores,TRUE,Zoo,2023,Spring,FALSE
Comprida,Comprida,Flores,TRUE,Zoo,2023,Summer,FALSE
Comprida,Comprida,Flores,TRUE,Zoo,2023,Winter,FALSE
Comprida,Comprida,Flores,TRUE,Zoo,2024,Autumn,FALSE
Comprida,Comprida,Flores,TRUE,Zoo,2024,Spring,FALSE
Comprida,Comprida,Flores,TRUE,Zoo,2024,Summer,FALSE
Comprida,Comprida,Flores,TRUE,Zoo,2024,Winter,FALSE
Comprida,Comprida,Flores,TRUE,Zoo,2025,Autumn,FALSE
Comprida,Comprida,Flores,TRUE,Zoo,2025,Spring,TRUE
Comprida,Comprida,Flores,TRUE,Zoo,2025,Summer,FALSE
Comprida,Comprida,Flores,TRUE,Zoo,2025,Winter,FALSE
Congro,Congro,Sao Miguel,TRUE,Diatom,2003,Autumn,TRUE
Congro,Congro,Sao Miguel,TRUE,Diatom,2003,Spring,FALSE
Congro,Congro,Sao Miguel,TRUE,Diatom,2003,Summer,FALSE
Congro,Congro,Sao Miguel,TRUE,Diatom,2003,Winter,FALSE
Congro,Congro,Sao Miguel,TRUE,Diatom,2004,Autumn,FALSE
Congro,Congro,Sao Miguel,TRUE,Diatom,2004,Spring,FALSE
Congro,Congro,Sao Miguel,TRUE,Diatom,2004,Summer,TRUE
Congro,Congro,Sao Miguel,TRUE,Diatom,2004,Winter,TRUE
Congro,Congro,Sao Miguel,TRUE,Diatom,2005,Autumn,FALSE
Congro,Congro,Sao Miguel,TRUE,Diatom,2005,Spring,FALSE
Congro,Congro,Sao Miguel,TRUE,Diatom,2005,Summer,TRUE
Congro,Congro,Sao Miguel,TRUE,Diatom,2005,Winter,TRUE
Congro,Congro,Sao Miguel,TRUE,Diatom,2006,Autumn,FALSE
Congro,Congro,Sao Miguel,TRUE,Diatom,2006,Spring,TRUE
Congro,Congro,Sao Miguel,TRUE,Diatom,2006,Summer,TRUE
Congro,Congro,Sao Miguel,TRUE,Diatom,2006,Winter,TRUE
Congro,Congro,Sao Miguel,TRUE,Diatom,2007,Autumn,FALSE
Congro,Congro,Sao Miguel,TRUE,Diatom,2007,Spring,FALSE
Congro,Congro,Sao Miguel,TRUE,Diatom,2007,Summer,FALSE
Congro,Congro,Sao Miguel,TRUE,Diatom,2007,Winter,FALSE
Congro,Congro,Sao Miguel,TRUE,Diatom,2008,Autumn,TRUE
Congro,Congro,Sao Miguel,TRUE,Diatom,2008,Spring,TRUE
Congro,Congro,Sao Miguel,TRUE,Diatom,2008,Summer,TRUE
Congro,Congro,Sao Miguel,TRUE,Diatom,2008,Winter,FALSE
Congro,Congro,Sao Miguel,TRUE,Diatom,2009,Autumn,TRUE
Congro,Congro,Sao Miguel,TRUE,Diatom,2009,Spring,FALSE
Congro,Congro,Sao Miguel,TRUE,Diatom,2009,Summer,FALSE
Congro,Congro,Sao Miguel,TRUE,Diatom,2009,Winter,TRUE
Congro,Congro,Sao Miguel,TRUE,Diatom,2010,Autumn,TRUE
Congro,Congro,Sao Miguel,TRUE,Diatom,2010,Spring,TRUE
Congro,Congro,Sao Miguel,TRUE,Diatom,2010,Summer,TRUE
Congro,Congro,Sao Miguel,TRUE,Diatom,2010,Winter,TRUE
Congro,Congro,Sao Miguel,TRUE,Diatom,2011,Autumn,TRUE
Congro,Congro,Sao Miguel,TRUE,Diatom,2011,Spring,TRUE
Congro,Congro,Sao Miguel,TRUE,Diatom,2011,Summer,TRUE
Congro,Congro,Sao Miguel,TRUE,Diatom,2011,Winter,FALSE
Congro,Congro,Sao Miguel,TRUE,Diatom,2012,Autumn,TRUE
Congro,Congro,Sao Miguel,TRUE,Diatom,2012,Spring,TRUE
Congro,Congro,Sao Miguel,TRUE,Diatom,2012,Summer,TRUE
Congro,Congro,Sao Miguel,TRUE,Diatom,2012,Winter,TRUE
Congro,Congro,Sao Miguel,TRUE,Diatom,2013,Autumn,FALSE
Congro,Congro,Sao Miguel,TRUE,Diatom,2013,Spring,FALSE
Congro,Congro,Sao Miguel,TRUE,Diatom,2013,Summer,FALSE
Congro,Congro,Sao Miguel,TRUE,Diatom,2013,Winter,FALSE
Congro,Congro,Sao Miguel,TRUE,Diatom,2014,Autumn,FALSE
Congro,Congro,Sao Miguel,TRUE,Diatom,2014,Spring,FALSE
Congro,Congro,Sao Miguel,TRUE,Diatom,2014,Summer,FALSE
Congro,Congro,Sao Miguel,TRUE,Diatom,2014,Winter,FALSE
Congro,Congro,Sao Miguel,TRUE,Diatom,2015,Autumn,TRUE
Congro,Congro,Sao Miguel,TRUE,Diatom,2015,Spring,FALSE
Congro,Congro,Sao Miguel,TRUE,Diatom,2015,Summer,FALSE
Congro,Congro,Sao Miguel,TRUE,Diatom,2015,Winter,FALSE
Congro,Congro,Sao Miguel,TRUE,Diatom,2016,Autumn,TRUE
Congro,Congro,Sao Miguel,TRUE,Diatom,2016,Spring,TRUE
Congro,Congro,Sao Miguel,TRUE,Diatom,2016,Summer,FALSE
Congro,Congro,Sao Miguel,TRUE,Diatom,2016,Winter,FALSE
Congro,Congro,Sao Miguel,TRUE,Diatom,2017,Autumn,TRUE
Congro,Congro,Sao Miguel,TRUE,Diatom,2017,Spring,FALSE
Congro,Congro,Sao Miguel,TRUE,Diatom,2017,Summer,FALSE
Congro,Congro,Sao Miguel,TRUE,Diatom,2017,Winter,FALSE
Congro,Congro,Sao Miguel,TRUE,Diatom,2018,Autumn,FALSE
Congro,Congro,Sao Miguel,TRUE,Diatom,2018,Spring,TRUE
Congro,Congro,Sao Miguel,TRUE,Diatom,2018,Summer,TRUE
Congro,Congro,Sao Miguel,TRUE,Diatom,2018,Winter,TRUE
Congro,Congro,Sao Miguel,TRUE,Diatom,2019,Autumn,FALSE
Congro,Congro,Sao Miguel,TRUE,Diatom,2019,Spring,FALSE
Congro,Congro,Sao Miguel,TRUE,Diatom,2019,Summer,FALSE
Congro,Congro,Sao Miguel,TRUE,Diatom,2019,Winter,FALSE
Congro,Congro,Sao Miguel,TRUE,Diatom,2020,Autumn,FALSE
Congro,Congro,Sao Miguel,TRUE,Diatom,2020,Spring,FALSE
Congro,Congro,Sao Miguel,TRUE,Diatom,2020,Summer,FALSE
Congro,Congro,Sao Miguel,TRUE,Diatom,2020,Winter,FALSE
Congro,Congro,Sao Miguel,TRUE,Diatom,2021,Autumn,FALSE
Congro,Congro,Sao Miguel,TRUE,Diatom,2021,Spring,FALSE
Congro,Congro,Sao Miguel,TRUE,Diatom,2021,Summer,FALSE
Congro,Congro,Sao Miguel,TRUE,Diatom,2021,Winter,FALSE
Congro,Congro,Sao Miguel,TRUE,Diatom,2022,Autumn,FALSE
Congro,Congro,Sao Miguel,TRUE,Diatom,2022,Spring,FALSE
Congro,Congro,Sao Miguel,TRUE,Diatom,2022,Summer,FALSE
Congro,Congro,Sao Miguel,TRUE,Diatom,2022,Winter,FALSE
Congro,Congro,Sao Miguel,TRUE,Diatom,2023,Autumn,FALSE
Congro,Congro,Sao Miguel,TRUE,Diatom,2023,Spring,FALSE
Congro,Congro,Sao Miguel,TRUE,Diatom,2023,Summer,FALSE
Congro,Congro,Sao Miguel,TRUE,Diatom,2023,Winter,FALSE
Congro,Congro,Sao Miguel,TRUE,Diatom,2024,Autumn,TRUE
Congro,Congro,Sao Miguel,TRUE,Diatom,2024,Spring,TRUE
Congro,Congro,Sao Miguel,TRUE,Diatom,2024,Summer,TRUE
Congro,Congro,Sao Miguel,TRUE,Diatom,2024,Winter,TRUE
Congro,Congro,Sao Miguel,TRUE,Diatom,2025,Autumn,TRUE
Congro,Congro,Sao Miguel,TRUE,Diatom,2025,Spring,TRUE
Congro,Congro,Sao Miguel,TRUE,Diatom,2025,Summer,TRUE
Congro,Congro,Sao Miguel,TRUE,Diatom,2025,Winter,TRUE
Congro,Congro,Sao Miguel,TRUE,Env,2003,Autumn,TRUE
Congro,Congro,Sao Miguel,TRUE,Env,2003,Spring,FALSE
Congro,Congro,Sao Miguel,TRUE,Env,2003,Summer,FALSE
Congro,Congro,Sao Miguel,TRUE,Env,2003,Winter,FALSE
Congro,Congro,Sao Miguel,TRUE,Env,2004,Autumn,FALSE
Congro,Congro,Sao Miguel,TRUE,Env,2004,Spring,TRUE
Congro,Congro,Sao Miguel,TRUE,Env,2004,Summer,TRUE
Congro,Congro,Sao Miguel,TRUE,Env,2004,Winter,TRUE
Congro,Congro,Sao Miguel,TRUE,Env,2005,Autumn,FALSE
Congro,Congro,Sao Miguel,TRUE,Env,2005,Spring,FALSE
Congro,Congro,Sao Miguel,TRUE,Env,2005,Summer,FALSE
Congro,Congro,Sao Miguel,TRUE,Env,2005,Winter,TRUE
Congro,Congro,Sao Miguel,TRUE,Env,2006,Autumn,FALSE
Congro,Congro,Sao Miguel,TRUE,Env,2006,Spring,TRUE
Congro,Congro,Sao Miguel,TRUE,Env,2006,Summer,TRUE
Congro,Congro,Sao Miguel,TRUE,Env,2006,Winter,TRUE
Congro,Congro,Sao Miguel,TRUE,Env,2007,Autumn,FALSE
Congro,Congro,Sao Miguel,TRUE,Env,2007,Spring,TRUE
Congro,Congro,Sao Miguel,TRUE,Env,2007,Summer,FALSE
Congro,Congro,Sao Miguel,TRUE,Env,2007,Winter,TRUE
Congro,Congro,Sao Miguel,TRUE,Env,2008,Autumn,TRUE
Congro,Congro,Sao Miguel,TRUE,Env,2008,Spring,TRUE
Congro,Congro,Sao Miguel,TRUE,Env,2008,Summer,TRUE
Congro,Congro,Sao Miguel,TRUE,Env,2008,Winter,TRUE
Congro,Congro,Sao Miguel,TRUE,Env,2009,Autumn,FALSE
Congro,Congro,Sao Miguel,TRUE,Env,2009,Spring,FALSE
Congro,Congro,Sao Miguel,TRUE,Env,2009,Summer,FALSE
Congro,Congro,Sao Miguel,TRUE,Env,2009,Winter,FALSE
Congro,Congro,Sao Miguel,TRUE,Env,2010,Autumn,TRUE
Congro,Congro,Sao Miguel,TRUE,Env,2010,Spring,TRUE
Congro,Congro,Sao Miguel,TRUE,Env,2010,Summer,TRUE
Congro,Congro,Sao Miguel,TRUE,Env,2010,Winter,TRUE
Congro,Congro,Sao Miguel,TRUE,Env,2011,Autumn,TRUE
Congro,Congro,Sao Miguel,TRUE,Env,2011,Spring,TRUE
Congro,Congro,Sao Miguel,TRUE,Env,2011,Summer,TRUE
Congro,Congro,Sao Miguel,TRUE,Env,2011,Winter,TRUE
Congro,Congro,Sao Miguel,TRUE,Env,2012,Autumn,TRUE
Congro,Congro,Sao Miguel,TRUE,Env,2012,Spring,TRUE
Congro,Congro,Sao Miguel,TRUE,Env,2012,Summer,TRUE
Congro,Congro,Sao Miguel,TRUE,Env,2012,Winter,TRUE
Congro,Congro,Sao Miguel,TRUE,Env,2013,Autumn,FALSE
Congro,Congro,Sao Miguel,TRUE,Env,2013,Spring,FALSE
Congro,Congro,Sao Miguel,TRUE,Env,2013,Summer,FALSE
Congro,Congro,Sao Miguel,TRUE,Env,2013,Winter,FALSE
Congro,Congro,Sao Miguel,TRUE,Env,2014,Autumn,FALSE
Congro,Congro,Sao Miguel,TRUE,Env,2014,Spring,FALSE
Congro,Congro,Sao Miguel,TRUE,Env,2014,Summer,FALSE
Congro,Congro,Sao Miguel,TRUE,Env,2014,Winter,FALSE
Congro,Congro,Sao Miguel,TRUE,Env,2015,Autumn,FALSE
Congro,Congro,Sao Miguel,TRUE,Env,2015,Spring,FALSE
Congro,Congro,Sao Miguel,TRUE,Env,2015,Summer,FALSE
Congro,Congro,Sao Miguel,TRUE,Env,2015,Winter,FALSE
Congro,Congro,Sao Miguel,TRUE,Env,2016,Autumn,FALSE
Congro,Congro,Sao Miguel,TRUE,Env,2016,Spring,FALSE
Congro,Congro,Sao Miguel,TRUE,Env,2016,Summer,FALSE
Congro,Congro,Sao Miguel,TRUE,Env,2016,Winter,FALSE
Congro,Congro,Sao Miguel,TRUE,Env,2017,Autumn,FALSE
Congro,Congro,Sao Miguel,TRUE,Env,2017,Spring,FALSE
Congro,Congro,Sao Miguel,TRUE,Env,2017,Summer,FALSE
Congro,Congro,Sao Miguel,TRUE,Env,2017,Winter,FALSE
Congro,Congro,Sao Miguel,TRUE,Env,2018,Autumn,FALSE
Congro,Congro,Sao Miguel,TRUE,Env,2018,Spring,TRUE
Congro,Congro,Sao Miguel,TRUE,Env,2018,Summer,FALSE
Congro,Congro,Sao Miguel,TRUE,Env,2018,Winter,FALSE
Congro,Congro,Sao Miguel,TRUE,Env,2019,Autumn,FALSE
Congro,Congro,Sao Miguel,TRUE,Env,2019,Spring,FALSE
Congro,Congro,Sao Miguel,TRUE,Env,2019,Summer,FALSE
Congro,Congro,Sao Miguel,TRUE,Env,2019,Winter,FALSE
Congro,Congro,Sao Miguel,TRUE,Env,2020,Autumn,FALSE
Congro,Congro,Sao Miguel,TRUE,Env,2020,Spring,FALSE
Congro,Congro,Sao Miguel,TRUE,Env,2020,Summer,FALSE
Congro,Congro,Sao Miguel,TRUE,Env,2020,Winter,FALSE
Congro,Congro,Sao Miguel,TRUE,Env,2021,Autumn,FALSE
Congro,Congro,Sao Miguel,TRUE,Env,2021,Spring,FALSE
Congro,Congro,Sao Miguel,TRUE,Env,2021,Summer,FALSE
Congro,Congro,Sao Miguel,TRUE,Env,2021,Winter,FALSE
Congro,Congro,Sao Miguel,TRUE,Env,2022,Autumn,FALSE
Congro,Congro,Sao Miguel,TRUE,Env,2022,Spring,FALSE
Congro,Congro,Sao Miguel,TRUE,Env,2022,Summer,FALSE
Congro,Congro,Sao Miguel,TRUE,Env,2022,Winter,FALSE
Congro,Congro,Sao Miguel,TRUE,Env,2023,Autumn,FALSE
Congro,Congro,Sao Miguel,TRUE,Env,2023,Spring,FALSE
Congro,Congro,Sao Miguel,TRUE,Env,2023,Summer,FALSE
Congro,Congro,Sao Miguel,TRUE,Env,2023,Winter,FALSE
Congro,Congro,Sao Miguel,TRUE,Env,2024,Autumn,TRUE
Congro,Congro,Sao Miguel,TRUE,Env,2024,Spring,TRUE
Congro,Congro,Sao Miguel,TRUE,Env,2024,Summer,TRUE
Congro,Congro,Sao Miguel,TRUE,Env,2024,Winter,TRUE
Congro,Congro,Sao Miguel,TRUE,Env,2025,Autumn,TRUE
Congro,Congro,Sao Miguel,TRUE,Env,2025,Spring,TRUE
Congro,Congro,Sao Miguel,TRUE,Env,2025,Summer,TRUE
Congro,Congro,Sao Miguel,TRUE,Env,2025,Winter,TRUE
Congro,Congro,Sao Miguel,TRUE,Macro,2003,Autumn,TRUE
Congro,Congro,Sao Miguel,TRUE,Macro,2003,Spring,FALSE
Congro,Congro,Sao Miguel,TRUE,Macro,2003,Summer,FALSE
Congro,Congro,Sao Miguel,TRUE,Macro,2003,Winter,FALSE
Congro,Congro,Sao Miguel,TRUE,Macro,2004,Autumn,FALSE
Congro,Congro,Sao Miguel,TRUE,Macro,2004,Spring,FALSE
Congro,Congro,Sao Miguel,TRUE,Macro,2004,Summer,TRUE
Congro,Congro,Sao Miguel,TRUE,Macro,2004,Winter,TRUE
Congro,Congro,Sao Miguel,TRUE,Macro,2005,Autumn,FALSE
Congro,Congro,Sao Miguel,TRUE,Macro,2005,Spring,FALSE
Congro,Congro,Sao Miguel,TRUE,Macro,2005,Summer,TRUE
Congro,Congro,Sao Miguel,TRUE,Macro,2005,Winter,TRUE
Congro,Congro,Sao Miguel,TRUE,Macro,2006,Autumn,FALSE
Congro,Congro,Sao Miguel,TRUE,Macro,2006,Spring,TRUE
Congro,Congro,Sao Miguel,TRUE,Macro,2006,Summer,TRUE
Congro,Congro,Sao Miguel,TRUE,Macro,2006,Winter,FALSE
Congro,Congro,Sao Miguel,TRUE,Macro,2007,Autumn,FALSE
Congro,Congro,Sao Miguel,TRUE,Macro,2007,Spring,FALSE
Congro,Congro,Sao Miguel,TRUE,Macro,2007,Summer,FALSE
Congro,Congro,Sao Miguel,TRUE,Macro,2007,Winter,FALSE
Congro,Congro,Sao Miguel,TRUE,Macro,2008,Autumn,TRUE
Congro,Congro,Sao Miguel,TRUE,Macro,2008,Spring,TRUE
Congro,Congro,Sao Miguel,TRUE,Macro,2008,Summer,FALSE
Congro,Congro,Sao Miguel,TRUE,Macro,2008,Winter,FALSE
Congro,Congro,Sao Miguel,TRUE,Macro,2009,Autumn,FALSE
Congro,Congro,Sao Miguel,TRUE,Macro,2009,Spring,FALSE
Congro,Congro,Sao Miguel,TRUE,Macro,2009,Summer,TRUE
Congro,Congro,Sao Miguel,TRUE,Macro,2009,Winter,TRUE
Congro,Congro,Sao Miguel,TRUE,Macro,2010,Autumn,TRUE
Congro,Congro,Sao Miguel,TRUE,Macro,2010,Spring,TRUE
Congro,Congro,Sao Miguel,TRUE,Macro,2010,Summer,TRUE
Congro,Congro,Sao Miguel,TRUE,Macro,2010,Winter,TRUE
Congro,Congro,Sao Miguel,TRUE,Macro,2011,Autumn,TRUE
Congro,Congro,Sao Miguel,TRUE,Macro,2011,Spring,TRUE
Congro,Congro,Sao Miguel,TRUE,Macro,2011,Summer,TRUE
Congro,Congro,Sao Miguel,TRUE,Macro,2011,Winter,TRUE
Congro,Congro,Sao Miguel,TRUE,Macro,2012,Autumn,TRUE
Congro,Congro,Sao Miguel,TRUE,Macro,2012,Spring,TRUE
Congro,Congro,Sao Miguel,TRUE,Macro,2012,Summer,TRUE
Congro,Congro,Sao Miguel,TRUE,Macro,2012,Winter,TRUE
Congro,Congro,Sao Miguel,TRUE,Macro,2013,Autumn,FALSE
Congro,Congro,Sao Miguel,TRUE,Macro,2013,Spring,FALSE
Congro,Congro,Sao Miguel,TRUE,Macro,2013,Summer,FALSE
Congro,Congro,Sao Miguel,TRUE,Macro,2013,Winter,FALSE
Congro,Congro,Sao Miguel,TRUE,Macro,2014,Autumn,FALSE
Congro,Congro,Sao Miguel,TRUE,Macro,2014,Spring,FALSE
Congro,Congro,Sao Miguel,TRUE,Macro,2014,Summer,FALSE
Congro,Congro,Sao Miguel,TRUE,Macro,2014,Winter,FALSE
Congro,Congro,Sao Miguel,TRUE,Macro,2015,Autumn,FALSE
Congro,Congro,Sao Miguel,TRUE,Macro,2015,Spring,FALSE
Congro,Congro,Sao Miguel,TRUE,Macro,2015,Summer,FALSE
Congro,Congro,Sao Miguel,TRUE,Macro,2015,Winter,FALSE
Congro,Congro,Sao Miguel,TRUE,Macro,2016,Autumn,FALSE
Congro,Congro,Sao Miguel,TRUE,Macro,2016,Spring,FALSE
Congro,Congro,Sao Miguel,TRUE,Macro,2016,Summer,FALSE
Congro,Congro,Sao Miguel,TRUE,Macro,2016,Winter,FALSE
Congro,Congro,Sao Miguel,TRUE,Macro,2017,Autumn,FALSE
Congro,Congro,Sao Miguel,TRUE,Macro,2017,Spring,FALSE
Congro,Congro,Sao Miguel,TRUE,Macro,2017,Summer,FALSE
Congro,Congro,Sao Miguel,TRUE,Macro,2017,Winter,FALSE
Congro,Congro,Sao Miguel,TRUE,Macro,2018,Autumn,FALSE
Congro,Congro,Sao Miguel,TRUE,Macro,2018,Spring,TRUE
Congro,Congro,Sao Miguel,TRUE,Macro,2018,Summer,FALSE
Congro,Congro,Sao Miguel,TRUE,Macro,2018,Winter,FALSE
Congro,Congro,Sao Miguel,TRUE,Macro,2019,Autumn,FALSE
Congro,Congro,Sao Miguel,TRUE,Macro,2019,Spring,FALSE
Congro,Congro,Sao Miguel,TRUE,Macro,2019,Summer,FALSE
Congro,Congro,Sao Miguel,TRUE,Macro,2019,Winter,FALSE
Congro,Congro,Sao Miguel,TRUE,Macro,2020,Autumn,FALSE
Congro,Congro,Sao Miguel,TRUE,Macro,2020,Spring,FALSE
Congro,Congro,Sao Miguel,TRUE,Macro,2020,Summer,FALSE
Congro,Congro,Sao Miguel,TRUE,Macro,2020,Winter,FALSE
Congro,Congro,Sao Miguel,TRUE,Macro,2021,Autumn,FALSE
Congro,Congro,Sao Miguel,TRUE,Macro,2021,Spring,FALSE
Congro,Congro,Sao Miguel,TRUE,Macro,2021,Summer,FALSE
Congro,Congro,Sao Miguel,TRUE,Macro,2021,Winter,FALSE
Congro,Congro,Sao Miguel,TRUE,Macro,2022,Autumn,FALSE
Congro,Congro,Sao Miguel,TRUE,Macro,2022,Spring,FALSE
Congro,Congro,Sao Miguel,TRUE,Macro,2022,Summer,FALSE
Congro,Congro,Sao Miguel,TRUE,Macro,2022,Winter,FALSE
Congro,Congro,Sao Miguel,TRUE,Macro,2023,Autumn,FALSE
Congro,Congro,Sao Miguel,TRUE,Macro,2023,Spring,FALSE
Congro,Congro,Sao Miguel,TRUE,Macro,2023,Summer,FALSE
Congro,Congro,Sao Miguel,TRUE,Macro,2023,Winter,FALSE
Congro,Congro,Sao Miguel,TRUE,Macro,2024,Autumn,TRUE
Congro,Congro,Sao Miguel,TRUE,Macro,2024,Spring,TRUE
Congro,Congro,Sao Miguel,TRUE,Macro,2024,Summer,TRUE
Congro,Congro,Sao Miguel,TRUE,Macro,2024,Winter,TRUE
Congro,Congro,Sao Miguel,TRUE,Macro,2025,Autumn,TRUE
Congro,Congro,Sao Miguel,TRUE,Macro,2025,Spring,TRUE
Congro,Congro,Sao Miguel,TRUE,Macro,2025,Summer,TRUE
Congro,Congro,Sao Miguel,TRUE,Macro,2025,Winter,TRUE
Congro,Congro,Sao Miguel,TRUE,Phyto,2003,Autumn,TRUE
Congro,Congro,Sao Miguel,TRUE,Phyto,2003,Spring,FALSE
Congro,Congro,Sao Miguel,TRUE,Phyto,2003,Summer,FALSE
Congro,Congro,Sao Miguel,TRUE,Phyto,2003,Winter,FALSE
Congro,Congro,Sao Miguel,TRUE,Phyto,2004,Autumn,FALSE
Congro,Congro,Sao Miguel,TRUE,Phyto,2004,Spring,TRUE
Congro,Congro,Sao Miguel,TRUE,Phyto,2004,Summer,TRUE
Congro,Congro,Sao Miguel,TRUE,Phyto,2004,Winter,TRUE
Congro,Congro,Sao Miguel,TRUE,Phyto,2005,Autumn,FALSE
Congro,Congro,Sao Miguel,TRUE,Phyto,2005,Spring,FALSE
Congro,Congro,Sao Miguel,TRUE,Phyto,2005,Summer,TRUE
Congro,Congro,Sao Miguel,TRUE,Phyto,2005,Winter,TRUE
Congro,Congro,Sao Miguel,TRUE,Phyto,2006,Autumn,FALSE
Congro,Congro,Sao Miguel,TRUE,Phyto,2006,Spring,TRUE
Congro,Congro,Sao Miguel,TRUE,Phyto,2006,Summer,TRUE
Congro,Congro,Sao Miguel,TRUE,Phyto,2006,Winter,TRUE
Congro,Congro,Sao Miguel,TRUE,Phyto,2007,Autumn,FALSE
Congro,Congro,Sao Miguel,TRUE,Phyto,2007,Spring,FALSE
Congro,Congro,Sao Miguel,TRUE,Phyto,2007,Summer,FALSE
Congro,Congro,Sao Miguel,TRUE,Phyto,2007,Winter,TRUE
Congro,Congro,Sao Miguel,TRUE,Phyto,2008,Autumn,TRUE
Congro,Congro,Sao Miguel,TRUE,Phyto,2008,Spring,TRUE
Congro,Congro,Sao Miguel,TRUE,Phyto,2008,Summer,TRUE
Congro,Congro,Sao Miguel,TRUE,Phyto,2008,Winter,FALSE
Congro,Congro,Sao Miguel,TRUE,Phyto,2009,Autumn,FALSE
Congro,Congro,Sao Miguel,TRUE,Phyto,2009,Spring,FALSE
Congro,Congro,Sao Miguel,TRUE,Phyto,2009,Summer,TRUE
Congro,Congro,Sao Miguel,TRUE,Phyto,2009,Winter,TRUE
Congro,Congro,Sao Miguel,TRUE,Phyto,2010,Autumn,TRUE
Congro,Congro,Sao Miguel,TRUE,Phyto,2010,Spring,TRUE
Congro,Congro,Sao Miguel,TRUE,Phyto,2010,Summer,TRUE
Congro,Congro,Sao Miguel,TRUE,Phyto,2010,Winter,TRUE
Congro,Congro,Sao Miguel,TRUE,Phyto,2011,Autumn,TRUE
Congro,Congro,Sao Miguel,TRUE,Phyto,2011,Spring,TRUE
Congro,Congro,Sao Miguel,TRUE,Phyto,2011,Summer,TRUE
Congro,Congro,Sao Miguel,TRUE,Phyto,2011,Winter,TRUE
Congro,Congro,Sao Miguel,TRUE,Phyto,2012,Autumn,TRUE
Congro,Congro,Sao Miguel,TRUE,Phyto,2012,Spring,TRUE
Congro,Congro,Sao Miguel,TRUE,Phyto,2012,Summer,TRUE
Congro,Congro,Sao Miguel,TRUE,Phyto,2012,Winter,TRUE
Congro,Congro,Sao Miguel,TRUE,Phyto,2013,Autumn,FALSE
Congro,Congro,Sao Miguel,TRUE,Phyto,2013,Spring,FALSE
Congro,Congro,Sao Miguel,TRUE,Phyto,2013,Summer,FALSE
Congro,Congro,Sao Miguel,TRUE,Phyto,2013,Winter,FALSE
Congro,Congro,Sao Miguel,TRUE,Phyto,2014,Autumn,FALSE
Congro,Congro,Sao Miguel,TRUE,Phyto,2014,Spring,FALSE
Congro,Congro,Sao Miguel,TRUE,Phyto,2014,Summer,FALSE
Congro,Congro,Sao Miguel,TRUE,Phyto,2014,Winter,FALSE
Congro,Congro,Sao Miguel,TRUE,Phyto,2015,Autumn,FALSE
Congro,Congro,Sao Miguel,TRUE,Phyto,2015,Spring,FALSE
Congro,Congro,Sao Miguel,TRUE,Phyto,2015,Summer,FALSE
Congro,Congro,Sao Miguel,TRUE,Phyto,2015,Winter,FALSE
Congro,Congro,Sao Miguel,TRUE,Phyto,2016,Autumn,FALSE
Congro,Congro,Sao Miguel,TRUE,Phyto,2016,Spring,FALSE
Congro,Congro,Sao Miguel,TRUE,Phyto,2016,Summer,FALSE
Congro,Congro,Sao Miguel,TRUE,Phyto,2016,Winter,FALSE
Congro,Congro,Sao Miguel,TRUE,Phyto,2017,Autumn,FALSE
Congro,Congro,Sao Miguel,TRUE,Phyto,2017,Spring,FALSE
Congro,Congro,Sao Miguel,TRUE,Phyto,2017,Summer,FALSE
Congro,Congro,Sao Miguel,TRUE,Phyto,2017,Winter,FALSE
Congro,Congro,Sao Miguel,TRUE,Phyto,2018,Autumn,TRUE
Congro,Congro,Sao Miguel,TRUE,Phyto,2018,Spring,TRUE
Congro,Congro,Sao Miguel,TRUE,Phyto,2018,Summer,TRUE
Congro,Congro,Sao Miguel,TRUE,Phyto,2018,Winter,TRUE
Congro,Congro,Sao Miguel,TRUE,Phyto,2019,Autumn,FALSE
Congro,Congro,Sao Miguel,TRUE,Phyto,2019,Spring,FALSE
Congro,Congro,Sao Miguel,TRUE,Phyto,2019,Summer,FALSE
Congro,Congro,Sao Miguel,TRUE,Phyto,2019,Winter,FALSE
Congro,Congro,Sao Miguel,TRUE,Phyto,2020,Autumn,FALSE
Congro,Congro,Sao Miguel,TRUE,Phyto,2020,Spring,FALSE
Congro,Congro,Sao Miguel,TRUE,Phyto,2020,Summer,FALSE
Congro,Congro,Sao Miguel,TRUE,Phyto,2020,Winter,FALSE
Congro,Congro,Sao Miguel,TRUE,Phyto,2021,Autumn,FALSE
Congro,Congro,Sao Miguel,TRUE,Phyto,2021,Spring,FALSE
Congro,Congro,Sao Miguel,TRUE,Phyto,2021,Summer,FALSE
Congro,Congro,Sao Miguel,TRUE,Phyto,2021,Winter,FALSE
Congro,Congro,Sao Miguel,TRUE,Phyto,2022,Autumn,FALSE
Congro,Congro,Sao Miguel,TRUE,Phyto,2022,Spring,FALSE
Congro,Congro,Sao Miguel,TRUE,Phyto,2022,Summer,FALSE
Congro,Congro,Sao Miguel,TRUE,Phyto,2022,Winter,FALSE
Congro,Congro,Sao Miguel,TRUE,Phyto,2023,Autumn,FALSE
Congro,Congro,Sao Miguel,TRUE,Phyto,2023,Spring,FALSE
Congro,Congro,Sao Miguel,TRUE,Phyto,2023,Summer,FALSE
Congro,Congro,Sao Miguel,TRUE,Phyto,2023,Winter,FALSE
Congro,Congro,Sao Miguel,TRUE,Phyto,2024,Autumn,TRUE
Congro,Congro,Sao Miguel,TRUE,Phyto,2024,Spring,TRUE
Congro,Congro,Sao Miguel,TRUE,Phyto,2024,Summer,TRUE
Congro,Congro,Sao Miguel,TRUE,Phyto,2024,Winter,TRUE
Congro,Congro,Sao Miguel,TRUE,Phyto,2025,Autumn,TRUE
Congro,Congro,Sao Miguel,TRUE,Phyto,2025,Spring,TRUE
Congro,Congro,Sao Miguel,TRUE,Phyto,2025,Summer,TRUE
Congro,Congro,Sao Miguel,TRUE,Phyto,2025,Winter,TRUE
Congro,Congro,Sao Miguel,TRUE,Zoo,2003,Autumn,FALSE
Congro,Congro,Sao Miguel,TRUE,Zoo,2003,Spring,FALSE
Congro,Congro,Sao Miguel,TRUE,Zoo,2003,Summer,FALSE
Congro,Congro,Sao Miguel,TRUE,Zoo,2003,Winter,FALSE
Congro,Congro,Sao Miguel,TRUE,Zoo,2004,Autumn,FALSE
Congro,Congro,Sao Miguel,TRUE,Zoo,2004,Spring,FALSE
Congro,Congro,Sao Miguel,TRUE,Zoo,2004,Summer,FALSE
Congro,Congro,Sao Miguel,TRUE,Zoo,2004,Winter,FALSE
Congro,Congro,Sao Miguel,TRUE,Zoo,2005,Autumn,FALSE
Congro,Congro,Sao Miguel,TRUE,Zoo,2005,Spring,FALSE
Congro,Congro,Sao Miguel,TRUE,Zoo,2005,Summer,FALSE
Congro,Congro,Sao Miguel,TRUE,Zoo,2005,Winter,FALSE
Congro,Congro,Sao Miguel,TRUE,Zoo,2006,Autumn,FALSE
Congro,Congro,Sao Miguel,TRUE,Zoo,2006,Spring,FALSE
Congro,Congro,Sao Miguel,TRUE,Zoo,2006,Summer,FALSE
Congro,Congro,Sao Miguel,TRUE,Zoo,2006,Winter,FALSE
Congro,Congro,Sao Miguel,TRUE,Zoo,2007,Autumn,FALSE
Congro,Congro,Sao Miguel,TRUE,Zoo,2007,Spring,FALSE
Congro,Congro,Sao Miguel,TRUE,Zoo,2007,Summer,FALSE
Congro,Congro,Sao Miguel,TRUE,Zoo,2007,Winter,FALSE
Congro,Congro,Sao Miguel,TRUE,Zoo,2008,Autumn,FALSE
Congro,Congro,Sao Miguel,TRUE,Zoo,2008,Spring,FALSE
Congro,Congro,Sao Miguel,TRUE,Zoo,2008,Summer,FALSE
Congro,Congro,Sao Miguel,TRUE,Zoo,2008,Winter,FALSE
Congro,Congro,Sao Miguel,TRUE,Zoo,2009,Autumn,FALSE
Congro,Congro,Sao Miguel,TRUE,Zoo,2009,Spring,FALSE
Congro,Congro,Sao Miguel,TRUE,Zoo,2009,Summer,FALSE
Congro,Congro,Sao Miguel,TRUE,Zoo,2009,Winter,FALSE
Congro,Congro,Sao Miguel,TRUE,Zoo,2010,Autumn,FALSE
Congro,Congro,Sao Miguel,TRUE,Zoo,2010,Spring,FALSE
Congro,Congro,Sao Miguel,TRUE,Zoo,2010,Summer,FALSE
Congro,Congro,Sao Miguel,TRUE,Zoo,2010,Winter,FALSE
Congro,Congro,Sao Miguel,TRUE,Zoo,2011,Autumn,TRUE
Congro,Congro,Sao Miguel,TRUE,Zoo,2011,Spring,FALSE
Congro,Congro,Sao Miguel,TRUE,Zoo,2011,Summer,TRUE
Congro,Congro,Sao Miguel,TRUE,Zoo,2011,Winter,FALSE
Congro,Congro,Sao Miguel,TRUE,Zoo,2012,Autumn,FALSE
Congro,Congro,Sao Miguel,TRUE,Zoo,2012,Spring,TRUE
Congro,Congro,Sao Miguel,TRUE,Zoo,2012,Summer,FALSE
Congro,Congro,Sao Miguel,TRUE,Zoo,2012,Winter,TRUE
Congro,Congro,Sao Miguel,TRUE,Zoo,2013,Autumn,FALSE
Congro,Congro,Sao Miguel,TRUE,Zoo,2013,Spring,FALSE
Congro,Congro,Sao Miguel,TRUE,Zoo,2013,Summer,FALSE
Congro,Congro,Sao Miguel,TRUE,Zoo,2013,Winter,FALSE
Congro,Congro,Sao Miguel,TRUE,Zoo,2014,Autumn,FALSE
Congro,Congro,Sao Miguel,TRUE,Zoo,2014,Spring,FALSE
Congro,Congro,Sao Miguel,TRUE,Zoo,2014,Summer,FALSE
Congro,Congro,Sao Miguel,TRUE,Zoo,2014,Winter,FALSE
Congro,Congro,Sao Miguel,TRUE,Zoo,2015,Autumn,FALSE
Congro,Congro,Sao Miguel,TRUE,Zoo,2015,Spring,FALSE
Congro,Congro,Sao Miguel,TRUE,Zoo,2015,Summer,FALSE
Congro,Congro,Sao Miguel,TRUE,Zoo,2015,Winter,FALSE
Congro,Congro,Sao Miguel,TRUE,Zoo,2016,Autumn,FALSE
Congro,Congro,Sao Miguel,TRUE,Zoo,2016,Spring,FALSE
Congro,Congro,Sao Miguel,TRUE,Zoo,2016,Summer,FALSE
Congro,Congro,Sao Miguel,TRUE,Zoo,2016,Winter,FALSE
Congro,Congro,Sao Miguel,TRUE,Zoo,2017,Autumn,FALSE
Congro,Congro,Sao Miguel,TRUE,Zoo,2017,Spring,FALSE
Congro,Congro,Sao Miguel,TRUE,Zoo,2017,Summer,FALSE
Congro,Congro,Sao Miguel,TRUE,Zoo,2017,Winter,FALSE
Congro,Congro,Sao Miguel,TRUE,Zoo,2018,Autumn,FALSE
Congro,Congro,Sao Miguel,TRUE,Zoo,2018,Spring,FALSE
Congro,Congro,Sao Miguel,TRUE,Zoo,2018,Summer,FALSE
Congro,Congro,Sao Miguel,TRUE,Zoo,2018,Winter,FALSE
Congro,Congro,Sao Miguel,TRUE,Zoo,2019,Autumn,FALSE
Congro,Congro,Sao Miguel,TRUE,Zoo,2019,Spring,FALSE
Congro,Congro,Sao Miguel,TRUE,Zoo,2019,Summer,FALSE
Congro,Congro,Sao Miguel,TRUE,Zoo,2019,Winter,FALSE
Congro,Congro,Sao Miguel,TRUE,Zoo,2020,Autumn,FALSE
Congro,Congro,Sao Miguel,TRUE,Zoo,2020,Spring,FALSE
Congro,Congro,Sao Miguel,TRUE,Zoo,2020,Summer,FALSE
Congro,Congro,Sao Miguel,TRUE,Zoo,2020,Winter,FALSE
Congro,Congro,Sao Miguel,TRUE,Zoo,2021,Autumn,FALSE
Congro,Congro,Sao Miguel,TRUE,Zoo,2021,Spring,FALSE
Congro,Congro,Sao Miguel,TRUE,Zoo,2021,Summer,FALSE
Congro,Congro,Sao Miguel,TRUE,Zoo,2021,Winter,FALSE
Congro,Congro,Sao Miguel,TRUE,Zoo,2022,Autumn,FALSE
Congro,Congro,Sao Miguel,TRUE,Zoo,2022,Spring,FALSE
Congro,Congro,Sao Miguel,TRUE,Zoo,2022,Summer,FALSE
Congro,Congro,Sao Miguel,TRUE,Zoo,2022,Winter,FALSE
Congro,Congro,Sao Miguel,TRUE,Zoo,2023,Autumn,FALSE
Congro,Congro,Sao Miguel,TRUE,Zoo,2023,Spring,FALSE
Congro,Congro,Sao Miguel,TRUE,Zoo,2023,Summer,FALSE
Congro,Congro,Sao Miguel,TRUE,Zoo,2023,Winter,FALSE
Congro,Congro,Sao Miguel,TRUE,Zoo,2024,Autumn,FALSE
Congro,Congro,Sao Miguel,TRUE,Zoo,2024,Spring,FALSE
Congro,Congro,Sao Miguel,TRUE,Zoo,2024,Summer,FALSE
Congro,Congro,Sao Miguel,TRUE,Zoo,2024,Winter,FALSE
Congro,Congro,Sao Miguel,TRUE,Zoo,2025,Autumn,FALSE
Congro,Congro,Sao Miguel,TRUE,Zoo,2025,Spring,TRUE
Congro,Congro,Sao Miguel,TRUE,Zoo,2025,Summer,FALSE
Congro,Congro,Sao Miguel,TRUE,Zoo,2025,Winter,FALSE
Cubres Este,Cubres Este,Sao Jorge,FALSE,Diatom,2003,Autumn,FALSE
Cubres Este,Cubres Este,Sao Jorge,FALSE,Diatom,2003,Spring,FALSE
Cubres Este,Cubres Este,Sao Jorge,FALSE,Diatom,2003,Summer,FALSE
Cubres Este,Cubres Este,Sao Jorge,FALSE,Diatom,2003,Winter,FALSE
Cubres Este,Cubres Este,Sao Jorge,FALSE,Diatom,2004,Autumn,FALSE
Cubres Este,Cubres Este,Sao Jorge,FALSE,Diatom,2004,Spring,FALSE
Cubres Este,Cubres Este,Sao Jorge,FALSE,Diatom,2004,Summer,FALSE
Cubres Este,Cubres Este,Sao Jorge,FALSE,Diatom,2004,Winter,FALSE
Cubres Este,Cubres Este,Sao Jorge,FALSE,Diatom,2005,Autumn,FALSE
Cubres Este,Cubres Este,Sao Jorge,FALSE,Diatom,2005,Spring,FALSE
Cubres Este,Cubres Este,Sao Jorge,FALSE,Diatom,2005,Summer,FALSE
Cubres Este,Cubres Este,Sao Jorge,FALSE,Diatom,2005,Winter,FALSE
Cubres Este,Cubres Este,Sao Jorge,FALSE,Diatom,2006,Autumn,FALSE
Cubres Este,Cubres Este,Sao Jorge,FALSE,Diatom,2006,Spring,FALSE
Cubres Este,Cubres Este,Sao Jorge,FALSE,Diatom,2006,Summer,FALSE
Cubres Este,Cubres Este,Sao Jorge,FALSE,Diatom,2006,Winter,FALSE
Cubres Este,Cubres Este,Sao Jorge,FALSE,Diatom,2007,Autumn,FALSE
Cubres Este,Cubres Este,Sao Jorge,FALSE,Diatom,2007,Spring,FALSE
Cubres Este,Cubres Este,Sao Jorge,FALSE,Diatom,2007,Summer,FALSE
Cubres Este,Cubres Este,Sao Jorge,FALSE,Diatom,2007,Winter,FALSE
Cubres Este,Cubres Este,Sao Jorge,FALSE,Diatom,2008,Autumn,FALSE
Cubres Este,Cubres Este,Sao Jorge,FALSE,Diatom,2008,Spring,FALSE
Cubres Este,Cubres Este,Sao Jorge,FALSE,Diatom,2008,Summer,FALSE
Cubres Este,Cubres Este,Sao Jorge,FALSE,Diatom,2008,Winter,FALSE
Cubres Este,Cubres Este,Sao Jorge,FALSE,Diatom,2009,Autumn,FALSE
Cubres Este,Cubres Este,Sao Jorge,FALSE,Diatom,2009,Spring,FALSE
Cubres Este,Cubres Este,Sao Jorge,FALSE,Diatom,2009,Summer,FALSE
Cubres Este,Cubres Este,Sao Jorge,FALSE,Diatom,2009,Winter,FALSE
Cubres Este,Cubres Este,Sao Jorge,FALSE,Diatom,2010,Autumn,FALSE
Cubres Este,Cubres Este,Sao Jorge,FALSE,Diatom,2010,Spring,FALSE
Cubres Este,Cubres Este,Sao Jorge,FALSE,Diatom,2010,Summer,FALSE
Cubres Este,Cubres Este,Sao Jorge,FALSE,Diatom,2010,Winter,FALSE
Cubres Este,Cubres Este,Sao Jorge,FALSE,Diatom,2011,Autumn,FALSE
Cubres Este,Cubres Este,Sao Jorge,FALSE,Diatom,2011,Spring,FALSE
Cubres Este,Cubres Este,Sao Jorge,FALSE,Diatom,2011,Summer,FALSE
Cubres Este,Cubres Este,Sao Jorge,FALSE,Diatom,2011,Winter,FALSE
Cubres Este,Cubres Este,Sao Jorge,FALSE,Diatom,2012,Autumn,FALSE
Cubres Este,Cubres Este,Sao Jorge,FALSE,Diatom,2012,Spring,FALSE
Cubres Este,Cubres Este,Sao Jorge,FALSE,Diatom,2012,Summer,FALSE
Cubres Este,Cubres Este,Sao Jorge,FALSE,Diatom,2012,Winter,FALSE
Cubres Este,Cubres Este,Sao Jorge,FALSE,Diatom,2013,Autumn,FALSE
Cubres Este,Cubres Este,Sao Jorge,FALSE,Diatom,2013,Spring,FALSE
Cubres Este,Cubres Este,Sao Jorge,FALSE,Diatom,2013,Summer,FALSE
Cubres Este,Cubres Este,Sao Jorge,FALSE,Diatom,2013,Winter,FALSE
Cubres Este,Cubres Este,Sao Jorge,FALSE,Diatom,2014,Autumn,FALSE
Cubres Este,Cubres Este,Sao Jorge,FALSE,Diatom,2014,Spring,FALSE
Cubres Este,Cubres Este,Sao Jorge,FALSE,Diatom,2014,Summer,FALSE
Cubres Este,Cubres Este,Sao Jorge,FALSE,Diatom,2014,Winter,FALSE
Cubres Este,Cubres Este,Sao Jorge,FALSE,Diatom,2015,Autumn,FALSE
Cubres Este,Cubres Este,Sao Jorge,FALSE,Diatom,2015,Spring,FALSE
Cubres Este,Cubres Este,Sao Jorge,FALSE,Diatom,2015,Summer,FALSE
Cubres Este,Cubres Este,Sao Jorge,FALSE,Diatom,2015,Winter,FALSE
Cubres Este,Cubres Este,Sao Jorge,FALSE,Diatom,2016,Autumn,FALSE
Cubres Este,Cubres Este,Sao Jorge,FALSE,Diatom,2016,Spring,FALSE
Cubres Este,Cubres Este,Sao Jorge,FALSE,Diatom,2016,Summer,FALSE
Cubres Este,Cubres Este,Sao Jorge,FALSE,Diatom,2016,Winter,FALSE
Cubres Este,Cubres Este,Sao Jorge,FALSE,Diatom,2017,Autumn,FALSE
Cubres Este,Cubres Este,Sao Jorge,FALSE,Diatom,2017,Spring,FALSE
Cubres Este,Cubres Este,Sao Jorge,FALSE,Diatom,2017,Summer,FALSE
Cubres Este,Cubres Este,Sao Jorge,FALSE,Diatom,2017,Winter,FALSE
Cubres Este,Cubres Este,Sao Jorge,FALSE,Diatom,2018,Autumn,FALSE
Cubres Este,Cubres Este,Sao Jorge,FALSE,Diatom,2018,Spring,FALSE
Cubres Este,Cubres Este,Sao Jorge,FALSE,Diatom,2018,Summer,FALSE
Cubres Este,Cubres Este,Sao Jorge,FALSE,Diatom,2018,Winter,FALSE
Cubres Este,Cubres Este,Sao Jorge,FALSE,Diatom,2019,Autumn,FALSE
Cubres Este,Cubres Este,Sao Jorge,FALSE,Diatom,2019,Spring,FALSE
Cubres Este,Cubres Este,Sao Jorge,FALSE,Diatom,2019,Summer,FALSE
Cubres Este,Cubres Este,Sao Jorge,FALSE,Diatom,2019,Winter,FALSE
Cubres Este,Cubres Este,Sao Jorge,FALSE,Diatom,2020,Autumn,FALSE
Cubres Este,Cubres Este,Sao Jorge,FALSE,Diatom,2020,Spring,FALSE
Cubres Este,Cubres Este,Sao Jorge,FALSE,Diatom,2020,Summer,FALSE
Cubres Este,Cubres Este,Sao Jorge,FALSE,Diatom,2020,Winter,FALSE
Cubres Este,Cubres Este,Sao Jorge,FALSE,Diatom,2021,Autumn,FALSE
Cubres Este,Cubres Este,Sao Jorge,FALSE,Diatom,2021,Spring,FALSE
Cubres Este,Cubres Este,Sao Jorge,FALSE,Diatom,2021,Summer,FALSE
Cubres Este,Cubres Este,Sao Jorge,FALSE,Diatom,2021,Winter,FALSE
Cubres Este,Cubres Este,Sao Jorge,FALSE,Diatom,2022,Autumn,FALSE
Cubres Este,Cubres Este,Sao Jorge,FALSE,Diatom,2022,Spring,FALSE
Cubres Este,Cubres Este,Sao Jorge,FALSE,Diatom,2022,Summer,FALSE
Cubres Este,Cubres Este,Sao Jorge,FALSE,Diatom,2022,Winter,FALSE
Cubres Este,Cubres Este,Sao Jorge,FALSE,Diatom,2023,Autumn,FALSE
Cubres Este,Cubres Este,Sao Jorge,FALSE,Diatom,2023,Spring,FALSE
Cubres Este,Cubres Este,Sao Jorge,FALSE,Diatom,2023,Summer,FALSE
Cubres Este,Cubres Este,Sao Jorge,FALSE,Diatom,2023,Winter,FALSE
Cubres Este,Cubres Este,Sao Jorge,FALSE,Diatom,2024,Autumn,FALSE
Cubres Este,Cubres Este,Sao Jorge,FALSE,Diatom,2024,Spring,FALSE
Cubres Este,Cubres Este,Sao Jorge,FALSE,Diatom,2024,Summer,FALSE
Cubres Este,Cubres Este,Sao Jorge,FALSE,Diatom,2024,Winter,FALSE
Cubres Este,Cubres Este,Sao Jorge,FALSE,Diatom,2025,Autumn,FALSE
Cubres Este,Cubres Este,Sao Jorge,FALSE,Diatom,2025,Spring,FALSE
Cubres Este,Cubres Este,Sao Jorge,FALSE,Diatom,2025,Summer,FALSE
Cubres Este,Cubres Este,Sao Jorge,FALSE,Diatom,2025,Winter,FALSE
Cubres Este,Cubres Este,Sao Jorge,FALSE,Env,2003,Autumn,FALSE
Cubres Este,Cubres Este,Sao Jorge,FALSE,Env,2003,Spring,FALSE
Cubres Este,Cubres Este,Sao Jorge,FALSE,Env,2003,Summer,FALSE
Cubres Este,Cubres Este,Sao Jorge,FALSE,Env,2003,Winter,FALSE
Cubres Este,Cubres Este,Sao Jorge,FALSE,Env,2004,Autumn,FALSE
Cubres Este,Cubres Este,Sao Jorge,FALSE,Env,2004,Spring,FALSE
Cubres Este,Cubres Este,Sao Jorge,FALSE,Env,2004,Summer,FALSE
Cubres Este,Cubres Este,Sao Jorge,FALSE,Env,2004,Winter,FALSE
Cubres Este,Cubres Este,Sao Jorge,FALSE,Env,2005,Autumn,FALSE
Cubres Este,Cubres Este,Sao Jorge,FALSE,Env,2005,Spring,FALSE
Cubres Este,Cubres Este,Sao Jorge,FALSE,Env,2005,Summer,FALSE
Cubres Este,Cubres Este,Sao Jorge,FALSE,Env,2005,Winter,FALSE
Cubres Este,Cubres Este,Sao Jorge,FALSE,Env,2006,Autumn,FALSE
Cubres Este,Cubres Este,Sao Jorge,FALSE,Env,2006,Spring,FALSE
Cubres Este,Cubres Este,Sao Jorge,FALSE,Env,2006,Summer,FALSE
Cubres Este,Cubres Este,Sao Jorge,FALSE,Env,2006,Winter,FALSE
Cubres Este,Cubres Este,Sao Jorge,FALSE,Env,2007,Autumn,FALSE
Cubres Este,Cubres Este,Sao Jorge,FALSE,Env,2007,Spring,FALSE
Cubres Este,Cubres Este,Sao Jorge,FALSE,Env,2007,Summer,FALSE
Cubres Este,Cubres Este,Sao Jorge,FALSE,Env,2007,Winter,FALSE
Cubres Este,Cubres Este,Sao Jorge,FALSE,Env,2008,Autumn,FALSE
Cubres Este,Cubres Este,Sao Jorge,FALSE,Env,2008,Spring,FALSE
Cubres Este,Cubres Este,Sao Jorge,FALSE,Env,2008,Summer,FALSE
Cubres Este,Cubres Este,Sao Jorge,FALSE,Env,2008,Winter,FALSE
Cubres Este,Cubres Este,Sao Jorge,FALSE,Env,2009,Autumn,FALSE
Cubres Este,Cubres Este,Sao Jorge,FALSE,Env,2009,Spring,FALSE
Cubres Este,Cubres Este,Sao Jorge,FALSE,Env,2009,Summer,FALSE
Cubres Este,Cubres Este,Sao Jorge,FALSE,Env,2009,Winter,FALSE
Cubres Este,Cubres Este,Sao Jorge,FALSE,Env,2010,Autumn,FALSE
Cubres Este,Cubres Este,Sao Jorge,FALSE,Env,2010,Spring,FALSE
Cubres Este,Cubres Este,Sao Jorge,FALSE,Env,2010,Summer,FALSE
Cubres Este,Cubres Este,Sao Jorge,FALSE,Env,2010,Winter,FALSE
Cubres Este,Cubres Este,Sao Jorge,FALSE,Env,2011,Autumn,FALSE
Cubres Este,Cubres Este,Sao Jorge,FALSE,Env,2011,Spring,FALSE
Cubres Este,Cubres Este,Sao Jorge,FALSE,Env,2011,Summer,FALSE
Cubres Este,Cubres Este,Sao Jorge,FALSE,Env,2011,Winter,FALSE
Cubres Este,Cubres Este,Sao Jorge,FALSE,Env,2012,Autumn,FALSE
Cubres Este,Cubres Este,Sao Jorge,FALSE,Env,2012,Spring,FALSE
Cubres Este,Cubres Este,Sao Jorge,FALSE,Env,2012,Summer,FALSE
Cubres Este,Cubres Este,Sao Jorge,FALSE,Env,2012,Winter,FALSE
Cubres Este,Cubres Este,Sao Jorge,FALSE,Env,2013,Autumn,FALSE
Cubres Este,Cubres Este,Sao Jorge,FALSE,Env,2013,Spring,FALSE
Cubres Este,Cubres Este,Sao Jorge,FALSE,Env,2013,Summer,FALSE
Cubres Este,Cubres Este,Sao Jorge,FALSE,Env,2013,Winter,FALSE
Cubres Este,Cubres Este,Sao Jorge,FALSE,Env,2014,Autumn,FALSE
Cubres Este,Cubres Este,Sao Jorge,FALSE,Env,2014,Spring,FALSE
Cubres Este,Cubres Este,Sao Jorge,FALSE,Env,2014,Summer,FALSE
Cubres Este,Cubres Este,Sao Jorge,FALSE,Env,2014,Winter,FALSE
Cubres Este,Cubres Este,Sao Jorge,FALSE,Env,2015,Autumn,FALSE
Cubres Este,Cubres Este,Sao Jorge,FALSE,Env,2015,Spring,FALSE
Cubres Este,Cubres Este,Sao Jorge,FALSE,Env,2015,Summer,FALSE
Cubres Este,Cubres Este,Sao Jorge,FALSE,Env,2015,Winter,FALSE
Cubres Este,Cubres Este,Sao Jorge,FALSE,Env,2016,Autumn,FALSE
Cubres Este,Cubres Este,Sao Jorge,FALSE,Env,2016,Spring,FALSE
Cubres Este,Cubres Este,Sao Jorge,FALSE,Env,2016,Summer,FALSE
Cubres Este,Cubres Este,Sao Jorge,FALSE,Env,2016,Winter,FALSE
Cubres Este,Cubres Este,Sao Jorge,FALSE,Env,2017,Autumn,FALSE
Cubres Este,Cubres Este,Sao Jorge,FALSE,Env,2017,Spring,FALSE
Cubres Este,Cubres Este,Sao Jorge,FALSE,Env,2017,Summer,FALSE
Cubres Este,Cubres Este,Sao Jorge,FALSE,Env,2017,Winter,FALSE
Cubres Este,Cubres Este,Sao Jorge,FALSE,Env,2018,Autumn,FALSE
Cubres Este,Cubres Este,Sao Jorge,FALSE,Env,2018,Spring,FALSE
Cubres Este,Cubres Este,Sao Jorge,FALSE,Env,2018,Summer,FALSE
Cubres Este,Cubres Este,Sao Jorge,FALSE,Env,2018,Winter,FALSE
Cubres Este,Cubres Este,Sao Jorge,FALSE,Env,2019,Autumn,FALSE
Cubres Este,Cubres Este,Sao Jorge,FALSE,Env,2019,Spring,FALSE
Cubres Este,Cubres Este,Sao Jorge,FALSE,Env,2019,Summer,FALSE
Cubres Este,Cubres Este,Sao Jorge,FALSE,Env,2019,Winter,FALSE
Cubres Este,Cubres Este,Sao Jorge,FALSE,Env,2020,Autumn,FALSE
Cubres Este,Cubres Este,Sao Jorge,FALSE,Env,2020,Spring,FALSE
Cubres Este,Cubres Este,Sao Jorge,FALSE,Env,2020,Summer,FALSE
Cubres Este,Cubres Este,Sao Jorge,FALSE,Env,2020,Winter,FALSE
Cubres Este,Cubres Este,Sao Jorge,FALSE,Env,2021,Autumn,FALSE
Cubres Este,Cubres Este,Sao Jorge,FALSE,Env,2021,Spring,FALSE
Cubres Este,Cubres Este,Sao Jorge,FALSE,Env,2021,Summer,FALSE
Cubres Este,Cubres Este,Sao Jorge,FALSE,Env,2021,Winter,FALSE
Cubres Este,Cubres Este,Sao Jorge,FALSE,Env,2022,Autumn,FALSE
Cubres Este,Cubres Este,Sao Jorge,FALSE,Env,2022,Spring,FALSE
Cubres Este,Cubres Este,Sao Jorge,FALSE,Env,2022,Summer,FALSE
Cubres Este,Cubres Este,Sao Jorge,FALSE,Env,2022,Winter,FALSE
Cubres Este,Cubres Este,Sao Jorge,FALSE,Env,2023,Autumn,FALSE
Cubres Este,Cubres Este,Sao Jorge,FALSE,Env,2023,Spring,FALSE
Cubres Este,Cubres Este,Sao Jorge,FALSE,Env,2023,Summer,FALSE
Cubres Este,Cubres Este,Sao Jorge,FALSE,Env,2023,Winter,FALSE
Cubres Este,Cubres Este,Sao Jorge,FALSE,Env,2024,Autumn,FALSE
Cubres Este,Cubres Este,Sao Jorge,FALSE,Env,2024,Spring,FALSE
Cubres Este,Cubres Este,Sao Jorge,FALSE,Env,2024,Summer,FALSE
Cubres Este,Cubres Este,Sao Jorge,FALSE,Env,2024,Winter,FALSE
Cubres Este,Cubres Este,Sao Jorge,FALSE,Env,2025,Autumn,FALSE
Cubres Este,Cubres Este,Sao Jorge,FALSE,Env,2025,Spring,FALSE
Cubres Este,Cubres Este,Sao Jorge,FALSE,Env,2025,Summer,FALSE
Cubres Este,Cubres Este,Sao Jorge,FALSE,Env,2025,Winter,FALSE
Cubres Este,Cubres Este,Sao Jorge,FALSE,Macro,2003,Autumn,FALSE
Cubres Este,Cubres Este,Sao Jorge,FALSE,Macro,2003,Spring,FALSE
Cubres Este,Cubres Este,Sao Jorge,FALSE,Macro,2003,Summer,FALSE
Cubres Este,Cubres Este,Sao Jorge,FALSE,Macro,2003,Winter,FALSE
Cubres Este,Cubres Este,Sao Jorge,FALSE,Macro,2004,Autumn,FALSE
Cubres Este,Cubres Este,Sao Jorge,FALSE,Macro,2004,Spring,FALSE
Cubres Este,Cubres Este,Sao Jorge,FALSE,Macro,2004,Summer,FALSE
Cubres Este,Cubres Este,Sao Jorge,FALSE,Macro,2004,Winter,FALSE
Cubres Este,Cubres Este,Sao Jorge,FALSE,Macro,2005,Autumn,FALSE
Cubres Este,Cubres Este,Sao Jorge,FALSE,Macro,2005,Spring,FALSE
Cubres Este,Cubres Este,Sao Jorge,FALSE,Macro,2005,Summer,FALSE
Cubres Este,Cubres Este,Sao Jorge,FALSE,Macro,2005,Winter,FALSE
Cubres Este,Cubres Este,Sao Jorge,FALSE,Macro,2006,Autumn,FALSE
Cubres Este,Cubres Este,Sao Jorge,FALSE,Macro,2006,Spring,FALSE
Cubres Este,Cubres Este,Sao Jorge,FALSE,Macro,2006,Summer,FALSE
Cubres Este,Cubres Este,Sao Jorge,FALSE,Macro,2006,Winter,FALSE
Cubres Este,Cubres Este,Sao Jorge,FALSE,Macro,2007,Autumn,FALSE
Cubres Este,Cubres Este,Sao Jorge,FALSE,Macro,2007,Spring,FALSE
Cubres Este,Cubres Este,Sao Jorge,FALSE,Macro,2007,Summer,FALSE
Cubres Este,Cubres Este,Sao Jorge,FALSE,Macro,2007,Winter,FALSE
Cubres Este,Cubres Este,Sao Jorge,FALSE,Macro,2008,Autumn,FALSE
Cubres Este,Cubres Este,Sao Jorge,FALSE,Macro,2008,Spring,FALSE
Cubres Este,Cubres Este,Sao Jorge,FALSE,Macro,2008,Summer,FALSE
Cubres Este,Cubres Este,Sao Jorge,FALSE,Macro,2008,Winter,FALSE
Cubres Este,Cubres Este,Sao Jorge,FALSE,Macro,2009,Autumn,FALSE
Cubres Este,Cubres Este,Sao Jorge,FALSE,Macro,2009,Spring,FALSE
Cubres Este,Cubres Este,Sao Jorge,FALSE,Macro,2009,Summer,FALSE
Cubres Este,Cubres Este,Sao Jorge,FALSE,Macro,2009,Winter,FALSE
Cubres Este,Cubres Este,Sao Jorge,FALSE,Macro,2010,Autumn,FALSE
Cubres Este,Cubres Este,Sao Jorge,FALSE,Macro,2010,Spring,FALSE
Cubres Este,Cubres Este,Sao Jorge,FALSE,Macro,2010,Summer,FALSE
Cubres Este,Cubres Este,Sao Jorge,FALSE,Macro,2010,Winter,FALSE
Cubres Este,Cubres Este,Sao Jorge,FALSE,Macro,2011,Autumn,FALSE
Cubres Este,Cubres Este,Sao Jorge,FALSE,Macro,2011,Spring,FALSE
Cubres Este,Cubres Este,Sao Jorge,FALSE,Macro,2011,Summer,FALSE
Cubres Este,Cubres Este,Sao Jorge,FALSE,Macro,2011,Winter,FALSE
Cubres Este,Cubres Este,Sao Jorge,FALSE,Macro,2012,Autumn,FALSE
Cubres Este,Cubres Este,Sao Jorge,FALSE,Macro,2012,Spring,FALSE
Cubres Este,Cubres Este,Sao Jorge,FALSE,Macro,2012,Summer,FALSE
Cubres Este,Cubres Este,Sao Jorge,FALSE,Macro,2012,Winter,FALSE
Cubres Este,Cubres Este,Sao Jorge,FALSE,Macro,2013,Autumn,FALSE
Cubres Este,Cubres Este,Sao Jorge,FALSE,Macro,2013,Spring,FALSE
Cubres Este,Cubres Este,Sao Jorge,FALSE,Macro,2013,Summer,FALSE
Cubres Este,Cubres Este,Sao Jorge,FALSE,Macro,2013,Winter,FALSE
Cubres Este,Cubres Este,Sao Jorge,FALSE,Macro,2014,Autumn,FALSE
Cubres Este,Cubres Este,Sao Jorge,FALSE,Macro,2014,Spring,FALSE
Cubres Este,Cubres Este,Sao Jorge,FALSE,Macro,2014,Summer,FALSE
Cubres Este,Cubres Este,Sao Jorge,FALSE,Macro,2014,Winter,FALSE
Cubres Este,Cubres Este,Sao Jorge,FALSE,Macro,2015,Autumn,FALSE
Cubres Este,Cubres Este,Sao Jorge,FALSE,Macro,2015,Spring,FALSE
Cubres Este,Cubres Este,Sao Jorge,FALSE,Macro,2015,Summer,FALSE
Cubres Este,Cubres Este,Sao Jorge,FALSE,Macro,2015,Winter,FALSE
Cubres Este,Cubres Este,Sao Jorge,FALSE,Macro,2016,Autumn,FALSE
Cubres Este,Cubres Este,Sao Jorge,FALSE,Macro,2016,Spring,FALSE
Cubres Este,Cubres Este,Sao Jorge,FALSE,Macro,2016,Summer,FALSE
Cubres Este,Cubres Este,Sao Jorge,FALSE,Macro,2016,Winter,FALSE
Cubres Este,Cubres Este,Sao Jorge,FALSE,Macro,2017,Autumn,FALSE
Cubres Este,Cubres Este,Sao Jorge,FALSE,Macro,2017,Spring,FALSE
Cubres Este,Cubres Este,Sao Jorge,FALSE,Macro,2017,Summer,FALSE
Cubres Este,Cubres Este,Sao Jorge,FALSE,Macro,2017,Winter,FALSE
Cubres Este,Cubres Este,Sao Jorge,FALSE,Macro,2018,Autumn,FALSE
Cubres Este,Cubres Este,Sao Jorge,FALSE,Macro,2018,Spring,FALSE
Cubres Este,Cubres Este,Sao Jorge,FALSE,Macro,2018,Summer,FALSE
Cubres Este,Cubres Este,Sao Jorge,FALSE,Macro,2018,Winter,FALSE
Cubres Este,Cubres Este,Sao Jorge,FALSE,Macro,2019,Autumn,FALSE
Cubres Este,Cubres Este,Sao Jorge,FALSE,Macro,2019,Spring,FALSE
Cubres Este,Cubres Este,Sao Jorge,FALSE,Macro,2019,Summer,FALSE
Cubres Este,Cubres Este,Sao Jorge,FALSE,Macro,2019,Winter,FALSE
Cubres Este,Cubres Este,Sao Jorge,FALSE,Macro,2020,Autumn,FALSE
Cubres Este,Cubres Este,Sao Jorge,FALSE,Macro,2020,Spring,FALSE
Cubres Este,Cubres Este,Sao Jorge,FALSE,Macro,2020,Summer,FALSE
Cubres Este,Cubres Este,Sao Jorge,FALSE,Macro,2020,Winter,FALSE
Cubres Este,Cubres Este,Sao Jorge,FALSE,Macro,2021,Autumn,FALSE
Cubres Este,Cubres Este,Sao Jorge,FALSE,Macro,2021,Spring,FALSE
Cubres Este,Cubres Este,Sao Jorge,FALSE,Macro,2021,Summer,FALSE
Cubres Este,Cubres Este,Sao Jorge,FALSE,Macro,2021,Winter,FALSE
Cubres Este,Cubres Este,Sao Jorge,FALSE,Macro,2022,Autumn,FALSE
Cubres Este,Cubres Este,Sao Jorge,FALSE,Macro,2022,Spring,FALSE
Cubres Este,Cubres Este,Sao Jorge,FALSE,Macro,2022,Summer,FALSE
Cubres Este,Cubres Este,Sao Jorge,FALSE,Macro,2022,Winter,FALSE
Cubres Este,Cubres Este,Sao Jorge,FALSE,Macro,2023,Autumn,FALSE
Cubres Este,Cubres Este,Sao Jorge,FALSE,Macro,2023,Spring,FALSE
Cubres Este,Cubres Este,Sao Jorge,FALSE,Macro,2023,Summer,FALSE
Cubres Este,Cubres Este,Sao Jorge,FALSE,Macro,2023,Winter,FALSE
Cubres Este,Cubres Este,Sao Jorge,FALSE,Macro,2024,Autumn,TRUE
Cubres Este,Cubres Este,Sao Jorge,FALSE,Macro,2024,Spring,TRUE
Cubres Este,Cubres Este,Sao Jorge,FALSE,Macro,2024,Summer,FALSE
Cubres Este,Cubres Este,Sao Jorge,FALSE,Macro,2024,Winter,FALSE
Cubres Este,Cubres Este,Sao Jorge,FALSE,Macro,2025,Autumn,FALSE
Cubres Este,Cubres Este,Sao Jorge,FALSE,Macro,2025,Spring,TRUE
Cubres Este,Cubres Este,Sao Jorge,FALSE,Macro,2025,Summer,FALSE
Cubres Este,Cubres Este,Sao Jorge,FALSE,Macro,2025,Winter,FALSE
Cubres Este,Cubres Este,Sao Jorge,FALSE,Phyto,2003,Autumn,FALSE
Cubres Este,Cubres Este,Sao Jorge,FALSE,Phyto,2003,Spring,FALSE
Cubres Este,Cubres Este,Sao Jorge,FALSE,Phyto,2003,Summer,FALSE
Cubres Este,Cubres Este,Sao Jorge,FALSE,Phyto,2003,Winter,FALSE
Cubres Este,Cubres Este,Sao Jorge,FALSE,Phyto,2004,Autumn,FALSE
Cubres Este,Cubres Este,Sao Jorge,FALSE,Phyto,2004,Spring,FALSE
Cubres Este,Cubres Este,Sao Jorge,FALSE,Phyto,2004,Summer,FALSE
Cubres Este,Cubres Este,Sao Jorge,FALSE,Phyto,2004,Winter,FALSE
Cubres Este,Cubres Este,Sao Jorge,FALSE,Phyto,2005,Autumn,FALSE
Cubres Este,Cubres Este,Sao Jorge,FALSE,Phyto,2005,Spring,FALSE
Cubres Este,Cubres Este,Sao Jorge,FALSE,Phyto,2005,Summer,FALSE
Cubres Este,Cubres Este,Sao Jorge,FALSE,Phyto,2005,Winter,FALSE
Cubres Este,Cubres Este,Sao Jorge,FALSE,Phyto,2006,Autumn,FALSE
Cubres Este,Cubres Este,Sao Jorge,FALSE,Phyto,2006,Spring,FALSE
Cubres Este,Cubres Este,Sao Jorge,FALSE,Phyto,2006,Summer,FALSE
Cubres Este,Cubres Este,Sao Jorge,FALSE,Phyto,2006,Winter,FALSE
Cubres Este,Cubres Este,Sao Jorge,FALSE,Phyto,2007,Autumn,FALSE
Cubres Este,Cubres Este,Sao Jorge,FALSE,Phyto,2007,Spring,FALSE
Cubres Este,Cubres Este,Sao Jorge,FALSE,Phyto,2007,Summer,FALSE
Cubres Este,Cubres Este,Sao Jorge,FALSE,Phyto,2007,Winter,FALSE
Cubres Este,Cubres Este,Sao Jorge,FALSE,Phyto,2008,Autumn,FALSE
Cubres Este,Cubres Este,Sao Jorge,FALSE,Phyto,2008,Spring,FALSE
Cubres Este,Cubres Este,Sao Jorge,FALSE,Phyto,2008,Summer,FALSE
Cubres Este,Cubres Este,Sao Jorge,FALSE,Phyto,2008,Winter,FALSE
Cubres Este,Cubres Este,Sao Jorge,FALSE,Phyto,2009,Autumn,FALSE
Cubres Este,Cubres Este,Sao Jorge,FALSE,Phyto,2009,Spring,FALSE
Cubres Este,Cubres Este,Sao Jorge,FALSE,Phyto,2009,Summer,FALSE
Cubres Este,Cubres Este,Sao Jorge,FALSE,Phyto,2009,Winter,FALSE
Cubres Este,Cubres Este,Sao Jorge,FALSE,Phyto,2010,Autumn,FALSE
Cubres Este,Cubres Este,Sao Jorge,FALSE,Phyto,2010,Spring,FALSE
Cubres Este,Cubres Este,Sao Jorge,FALSE,Phyto,2010,Summer,FALSE
Cubres Este,Cubres Este,Sao Jorge,FALSE,Phyto,2010,Winter,FALSE
Cubres Este,Cubres Este,Sao Jorge,FALSE,Phyto,2011,Autumn,FALSE
Cubres Este,Cubres Este,Sao Jorge,FALSE,Phyto,2011,Spring,FALSE
Cubres Este,Cubres Este,Sao Jorge,FALSE,Phyto,2011,Summer,FALSE
Cubres Este,Cubres Este,Sao Jorge,FALSE,Phyto,2011,Winter,FALSE
Cubres Este,Cubres Este,Sao Jorge,FALSE,Phyto,2012,Autumn,FALSE
Cubres Este,Cubres Este,Sao Jorge,FALSE,Phyto,2012,Spring,FALSE
Cubres Este,Cubres Este,Sao Jorge,FALSE,Phyto,2012,Summer,FALSE
Cubres Este,Cubres Este,Sao Jorge,FALSE,Phyto,2012,Winter,FALSE
Cubres Este,Cubres Este,Sao Jorge,FALSE,Phyto,2013,Autumn,FALSE
Cubres Este,Cubres Este,Sao Jorge,FALSE,Phyto,2013,Spring,FALSE
Cubres Este,Cubres Este,Sao Jorge,FALSE,Phyto,2013,Summer,FALSE
Cubres Este,Cubres Este,Sao Jorge,FALSE,Phyto,2013,Winter,FALSE
Cubres Este,Cubres Este,Sao Jorge,FALSE,Phyto,2014,Autumn,FALSE
Cubres Este,Cubres Este,Sao Jorge,FALSE,Phyto,2014,Spring,FALSE
Cubres Este,Cubres Este,Sao Jorge,FALSE,Phyto,2014,Summer,FALSE
Cubres Este,Cubres Este,Sao Jorge,FALSE,Phyto,2014,Winter,FALSE
Cubres Este,Cubres Este,Sao Jorge,FALSE,Phyto,2015,Autumn,FALSE
Cubres Este,Cubres Este,Sao Jorge,FALSE,Phyto,2015,Spring,FALSE
Cubres Este,Cubres Este,Sao Jorge,FALSE,Phyto,2015,Summer,FALSE
Cubres Este,Cubres Este,Sao Jorge,FALSE,Phyto,2015,Winter,FALSE
Cubres Este,Cubres Este,Sao Jorge,FALSE,Phyto,2016,Autumn,FALSE
Cubres Este,Cubres Este,Sao Jorge,FALSE,Phyto,2016,Spring,FALSE
Cubres Este,Cubres Este,Sao Jorge,FALSE,Phyto,2016,Summer,FALSE
Cubres Este,Cubres Este,Sao Jorge,FALSE,Phyto,2016,Winter,FALSE
Cubres Este,Cubres Este,Sao Jorge,FALSE,Phyto,2017,Autumn,FALSE
Cubres Este,Cubres Este,Sao Jorge,FALSE,Phyto,2017,Spring,FALSE
Cubres Este,Cubres Este,Sao Jorge,FALSE,Phyto,2017,Summer,FALSE
Cubres Este,Cubres Este,Sao Jorge,FALSE,Phyto,2017,Winter,FALSE
Cubres Este,Cubres Este,Sao Jorge,FALSE,Phyto,2018,Autumn,TRUE
Cubres Este,Cubres Este,Sao Jorge,FALSE,Phyto,2018,Spring,TRUE
Cubres Este,Cubres Este,Sao Jorge,FALSE,Phyto,2018,Summer,FALSE
Cubres Este,Cubres Este,Sao Jorge,FALSE,Phyto,2018,Winter,FALSE
Cubres Este,Cubres Este,Sao Jorge,FALSE,Phyto,2019,Autumn,FALSE
Cubres Este,Cubres Este,Sao Jorge,FALSE,Phyto,2019,Spring,FALSE
Cubres Este,Cubres Este,Sao Jorge,FALSE,Phyto,2019,Summer,FALSE
Cubres Este,Cubres Este,Sao Jorge,FALSE,Phyto,2019,Winter,FALSE
Cubres Este,Cubres Este,Sao Jorge,FALSE,Phyto,2020,Autumn,FALSE
Cubres Este,Cubres Este,Sao Jorge,FALSE,Phyto,2020,Spring,FALSE
Cubres Este,Cubres Este,Sao Jorge,FALSE,Phyto,2020,Summer,FALSE
Cubres Este,Cubres Este,Sao Jorge,FALSE,Phyto,2020,Winter,FALSE
Cubres Este,Cubres Este,Sao Jorge,FALSE,Phyto,2021,Autumn,FALSE
Cubres Este,Cubres Este,Sao Jorge,FALSE,Phyto,2021,Spring,FALSE
Cubres Este,Cubres Este,Sao Jorge,FALSE,Phyto,2021,Summer,FALSE
Cubres Este,Cubres Este,Sao Jorge,FALSE,Phyto,2021,Winter,FALSE
Cubres Este,Cubres Este,Sao Jorge,FALSE,Phyto,2022,Autumn,FALSE
Cubres Este,Cubres Este,Sao Jorge,FALSE,Phyto,2022,Spring,FALSE
Cubres Este,Cubres Este,Sao Jorge,FALSE,Phyto,2022,Summer,FALSE
Cubres Este,Cubres Este,Sao Jorge,FALSE,Phyto,2022,Winter,FALSE
Cubres Este,Cubres Este,Sao Jorge,FALSE,Phyto,2023,Autumn,FALSE
Cubres Este,Cubres Este,Sao Jorge,FALSE,Phyto,2023,Spring,FALSE
Cubres Este,Cubres Este,Sao Jorge,FALSE,Phyto,2023,Summer,FALSE
Cubres Este,Cubres Este,Sao Jorge,FALSE,Phyto,2023,Winter,FALSE
Cubres Este,Cubres Este,Sao Jorge,FALSE,Phyto,2024,Autumn,TRUE
Cubres Este,Cubres Este,Sao Jorge,FALSE,Phyto,2024,Spring,TRUE
Cubres Este,Cubres Este,Sao Jorge,FALSE,Phyto,2024,Summer,FALSE
Cubres Este,Cubres Este,Sao Jorge,FALSE,Phyto,2024,Winter,FALSE
Cubres Este,Cubres Este,Sao Jorge,FALSE,Phyto,2025,Autumn,FALSE
Cubres Este,Cubres Este,Sao Jorge,FALSE,Phyto,2025,Spring,TRUE
Cubres Este,Cubres Este,Sao Jorge,FALSE,Phyto,2025,Summer,FALSE
Cubres Este,Cubres Este,Sao Jorge,FALSE,Phyto,2025,Winter,FALSE
Cubres Este,Cubres Este,Sao Jorge,FALSE,Zoo,2003,Autumn,FALSE
Cubres Este,Cubres Este,Sao Jorge,FALSE,Zoo,2003,Spring,FALSE
Cubres Este,Cubres Este,Sao Jorge,FALSE,Zoo,2003,Summer,FALSE
Cubres Este,Cubres Este,Sao Jorge,FALSE,Zoo,2003,Winter,FALSE
Cubres Este,Cubres Este,Sao Jorge,FALSE,Zoo,2004,Autumn,FALSE
Cubres Este,Cubres Este,Sao Jorge,FALSE,Zoo,2004,Spring,FALSE
Cubres Este,Cubres Este,Sao Jorge,FALSE,Zoo,2004,Summer,FALSE
Cubres Este,Cubres Este,Sao Jorge,FALSE,Zoo,2004,Winter,FALSE
Cubres Este,Cubres Este,Sao Jorge,FALSE,Zoo,2005,Autumn,FALSE
Cubres Este,Cubres Este,Sao Jorge,FALSE,Zoo,2005,Spring,FALSE
Cubres Este,Cubres Este,Sao Jorge,FALSE,Zoo,2005,Summer,FALSE
Cubres Este,Cubres Este,Sao Jorge,FALSE,Zoo,2005,Winter,FALSE
Cubres Este,Cubres Este,Sao Jorge,FALSE,Zoo,2006,Autumn,FALSE
Cubres Este,Cubres Este,Sao Jorge,FALSE,Zoo,2006,Spring,FALSE
Cubres Este,Cubres Este,Sao Jorge,FALSE,Zoo,2006,Summer,FALSE
Cubres Este,Cubres Este,Sao Jorge,FALSE,Zoo,2006,Winter,FALSE
Cubres Este,Cubres Este,Sao Jorge,FALSE,Zoo,2007,Autumn,FALSE
Cubres Este,Cubres Este,Sao Jorge,FALSE,Zoo,2007,Spring,FALSE
Cubres Este,Cubres Este,Sao Jorge,FALSE,Zoo,2007,Summer,FALSE
Cubres Este,Cubres Este,Sao Jorge,FALSE,Zoo,2007,Winter,FALSE
Cubres Este,Cubres Este,Sao Jorge,FALSE,Zoo,2008,Autumn,FALSE
Cubres Este,Cubres Este,Sao Jorge,FALSE,Zoo,2008,Spring,FALSE
Cubres Este,Cubres Este,Sao Jorge,FALSE,Zoo,2008,Summer,FALSE
Cubres Este,Cubres Este,Sao Jorge,FALSE,Zoo,2008,Winter,FALSE
Cubres Este,Cubres Este,Sao Jorge,FALSE,Zoo,2009,Autumn,FALSE
Cubres Este,Cubres Este,Sao Jorge,FALSE,Zoo,2009,Spring,FALSE
Cubres Este,Cubres Este,Sao Jorge,FALSE,Zoo,2009,Summer,FALSE
Cubres Este,Cubres Este,Sao Jorge,FALSE,Zoo,2009,Winter,FALSE
Cubres Este,Cubres Este,Sao Jorge,FALSE,Zoo,2010,Autumn,FALSE
Cubres Este,Cubres Este,Sao Jorge,FALSE,Zoo,2010,Spring,FALSE
Cubres Este,Cubres Este,Sao Jorge,FALSE,Zoo,2010,Summer,FALSE
Cubres Este,Cubres Este,Sao Jorge,FALSE,Zoo,2010,Winter,FALSE
Cubres Este,Cubres Este,Sao Jorge,FALSE,Zoo,2011,Autumn,FALSE
Cubres Este,Cubres Este,Sao Jorge,FALSE,Zoo,2011,Spring,FALSE
Cubres Este,Cubres Este,Sao Jorge,FALSE,Zoo,2011,Summer,FALSE
Cubres Este,Cubres Este,Sao Jorge,FALSE,Zoo,2011,Winter,FALSE
Cubres Este,Cubres Este,Sao Jorge,FALSE,Zoo,2012,Autumn,FALSE
Cubres Este,Cubres Este,Sao Jorge,FALSE,Zoo,2012,Spring,FALSE
Cubres Este,Cubres Este,Sao Jorge,FALSE,Zoo,2012,Summer,FALSE
Cubres Este,Cubres Este,Sao Jorge,FALSE,Zoo,2012,Winter,FALSE
Cubres Este,Cubres Este,Sao Jorge,FALSE,Zoo,2013,Autumn,FALSE
Cubres Este,Cubres Este,Sao Jorge,FALSE,Zoo,2013,Spring,FALSE
Cubres Este,Cubres Este,Sao Jorge,FALSE,Zoo,2013,Summer,FALSE
Cubres Este,Cubres Este,Sao Jorge,FALSE,Zoo,2013,Winter,FALSE
Cubres Este,Cubres Este,Sao Jorge,FALSE,Zoo,2014,Autumn,FALSE
Cubres Este,Cubres Este,Sao Jorge,FALSE,Zoo,2014,Spring,FALSE
Cubres Este,Cubres Este,Sao Jorge,FALSE,Zoo,2014,Summer,FALSE
Cubres Este,Cubres Este,Sao Jorge,FALSE,Zoo,2014,Winter,FALSE
Cubres Este,Cubres Este,Sao Jorge,FALSE,Zoo,2015,Autumn,FALSE
Cubres Este,Cubres Este,Sao Jorge,FALSE,Zoo,2015,Spring,FALSE
Cubres Este,Cubres Este,Sao Jorge,FALSE,Zoo,2015,Summer,FALSE
Cubres Este,Cubres Este,Sao Jorge,FALSE,Zoo,2015,Winter,FALSE
Cubres Este,Cubres Este,Sao Jorge,FALSE,Zoo,2016,Autumn,FALSE
Cubres Este,Cubres Este,Sao Jorge,FALSE,Zoo,2016,Spring,FALSE
Cubres Este,Cubres Este,Sao Jorge,FALSE,Zoo,2016,Summer,FALSE
Cubres Este,Cubres Este,Sao Jorge,FALSE,Zoo,2016,Winter,FALSE
Cubres Este,Cubres Este,Sao Jorge,FALSE,Zoo,2017,Autumn,FALSE
Cubres Este,Cubres Este,Sao Jorge,FALSE,Zoo,2017,Spring,FALSE
Cubres Este,Cubres Este,Sao Jorge,FALSE,Zoo,2017,Summer,FALSE
Cubres Este,Cubres Este,Sao Jorge,FALSE,Zoo,2017,Winter,FALSE
Cubres Este,Cubres Este,Sao Jorge,FALSE,Zoo,2018,Autumn,FALSE
Cubres Este,Cubres Este,Sao Jorge,FALSE,Zoo,2018,Spring,FALSE
Cubres Este,Cubres Este,Sao Jorge,FALSE,Zoo,2018,Summer,FALSE
Cubres Este,Cubres Este,Sao Jorge,FALSE,Zoo,2018,Winter,FALSE
Cubres Este,Cubres Este,Sao Jorge,FALSE,Zoo,2019,Autumn,FALSE
Cubres Este,Cubres Este,Sao Jorge,FALSE,Zoo,2019,Spring,FALSE
Cubres Este,Cubres Este,Sao Jorge,FALSE,Zoo,2019,Summer,FALSE
Cubres Este,Cubres Este,Sao Jorge,FALSE,Zoo,2019,Winter,FALSE
Cubres Este,Cubres Este,Sao Jorge,FALSE,Zoo,2020,Autumn,FALSE
Cubres Este,Cubres Este,Sao Jorge,FALSE,Zoo,2020,Spring,FALSE
Cubres Este,Cubres Este,Sao Jorge,FALSE,Zoo,2020,Summer,FALSE
Cubres Este,Cubres Este,Sao Jorge,FALSE,Zoo,2020,Winter,FALSE
Cubres Este,Cubres Este,Sao Jorge,FALSE,Zoo,2021,Autumn,FALSE
Cubres Este,Cubres Este,Sao Jorge,FALSE,Zoo,2021,Spring,FALSE
Cubres Este,Cubres Este,Sao Jorge,FALSE,Zoo,2021,Summer,FALSE
Cubres Este,Cubres Este,Sao Jorge,FALSE,Zoo,2021,Winter,FALSE
Cubres Este,Cubres Este,Sao Jorge,FALSE,Zoo,2022,Autumn,FALSE
Cubres Este,Cubres Este,Sao Jorge,FALSE,Zoo,2022,Spring,FALSE
Cubres Este,Cubres Este,Sao Jorge,FALSE,Zoo,2022,Summer,FALSE
Cubres Este,Cubres Este,Sao Jorge,FALSE,Zoo,2022,Winter,FALSE
Cubres Este,Cubres Este,Sao Jorge,FALSE,Zoo,2023,Autumn,FALSE
Cubres Este,Cubres Este,Sao Jorge,FALSE,Zoo,2023,Spring,FALSE
Cubres Este,Cubres Este,Sao Jorge,FALSE,Zoo,2023,Summer,FALSE
Cubres Este,Cubres Este,Sao Jorge,FALSE,Zoo,2023,Winter,FALSE
Cubres Este,Cubres Este,Sao Jorge,FALSE,Zoo,2024,Autumn,FALSE
Cubres Este,Cubres Este,Sao Jorge,FALSE,Zoo,2024,Spring,FALSE
Cubres Este,Cubres Este,Sao Jorge,FALSE,Zoo,2024,Summer,FALSE
Cubres Este,Cubres Este,Sao Jorge,FALSE,Zoo,2024,Winter,FALSE
Cubres Este,Cubres Este,Sao Jorge,FALSE,Zoo,2025,Autumn,FALSE
Cubres Este,Cubres Este,Sao Jorge,FALSE,Zoo,2025,Spring,TRUE
Cubres Este,Cubres Este,Sao Jorge,FALSE,Zoo,2025,Summer,FALSE
Cubres Este,Cubres Este,Sao Jorge,FALSE,Zoo,2025,Winter,FALSE
Cubres Oeste,Cubres Oeste,Sao Jorge,FALSE,Diatom,2003,Autumn,FALSE
Cubres Oeste,Cubres Oeste,Sao Jorge,FALSE,Diatom,2003,Spring,FALSE
Cubres Oeste,Cubres Oeste,Sao Jorge,FALSE,Diatom,2003,Summer,FALSE
Cubres Oeste,Cubres Oeste,Sao Jorge,FALSE,Diatom,2003,Winter,FALSE
Cubres Oeste,Cubres Oeste,Sao Jorge,FALSE,Diatom,2004,Autumn,FALSE
Cubres Oeste,Cubres Oeste,Sao Jorge,FALSE,Diatom,2004,Spring,FALSE
Cubres Oeste,Cubres Oeste,Sao Jorge,FALSE,Diatom,2004,Summer,FALSE
Cubres Oeste,Cubres Oeste,Sao Jorge,FALSE,Diatom,2004,Winter,FALSE
Cubres Oeste,Cubres Oeste,Sao Jorge,FALSE,Diatom,2005,Autumn,FALSE
Cubres Oeste,Cubres Oeste,Sao Jorge,FALSE,Diatom,2005,Spring,FALSE
Cubres Oeste,Cubres Oeste,Sao Jorge,FALSE,Diatom,2005,Summer,FALSE
Cubres Oeste,Cubres Oeste,Sao Jorge,FALSE,Diatom,2005,Winter,FALSE
Cubres Oeste,Cubres Oeste,Sao Jorge,FALSE,Diatom,2006,Autumn,FALSE
Cubres Oeste,Cubres Oeste,Sao Jorge,FALSE,Diatom,2006,Spring,FALSE
Cubres Oeste,Cubres Oeste,Sao Jorge,FALSE,Diatom,2006,Summer,FALSE
Cubres Oeste,Cubres Oeste,Sao Jorge,FALSE,Diatom,2006,Winter,FALSE
Cubres Oeste,Cubres Oeste,Sao Jorge,FALSE,Diatom,2007,Autumn,FALSE
Cubres Oeste,Cubres Oeste,Sao Jorge,FALSE,Diatom,2007,Spring,FALSE
Cubres Oeste,Cubres Oeste,Sao Jorge,FALSE,Diatom,2007,Summer,FALSE
Cubres Oeste,Cubres Oeste,Sao Jorge,FALSE,Diatom,2007,Winter,FALSE
Cubres Oeste,Cubres Oeste,Sao Jorge,FALSE,Diatom,2008,Autumn,FALSE
Cubres Oeste,Cubres Oeste,Sao Jorge,FALSE,Diatom,2008,Spring,FALSE
Cubres Oeste,Cubres Oeste,Sao Jorge,FALSE,Diatom,2008,Summer,FALSE
Cubres Oeste,Cubres Oeste,Sao Jorge,FALSE,Diatom,2008,Winter,FALSE
Cubres Oeste,Cubres Oeste,Sao Jorge,FALSE,Diatom,2009,Autumn,FALSE
Cubres Oeste,Cubres Oeste,Sao Jorge,FALSE,Diatom,2009,Spring,FALSE
Cubres Oeste,Cubres Oeste,Sao Jorge,FALSE,Diatom,2009,Summer,FALSE
Cubres Oeste,Cubres Oeste,Sao Jorge,FALSE,Diatom,2009,Winter,FALSE
Cubres Oeste,Cubres Oeste,Sao Jorge,FALSE,Diatom,2010,Autumn,FALSE
Cubres Oeste,Cubres Oeste,Sao Jorge,FALSE,Diatom,2010,Spring,FALSE
Cubres Oeste,Cubres Oeste,Sao Jorge,FALSE,Diatom,2010,Summer,FALSE
Cubres Oeste,Cubres Oeste,Sao Jorge,FALSE,Diatom,2010,Winter,FALSE
Cubres Oeste,Cubres Oeste,Sao Jorge,FALSE,Diatom,2011,Autumn,FALSE
Cubres Oeste,Cubres Oeste,Sao Jorge,FALSE,Diatom,2011,Spring,FALSE
Cubres Oeste,Cubres Oeste,Sao Jorge,FALSE,Diatom,2011,Summer,FALSE
Cubres Oeste,Cubres Oeste,Sao Jorge,FALSE,Diatom,2011,Winter,FALSE
Cubres Oeste,Cubres Oeste,Sao Jorge,FALSE,Diatom,2012,Autumn,FALSE
Cubres Oeste,Cubres Oeste,Sao Jorge,FALSE,Diatom,2012,Spring,FALSE
Cubres Oeste,Cubres Oeste,Sao Jorge,FALSE,Diatom,2012,Summer,FALSE
Cubres Oeste,Cubres Oeste,Sao Jorge,FALSE,Diatom,2012,Winter,FALSE
Cubres Oeste,Cubres Oeste,Sao Jorge,FALSE,Diatom,2013,Autumn,FALSE
Cubres Oeste,Cubres Oeste,Sao Jorge,FALSE,Diatom,2013,Spring,FALSE
Cubres Oeste,Cubres Oeste,Sao Jorge,FALSE,Diatom,2013,Summer,FALSE
Cubres Oeste,Cubres Oeste,Sao Jorge,FALSE,Diatom,2013,Winter,FALSE
Cubres Oeste,Cubres Oeste,Sao Jorge,FALSE,Diatom,2014,Autumn,FALSE
Cubres Oeste,Cubres Oeste,Sao Jorge,FALSE,Diatom,2014,Spring,FALSE
Cubres Oeste,Cubres Oeste,Sao Jorge,FALSE,Diatom,2014,Summer,FALSE
Cubres Oeste,Cubres Oeste,Sao Jorge,FALSE,Diatom,2014,Winter,FALSE
Cubres Oeste,Cubres Oeste,Sao Jorge,FALSE,Diatom,2015,Autumn,FALSE
Cubres Oeste,Cubres Oeste,Sao Jorge,FALSE,Diatom,2015,Spring,FALSE
Cubres Oeste,Cubres Oeste,Sao Jorge,FALSE,Diatom,2015,Summer,FALSE
Cubres Oeste,Cubres Oeste,Sao Jorge,FALSE,Diatom,2015,Winter,FALSE
Cubres Oeste,Cubres Oeste,Sao Jorge,FALSE,Diatom,2016,Autumn,FALSE
Cubres Oeste,Cubres Oeste,Sao Jorge,FALSE,Diatom,2016,Spring,FALSE
Cubres Oeste,Cubres Oeste,Sao Jorge,FALSE,Diatom,2016,Summer,FALSE
Cubres Oeste,Cubres Oeste,Sao Jorge,FALSE,Diatom,2016,Winter,FALSE
Cubres Oeste,Cubres Oeste,Sao Jorge,FALSE,Diatom,2017,Autumn,FALSE
Cubres Oeste,Cubres Oeste,Sao Jorge,FALSE,Diatom,2017,Spring,FALSE
Cubres Oeste,Cubres Oeste,Sao Jorge,FALSE,Diatom,2017,Summer,FALSE
Cubres Oeste,Cubres Oeste,Sao Jorge,FALSE,Diatom,2017,Winter,FALSE
Cubres Oeste,Cubres Oeste,Sao Jorge,FALSE,Diatom,2018,Autumn,FALSE
Cubres Oeste,Cubres Oeste,Sao Jorge,FALSE,Diatom,2018,Spring,FALSE
Cubres Oeste,Cubres Oeste,Sao Jorge,FALSE,Diatom,2018,Summer,FALSE
Cubres Oeste,Cubres Oeste,Sao Jorge,FALSE,Diatom,2018,Winter,FALSE
Cubres Oeste,Cubres Oeste,Sao Jorge,FALSE,Diatom,2019,Autumn,FALSE
Cubres Oeste,Cubres Oeste,Sao Jorge,FALSE,Diatom,2019,Spring,FALSE
Cubres Oeste,Cubres Oeste,Sao Jorge,FALSE,Diatom,2019,Summer,FALSE
Cubres Oeste,Cubres Oeste,Sao Jorge,FALSE,Diatom,2019,Winter,FALSE
Cubres Oeste,Cubres Oeste,Sao Jorge,FALSE,Diatom,2020,Autumn,FALSE
Cubres Oeste,Cubres Oeste,Sao Jorge,FALSE,Diatom,2020,Spring,FALSE
Cubres Oeste,Cubres Oeste,Sao Jorge,FALSE,Diatom,2020,Summer,FALSE
Cubres Oeste,Cubres Oeste,Sao Jorge,FALSE,Diatom,2020,Winter,FALSE
Cubres Oeste,Cubres Oeste,Sao Jorge,FALSE,Diatom,2021,Autumn,FALSE
Cubres Oeste,Cubres Oeste,Sao Jorge,FALSE,Diatom,2021,Spring,FALSE
Cubres Oeste,Cubres Oeste,Sao Jorge,FALSE,Diatom,2021,Summer,FALSE
Cubres Oeste,Cubres Oeste,Sao Jorge,FALSE,Diatom,2021,Winter,FALSE
Cubres Oeste,Cubres Oeste,Sao Jorge,FALSE,Diatom,2022,Autumn,FALSE
Cubres Oeste,Cubres Oeste,Sao Jorge,FALSE,Diatom,2022,Spring,FALSE
Cubres Oeste,Cubres Oeste,Sao Jorge,FALSE,Diatom,2022,Summer,FALSE
Cubres Oeste,Cubres Oeste,Sao Jorge,FALSE,Diatom,2022,Winter,FALSE
Cubres Oeste,Cubres Oeste,Sao Jorge,FALSE,Diatom,2023,Autumn,FALSE
Cubres Oeste,Cubres Oeste,Sao Jorge,FALSE,Diatom,2023,Spring,FALSE
Cubres Oeste,Cubres Oeste,Sao Jorge,FALSE,Diatom,2023,Summer,FALSE
Cubres Oeste,Cubres Oeste,Sao Jorge,FALSE,Diatom,2023,Winter,FALSE
Cubres Oeste,Cubres Oeste,Sao Jorge,FALSE,Diatom,2024,Autumn,FALSE
Cubres Oeste,Cubres Oeste,Sao Jorge,FALSE,Diatom,2024,Spring,FALSE
Cubres Oeste,Cubres Oeste,Sao Jorge,FALSE,Diatom,2024,Summer,FALSE
Cubres Oeste,Cubres Oeste,Sao Jorge,FALSE,Diatom,2024,Winter,FALSE
Cubres Oeste,Cubres Oeste,Sao Jorge,FALSE,Diatom,2025,Autumn,FALSE
Cubres Oeste,Cubres Oeste,Sao Jorge,FALSE,Diatom,2025,Spring,FALSE
Cubres Oeste,Cubres Oeste,Sao Jorge,FALSE,Diatom,2025,Summer,FALSE
Cubres Oeste,Cubres Oeste,Sao Jorge,FALSE,Diatom,2025,Winter,FALSE
Cubres Oeste,Cubres Oeste,Sao Jorge,FALSE,Env,2003,Autumn,FALSE
Cubres Oeste,Cubres Oeste,Sao Jorge,FALSE,Env,2003,Spring,FALSE
Cubres Oeste,Cubres Oeste,Sao Jorge,FALSE,Env,2003,Summer,FALSE
Cubres Oeste,Cubres Oeste,Sao Jorge,FALSE,Env,2003,Winter,FALSE
Cubres Oeste,Cubres Oeste,Sao Jorge,FALSE,Env,2004,Autumn,FALSE
Cubres Oeste,Cubres Oeste,Sao Jorge,FALSE,Env,2004,Spring,FALSE
Cubres Oeste,Cubres Oeste,Sao Jorge,FALSE,Env,2004,Summer,FALSE
Cubres Oeste,Cubres Oeste,Sao Jorge,FALSE,Env,2004,Winter,FALSE
Cubres Oeste,Cubres Oeste,Sao Jorge,FALSE,Env,2005,Autumn,FALSE
Cubres Oeste,Cubres Oeste,Sao Jorge,FALSE,Env,2005,Spring,FALSE
Cubres Oeste,Cubres Oeste,Sao Jorge,FALSE,Env,2005,Summer,FALSE
Cubres Oeste,Cubres Oeste,Sao Jorge,FALSE,Env,2005,Winter,FALSE
Cubres Oeste,Cubres Oeste,Sao Jorge,FALSE,Env,2006,Autumn,FALSE
Cubres Oeste,Cubres Oeste,Sao Jorge,FALSE,Env,2006,Spring,FALSE
Cubres Oeste,Cubres Oeste,Sao Jorge,FALSE,Env,2006,Summer,FALSE
Cubres Oeste,Cubres Oeste,Sao Jorge,FALSE,Env,2006,Winter,FALSE
Cubres Oeste,Cubres Oeste,Sao Jorge,FALSE,Env,2007,Autumn,FALSE
Cubres Oeste,Cubres Oeste,Sao Jorge,FALSE,Env,2007,Spring,FALSE
Cubres Oeste,Cubres Oeste,Sao Jorge,FALSE,Env,2007,Summer,FALSE
Cubres Oeste,Cubres Oeste,Sao Jorge,FALSE,Env,2007,Winter,FALSE
Cubres Oeste,Cubres Oeste,Sao Jorge,FALSE,Env,2008,Autumn,FALSE
Cubres Oeste,Cubres Oeste,Sao Jorge,FALSE,Env,2008,Spring,FALSE
Cubres Oeste,Cubres Oeste,Sao Jorge,FALSE,Env,2008,Summer,FALSE
Cubres Oeste,Cubres Oeste,Sao Jorge,FALSE,Env,2008,Winter,FALSE
Cubres Oeste,Cubres Oeste,Sao Jorge,FALSE,Env,2009,Autumn,FALSE
Cubres Oeste,Cubres Oeste,Sao Jorge,FALSE,Env,2009,Spring,FALSE
Cubres Oeste,Cubres Oeste,Sao Jorge,FALSE,Env,2009,Summer,FALSE
Cubres Oeste,Cubres Oeste,Sao Jorge,FALSE,Env,2009,Winter,FALSE
Cubres Oeste,Cubres Oeste,Sao Jorge,FALSE,Env,2010,Autumn,FALSE
Cubres Oeste,Cubres Oeste,Sao Jorge,FALSE,Env,2010,Spring,FALSE
Cubres Oeste,Cubres Oeste,Sao Jorge,FALSE,Env,2010,Summer,FALSE
Cubres Oeste,Cubres Oeste,Sao Jorge,FALSE,Env,2010,Winter,FALSE
Cubres Oeste,Cubres Oeste,Sao Jorge,FALSE,Env,2011,Autumn,FALSE
Cubres Oeste,Cubres Oeste,Sao Jorge,FALSE,Env,2011,Spring,FALSE
Cubres Oeste,Cubres Oeste,Sao Jorge,FALSE,Env,2011,Summer,FALSE
Cubres Oeste,Cubres Oeste,Sao Jorge,FALSE,Env,2011,Winter,FALSE
Cubres Oeste,Cubres Oeste,Sao Jorge,FALSE,Env,2012,Autumn,FALSE
Cubres Oeste,Cubres Oeste,Sao Jorge,FALSE,Env,2012,Spring,FALSE
Cubres Oeste,Cubres Oeste,Sao Jorge,FALSE,Env,2012,Summer,FALSE
Cubres Oeste,Cubres Oeste,Sao Jorge,FALSE,Env,2012,Winter,FALSE
Cubres Oeste,Cubres Oeste,Sao Jorge,FALSE,Env,2013,Autumn,FALSE
Cubres Oeste,Cubres Oeste,Sao Jorge,FALSE,Env,2013,Spring,FALSE
Cubres Oeste,Cubres Oeste,Sao Jorge,FALSE,Env,2013,Summer,FALSE
Cubres Oeste,Cubres Oeste,Sao Jorge,FALSE,Env,2013,Winter,FALSE
Cubres Oeste,Cubres Oeste,Sao Jorge,FALSE,Env,2014,Autumn,FALSE
Cubres Oeste,Cubres Oeste,Sao Jorge,FALSE,Env,2014,Spring,FALSE
Cubres Oeste,Cubres Oeste,Sao Jorge,FALSE,Env,2014,Summer,FALSE
Cubres Oeste,Cubres Oeste,Sao Jorge,FALSE,Env,2014,Winter,FALSE
Cubres Oeste,Cubres Oeste,Sao Jorge,FALSE,Env,2015,Autumn,FALSE
Cubres Oeste,Cubres Oeste,Sao Jorge,FALSE,Env,2015,Spring,FALSE
Cubres Oeste,Cubres Oeste,Sao Jorge,FALSE,Env,2015,Summer,FALSE
Cubres Oeste,Cubres Oeste,Sao Jorge,FALSE,Env,2015,Winter,FALSE
Cubres Oeste,Cubres Oeste,Sao Jorge,FALSE,Env,2016,Autumn,FALSE
Cubres Oeste,Cubres Oeste,Sao Jorge,FALSE,Env,2016,Spring,FALSE
Cubres Oeste,Cubres Oeste,Sao Jorge,FALSE,Env,2016,Summer,FALSE
Cubres Oeste,Cubres Oeste,Sao Jorge,FALSE,Env,2016,Winter,FALSE
Cubres Oeste,Cubres Oeste,Sao Jorge,FALSE,Env,2017,Autumn,FALSE
Cubres Oeste,Cubres Oeste,Sao Jorge,FALSE,Env,2017,Spring,FALSE
Cubres Oeste,Cubres Oeste,Sao Jorge,FALSE,Env,2017,Summer,FALSE
Cubres Oeste,Cubres Oeste,Sao Jorge,FALSE,Env,2017,Winter,FALSE
Cubres Oeste,Cubres Oeste,Sao Jorge,FALSE,Env,2018,Autumn,FALSE
Cubres Oeste,Cubres Oeste,Sao Jorge,FALSE,Env,2018,Spring,FALSE
Cubres Oeste,Cubres Oeste,Sao Jorge,FALSE,Env,2018,Summer,FALSE
Cubres Oeste,Cubres Oeste,Sao Jorge,FALSE,Env,2018,Winter,FALSE
Cubres Oeste,Cubres Oeste,Sao Jorge,FALSE,Env,2019,Autumn,FALSE
Cubres Oeste,Cubres Oeste,Sao Jorge,FALSE,Env,2019,Spring,FALSE
Cubres Oeste,Cubres Oeste,Sao Jorge,FALSE,Env,2019,Summer,FALSE
Cubres Oeste,Cubres Oeste,Sao Jorge,FALSE,Env,2019,Winter,FALSE
Cubres Oeste,Cubres Oeste,Sao Jorge,FALSE,Env,2020,Autumn,FALSE
Cubres Oeste,Cubres Oeste,Sao Jorge,FALSE,Env,2020,Spring,FALSE
Cubres Oeste,Cubres Oeste,Sao Jorge,FALSE,Env,2020,Summer,FALSE
Cubres Oeste,Cubres Oeste,Sao Jorge,FALSE,Env,2020,Winter,FALSE
Cubres Oeste,Cubres Oeste,Sao Jorge,FALSE,Env,2021,Autumn,FALSE
Cubres Oeste,Cubres Oeste,Sao Jorge,FALSE,Env,2021,Spring,FALSE
Cubres Oeste,Cubres Oeste,Sao Jorge,FALSE,Env,2021,Summer,FALSE
Cubres Oeste,Cubres Oeste,Sao Jorge,FALSE,Env,2021,Winter,FALSE
Cubres Oeste,Cubres Oeste,Sao Jorge,FALSE,Env,2022,Autumn,FALSE
Cubres Oeste,Cubres Oeste,Sao Jorge,FALSE,Env,2022,Spring,FALSE
Cubres Oeste,Cubres Oeste,Sao Jorge,FALSE,Env,2022,Summer,FALSE
Cubres Oeste,Cubres Oeste,Sao Jorge,FALSE,Env,2022,Winter,FALSE
Cubres Oeste,Cubres Oeste,Sao Jorge,FALSE,Env,2023,Autumn,FALSE
Cubres Oeste,Cubres Oeste,Sao Jorge,FALSE,Env,2023,Spring,FALSE
Cubres Oeste,Cubres Oeste,Sao Jorge,FALSE,Env,2023,Summer,FALSE
Cubres Oeste,Cubres Oeste,Sao Jorge,FALSE,Env,2023,Winter,FALSE
Cubres Oeste,Cubres Oeste,Sao Jorge,FALSE,Env,2024,Autumn,FALSE
Cubres Oeste,Cubres Oeste,Sao Jorge,FALSE,Env,2024,Spring,FALSE
Cubres Oeste,Cubres Oeste,Sao Jorge,FALSE,Env,2024,Summer,FALSE
Cubres Oeste,Cubres Oeste,Sao Jorge,FALSE,Env,2024,Winter,FALSE
Cubres Oeste,Cubres Oeste,Sao Jorge,FALSE,Env,2025,Autumn,FALSE
Cubres Oeste,Cubres Oeste,Sao Jorge,FALSE,Env,2025,Spring,FALSE
Cubres Oeste,Cubres Oeste,Sao Jorge,FALSE,Env,2025,Summer,FALSE
Cubres Oeste,Cubres Oeste,Sao Jorge,FALSE,Env,2025,Winter,FALSE
Cubres Oeste,Cubres Oeste,Sao Jorge,FALSE,Macro,2003,Autumn,FALSE
Cubres Oeste,Cubres Oeste,Sao Jorge,FALSE,Macro,2003,Spring,FALSE
Cubres Oeste,Cubres Oeste,Sao Jorge,FALSE,Macro,2003,Summer,FALSE
Cubres Oeste,Cubres Oeste,Sao Jorge,FALSE,Macro,2003,Winter,FALSE
Cubres Oeste,Cubres Oeste,Sao Jorge,FALSE,Macro,2004,Autumn,FALSE
Cubres Oeste,Cubres Oeste,Sao Jorge,FALSE,Macro,2004,Spring,FALSE
Cubres Oeste,Cubres Oeste,Sao Jorge,FALSE,Macro,2004,Summer,FALSE
Cubres Oeste,Cubres Oeste,Sao Jorge,FALSE,Macro,2004,Winter,FALSE
Cubres Oeste,Cubres Oeste,Sao Jorge,FALSE,Macro,2005,Autumn,FALSE
Cubres Oeste,Cubres Oeste,Sao Jorge,FALSE,Macro,2005,Spring,FALSE
Cubres Oeste,Cubres Oeste,Sao Jorge,FALSE,Macro,2005,Summer,FALSE
Cubres Oeste,Cubres Oeste,Sao Jorge,FALSE,Macro,2005,Winter,FALSE
Cubres Oeste,Cubres Oeste,Sao Jorge,FALSE,Macro,2006,Autumn,FALSE
Cubres Oeste,Cubres Oeste,Sao Jorge,FALSE,Macro,2006,Spring,FALSE
Cubres Oeste,Cubres Oeste,Sao Jorge,FALSE,Macro,2006,Summer,FALSE
Cubres Oeste,Cubres Oeste,Sao Jorge,FALSE,Macro,2006,Winter,FALSE
Cubres Oeste,Cubres Oeste,Sao Jorge,FALSE,Macro,2007,Autumn,FALSE
Cubres Oeste,Cubres Oeste,Sao Jorge,FALSE,Macro,2007,Spring,FALSE
Cubres Oeste,Cubres Oeste,Sao Jorge,FALSE,Macro,2007,Summer,FALSE
Cubres Oeste,Cubres Oeste,Sao Jorge,FALSE,Macro,2007,Winter,FALSE
Cubres Oeste,Cubres Oeste,Sao Jorge,FALSE,Macro,2008,Autumn,FALSE
Cubres Oeste,Cubres Oeste,Sao Jorge,FALSE,Macro,2008,Spring,FALSE
Cubres Oeste,Cubres Oeste,Sao Jorge,FALSE,Macro,2008,Summer,FALSE
Cubres Oeste,Cubres Oeste,Sao Jorge,FALSE,Macro,2008,Winter,FALSE
Cubres Oeste,Cubres Oeste,Sao Jorge,FALSE,Macro,2009,Autumn,FALSE
Cubres Oeste,Cubres Oeste,Sao Jorge,FALSE,Macro,2009,Spring,FALSE
Cubres Oeste,Cubres Oeste,Sao Jorge,FALSE,Macro,2009,Summer,FALSE
Cubres Oeste,Cubres Oeste,Sao Jorge,FALSE,Macro,2009,Winter,FALSE
Cubres Oeste,Cubres Oeste,Sao Jorge,FALSE,Macro,2010,Autumn,FALSE
Cubres Oeste,Cubres Oeste,Sao Jorge,FALSE,Macro,2010,Spring,FALSE
Cubres Oeste,Cubres Oeste,Sao Jorge,FALSE,Macro,2010,Summer,FALSE
Cubres Oeste,Cubres Oeste,Sao Jorge,FALSE,Macro,2010,Winter,FALSE
Cubres Oeste,Cubres Oeste,Sao Jorge,FALSE,Macro,2011,Autumn,FALSE
Cubres Oeste,Cubres Oeste,Sao Jorge,FALSE,Macro,2011,Spring,FALSE
Cubres Oeste,Cubres Oeste,Sao Jorge,FALSE,Macro,2011,Summer,FALSE
Cubres Oeste,Cubres Oeste,Sao Jorge,FALSE,Macro,2011,Winter,FALSE
Cubres Oeste,Cubres Oeste,Sao Jorge,FALSE,Macro,2012,Autumn,FALSE
Cubres Oeste,Cubres Oeste,Sao Jorge,FALSE,Macro,2012,Spring,FALSE
Cubres Oeste,Cubres Oeste,Sao Jorge,FALSE,Macro,2012,Summer,FALSE
Cubres Oeste,Cubres Oeste,Sao Jorge,FALSE,Macro,2012,Winter,FALSE
Cubres Oeste,Cubres Oeste,Sao Jorge,FALSE,Macro,2013,Autumn,FALSE
Cubres Oeste,Cubres Oeste,Sao Jorge,FALSE,Macro,2013,Spring,FALSE
Cubres Oeste,Cubres Oeste,Sao Jorge,FALSE,Macro,2013,Summer,FALSE
Cubres Oeste,Cubres Oeste,Sao Jorge,FALSE,Macro,2013,Winter,FALSE
Cubres Oeste,Cubres Oeste,Sao Jorge,FALSE,Macro,2014,Autumn,FALSE
Cubres Oeste,Cubres Oeste,Sao Jorge,FALSE,Macro,2014,Spring,FALSE
Cubres Oeste,Cubres Oeste,Sao Jorge,FALSE,Macro,2014,Summer,FALSE
Cubres Oeste,Cubres Oeste,Sao Jorge,FALSE,Macro,2014,Winter,FALSE
Cubres Oeste,Cubres Oeste,Sao Jorge,FALSE,Macro,2015,Autumn,FALSE
Cubres Oeste,Cubres Oeste,Sao Jorge,FALSE,Macro,2015,Spring,FALSE
Cubres Oeste,Cubres Oeste,Sao Jorge,FALSE,Macro,2015,Summer,FALSE
Cubres Oeste,Cubres Oeste,Sao Jorge,FALSE,Macro,2015,Winter,FALSE
Cubres Oeste,Cubres Oeste,Sao Jorge,FALSE,Macro,2016,Autumn,FALSE
Cubres Oeste,Cubres Oeste,Sao Jorge,FALSE,Macro,2016,Spring,FALSE
Cubres Oeste,Cubres Oeste,Sao Jorge,FALSE,Macro,2016,Summer,FALSE
Cubres Oeste,Cubres Oeste,Sao Jorge,FALSE,Macro,2016,Winter,FALSE
Cubres Oeste,Cubres Oeste,Sao Jorge,FALSE,Macro,2017,Autumn,FALSE
Cubres Oeste,Cubres Oeste,Sao Jorge,FALSE,Macro,2017,Spring,FALSE
Cubres Oeste,Cubres Oeste,Sao Jorge,FALSE,Macro,2017,Summer,FALSE
Cubres Oeste,Cubres Oeste,Sao Jorge,FALSE,Macro,2017,Winter,FALSE
Cubres Oeste,Cubres Oeste,Sao Jorge,FALSE,Macro,2018,Autumn,FALSE
Cubres Oeste,Cubres Oeste,Sao Jorge,FALSE,Macro,2018,Spring,FALSE
Cubres Oeste,Cubres Oeste,Sao Jorge,FALSE,Macro,2018,Summer,FALSE
Cubres Oeste,Cubres Oeste,Sao Jorge,FALSE,Macro,2018,Winter,FALSE
Cubres Oeste,Cubres Oeste,Sao Jorge,FALSE,Macro,2019,Autumn,FALSE
Cubres Oeste,Cubres Oeste,Sao Jorge,FALSE,Macro,2019,Spring,FALSE
Cubres Oeste,Cubres Oeste,Sao Jorge,FALSE,Macro,2019,Summer,FALSE
Cubres Oeste,Cubres Oeste,Sao Jorge,FALSE,Macro,2019,Winter,FALSE
Cubres Oeste,Cubres Oeste,Sao Jorge,FALSE,Macro,2020,Autumn,FALSE
Cubres Oeste,Cubres Oeste,Sao Jorge,FALSE,Macro,2020,Spring,FALSE
Cubres Oeste,Cubres Oeste,Sao Jorge,FALSE,Macro,2020,Summer,FALSE
Cubres Oeste,Cubres Oeste,Sao Jorge,FALSE,Macro,2020,Winter,FALSE
Cubres Oeste,Cubres Oeste,Sao Jorge,FALSE,Macro,2021,Autumn,FALSE
Cubres Oeste,Cubres Oeste,Sao Jorge,FALSE,Macro,2021,Spring,FALSE
Cubres Oeste,Cubres Oeste,Sao Jorge,FALSE,Macro,2021,Summer,FALSE
Cubres Oeste,Cubres Oeste,Sao Jorge,FALSE,Macro,2021,Winter,FALSE
Cubres Oeste,Cubres Oeste,Sao Jorge,FALSE,Macro,2022,Autumn,FALSE
Cubres Oeste,Cubres Oeste,Sao Jorge,FALSE,Macro,2022,Spring,FALSE
Cubres Oeste,Cubres Oeste,Sao Jorge,FALSE,Macro,2022,Summer,FALSE
Cubres Oeste,Cubres Oeste,Sao Jorge,FALSE,Macro,2022,Winter,FALSE
Cubres Oeste,Cubres Oeste,Sao Jorge,FALSE,Macro,2023,Autumn,FALSE
Cubres Oeste,Cubres Oeste,Sao Jorge,FALSE,Macro,2023,Spring,FALSE
Cubres Oeste,Cubres Oeste,Sao Jorge,FALSE,Macro,2023,Summer,FALSE
Cubres Oeste,Cubres Oeste,Sao Jorge,FALSE,Macro,2023,Winter,FALSE
Cubres Oeste,Cubres Oeste,Sao Jorge,FALSE,Macro,2024,Autumn,TRUE
Cubres Oeste,Cubres Oeste,Sao Jorge,FALSE,Macro,2024,Spring,TRUE
Cubres Oeste,Cubres Oeste,Sao Jorge,FALSE,Macro,2024,Summer,FALSE
Cubres Oeste,Cubres Oeste,Sao Jorge,FALSE,Macro,2024,Winter,FALSE
Cubres Oeste,Cubres Oeste,Sao Jorge,FALSE,Macro,2025,Autumn,FALSE
Cubres Oeste,Cubres Oeste,Sao Jorge,FALSE,Macro,2025,Spring,TRUE
Cubres Oeste,Cubres Oeste,Sao Jorge,FALSE,Macro,2025,Summer,FALSE
Cubres Oeste,Cubres Oeste,Sao Jorge,FALSE,Macro,2025,Winter,FALSE
Cubres Oeste,Cubres Oeste,Sao Jorge,FALSE,Phyto,2003,Autumn,FALSE
Cubres Oeste,Cubres Oeste,Sao Jorge,FALSE,Phyto,2003,Spring,FALSE
Cubres Oeste,Cubres Oeste,Sao Jorge,FALSE,Phyto,2003,Summer,FALSE
Cubres Oeste,Cubres Oeste,Sao Jorge,FALSE,Phyto,2003,Winter,FALSE
Cubres Oeste,Cubres Oeste,Sao Jorge,FALSE,Phyto,2004,Autumn,FALSE
Cubres Oeste,Cubres Oeste,Sao Jorge,FALSE,Phyto,2004,Spring,FALSE
Cubres Oeste,Cubres Oeste,Sao Jorge,FALSE,Phyto,2004,Summer,FALSE
Cubres Oeste,Cubres Oeste,Sao Jorge,FALSE,Phyto,2004,Winter,FALSE
Cubres Oeste,Cubres Oeste,Sao Jorge,FALSE,Phyto,2005,Autumn,FALSE
Cubres Oeste,Cubres Oeste,Sao Jorge,FALSE,Phyto,2005,Spring,FALSE
Cubres Oeste,Cubres Oeste,Sao Jorge,FALSE,Phyto,2005,Summer,FALSE
Cubres Oeste,Cubres Oeste,Sao Jorge,FALSE,Phyto,2005,Winter,FALSE
Cubres Oeste,Cubres Oeste,Sao Jorge,FALSE,Phyto,2006,Autumn,FALSE
Cubres Oeste,Cubres Oeste,Sao Jorge,FALSE,Phyto,2006,Spring,FALSE
Cubres Oeste,Cubres Oeste,Sao Jorge,FALSE,Phyto,2006,Summer,FALSE
Cubres Oeste,Cubres Oeste,Sao Jorge,FALSE,Phyto,2006,Winter,FALSE
Cubres Oeste,Cubres Oeste,Sao Jorge,FALSE,Phyto,2007,Autumn,FALSE
Cubres Oeste,Cubres Oeste,Sao Jorge,FALSE,Phyto,2007,Spring,FALSE
Cubres Oeste,Cubres Oeste,Sao Jorge,FALSE,Phyto,2007,Summer,FALSE
Cubres Oeste,Cubres Oeste,Sao Jorge,FALSE,Phyto,2007,Winter,FALSE
Cubres Oeste,Cubres Oeste,Sao Jorge,FALSE,Phyto,2008,Autumn,FALSE
Cubres Oeste,Cubres Oeste,Sao Jorge,FALSE,Phyto,2008,Spring,FALSE
Cubres Oeste,Cubres Oeste,Sao Jorge,FALSE,Phyto,2008,Summer,FALSE
Cubres Oeste,Cubres Oeste,Sao Jorge,FALSE,Phyto,2008,Winter,FALSE
Cubres Oeste,Cubres Oeste,Sao Jorge,FALSE,Phyto,2009,Autumn,FALSE
Cubres Oeste,Cubres Oeste,Sao Jorge,FALSE,Phyto,2009,Spring,FALSE
Cubres Oeste,Cubres Oeste,Sao Jorge,FALSE,Phyto,2009,Summer,FALSE
Cubres Oeste,Cubres Oeste,Sao Jorge,FALSE,Phyto,2009,Winter,FALSE
Cubres Oeste,Cubres Oeste,Sao Jorge,FALSE,Phyto,2010,Autumn,FALSE
Cubres Oeste,Cubres Oeste,Sao Jorge,FALSE,Phyto,2010,Spring,FALSE
Cubres Oeste,Cubres Oeste,Sao Jorge,FALSE,Phyto,2010,Summer,FALSE
Cubres Oeste,Cubres Oeste,Sao Jorge,FALSE,Phyto,2010,Winter,FALSE
Cubres Oeste,Cubres Oeste,Sao Jorge,FALSE,Phyto,2011,Autumn,FALSE
Cubres Oeste,Cubres Oeste,Sao Jorge,FALSE,Phyto,2011,Spring,FALSE
Cubres Oeste,Cubres Oeste,Sao Jorge,FALSE,Phyto,2011,Summer,FALSE
Cubres Oeste,Cubres Oeste,Sao Jorge,FALSE,Phyto,2011,Winter,FALSE
Cubres Oeste,Cubres Oeste,Sao Jorge,FALSE,Phyto,2012,Autumn,FALSE
Cubres Oeste,Cubres Oeste,Sao Jorge,FALSE,Phyto,2012,Spring,FALSE
Cubres Oeste,Cubres Oeste,Sao Jorge,FALSE,Phyto,2012,Summer,FALSE
Cubres Oeste,Cubres Oeste,Sao Jorge,FALSE,Phyto,2012,Winter,FALSE
Cubres Oeste,Cubres Oeste,Sao Jorge,FALSE,Phyto,2013,Autumn,FALSE
Cubres Oeste,Cubres Oeste,Sao Jorge,FALSE,Phyto,2013,Spring,FALSE
Cubres Oeste,Cubres Oeste,Sao Jorge,FALSE,Phyto,2013,Summer,FALSE
Cubres Oeste,Cubres Oeste,Sao Jorge,FALSE,Phyto,2013,Winter,FALSE
Cubres Oeste,Cubres Oeste,Sao Jorge,FALSE,Phyto,2014,Autumn,FALSE
Cubres Oeste,Cubres Oeste,Sao Jorge,FALSE,Phyto,2014,Spring,FALSE
Cubres Oeste,Cubres Oeste,Sao Jorge,FALSE,Phyto,2014,Summer,FALSE
Cubres Oeste,Cubres Oeste,Sao Jorge,FALSE,Phyto,2014,Winter,FALSE
Cubres Oeste,Cubres Oeste,Sao Jorge,FALSE,Phyto,2015,Autumn,FALSE
Cubres Oeste,Cubres Oeste,Sao Jorge,FALSE,Phyto,2015,Spring,FALSE
Cubres Oeste,Cubres Oeste,Sao Jorge,FALSE,Phyto,2015,Summer,FALSE
Cubres Oeste,Cubres Oeste,Sao Jorge,FALSE,Phyto,2015,Winter,FALSE
Cubres Oeste,Cubres Oeste,Sao Jorge,FALSE,Phyto,2016,Autumn,FALSE
Cubres Oeste,Cubres Oeste,Sao Jorge,FALSE,Phyto,2016,Spring,FALSE
Cubres Oeste,Cubres Oeste,Sao Jorge,FALSE,Phyto,2016,Summer,FALSE
Cubres Oeste,Cubres Oeste,Sao Jorge,FALSE,Phyto,2016,Winter,FALSE
Cubres Oeste,Cubres Oeste,Sao Jorge,FALSE,Phyto,2017,Autumn,FALSE
Cubres Oeste,Cubres Oeste,Sao Jorge,FALSE,Phyto,2017,Spring,FALSE
Cubres Oeste,Cubres Oeste,Sao Jorge,FALSE,Phyto,2017,Summer,FALSE
Cubres Oeste,Cubres Oeste,Sao Jorge,FALSE,Phyto,2017,Winter,FALSE
Cubres Oeste,Cubres Oeste,Sao Jorge,FALSE,Phyto,2018,Autumn,TRUE
Cubres Oeste,Cubres Oeste,Sao Jorge,FALSE,Phyto,2018,Spring,TRUE
Cubres Oeste,Cubres Oeste,Sao Jorge,FALSE,Phyto,2018,Summer,FALSE
Cubres Oeste,Cubres Oeste,Sao Jorge,FALSE,Phyto,2018,Winter,FALSE
Cubres Oeste,Cubres Oeste,Sao Jorge,FALSE,Phyto,2019,Autumn,FALSE
Cubres Oeste,Cubres Oeste,Sao Jorge,FALSE,Phyto,2019,Spring,FALSE
Cubres Oeste,Cubres Oeste,Sao Jorge,FALSE,Phyto,2019,Summer,FALSE
Cubres Oeste,Cubres Oeste,Sao Jorge,FALSE,Phyto,2019,Winter,FALSE
Cubres Oeste,Cubres Oeste,Sao Jorge,FALSE,Phyto,2020,Autumn,FALSE
Cubres Oeste,Cubres Oeste,Sao Jorge,FALSE,Phyto,2020,Spring,FALSE
Cubres Oeste,Cubres Oeste,Sao Jorge,FALSE,Phyto,2020,Summer,FALSE
Cubres Oeste,Cubres Oeste,Sao Jorge,FALSE,Phyto,2020,Winter,FALSE
Cubres Oeste,Cubres Oeste,Sao Jorge,FALSE,Phyto,2021,Autumn,FALSE
Cubres Oeste,Cubres Oeste,Sao Jorge,FALSE,Phyto,2021,Spring,FALSE
Cubres Oeste,Cubres Oeste,Sao Jorge,FALSE,Phyto,2021,Summer,FALSE
Cubres Oeste,Cubres Oeste,Sao Jorge,FALSE,Phyto,2021,Winter,FALSE
Cubres Oeste,Cubres Oeste,Sao Jorge,FALSE,Phyto,2022,Autumn,FALSE
Cubres Oeste,Cubres Oeste,Sao Jorge,FALSE,Phyto,2022,Spring,FALSE
Cubres Oeste,Cubres Oeste,Sao Jorge,FALSE,Phyto,2022,Summer,FALSE
Cubres Oeste,Cubres Oeste,Sao Jorge,FALSE,Phyto,2022,Winter,FALSE
Cubres Oeste,Cubres Oeste,Sao Jorge,FALSE,Phyto,2023,Autumn,FALSE
Cubres Oeste,Cubres Oeste,Sao Jorge,FALSE,Phyto,2023,Spring,FALSE
Cubres Oeste,Cubres Oeste,Sao Jorge,FALSE,Phyto,2023,Summer,FALSE
Cubres Oeste,Cubres Oeste,Sao Jorge,FALSE,Phyto,2023,Winter,FALSE
Cubres Oeste,Cubres Oeste,Sao Jorge,FALSE,Phyto,2024,Autumn,TRUE
Cubres Oeste,Cubres Oeste,Sao Jorge,FALSE,Phyto,2024,Spring,TRUE
Cubres Oeste,Cubres Oeste,Sao Jorge,FALSE,Phyto,2024,Summer,FALSE
Cubres Oeste,Cubres Oeste,Sao Jorge,FALSE,Phyto,2024,Winter,FALSE
Cubres Oeste,Cubres Oeste,Sao Jorge,FALSE,Phyto,2025,Autumn,FALSE
Cubres Oeste,Cubres Oeste,Sao Jorge,FALSE,Phyto,2025,Spring,TRUE
Cubres Oeste,Cubres Oeste,Sao Jorge,FALSE,Phyto,2025,Summer,FALSE
Cubres Oeste,Cubres Oeste,Sao Jorge,FALSE,Phyto,2025,Winter,FALSE
Cubres Oeste,Cubres Oeste,Sao Jorge,FALSE,Zoo,2003,Autumn,FALSE
Cubres Oeste,Cubres Oeste,Sao Jorge,FALSE,Zoo,2003,Spring,FALSE
Cubres Oeste,Cubres Oeste,Sao Jorge,FALSE,Zoo,2003,Summer,FALSE
Cubres Oeste,Cubres Oeste,Sao Jorge,FALSE,Zoo,2003,Winter,FALSE
Cubres Oeste,Cubres Oeste,Sao Jorge,FALSE,Zoo,2004,Autumn,FALSE
Cubres Oeste,Cubres Oeste,Sao Jorge,FALSE,Zoo,2004,Spring,FALSE
Cubres Oeste,Cubres Oeste,Sao Jorge,FALSE,Zoo,2004,Summer,FALSE
Cubres Oeste,Cubres Oeste,Sao Jorge,FALSE,Zoo,2004,Winter,FALSE
Cubres Oeste,Cubres Oeste,Sao Jorge,FALSE,Zoo,2005,Autumn,FALSE
Cubres Oeste,Cubres Oeste,Sao Jorge,FALSE,Zoo,2005,Spring,FALSE
Cubres Oeste,Cubres Oeste,Sao Jorge,FALSE,Zoo,2005,Summer,FALSE
Cubres Oeste,Cubres Oeste,Sao Jorge,FALSE,Zoo,2005,Winter,FALSE
Cubres Oeste,Cubres Oeste,Sao Jorge,FALSE,Zoo,2006,Autumn,FALSE
Cubres Oeste,Cubres Oeste,Sao Jorge,FALSE,Zoo,2006,Spring,FALSE
Cubres Oeste,Cubres Oeste,Sao Jorge,FALSE,Zoo,2006,Summer,FALSE
Cubres Oeste,Cubres Oeste,Sao Jorge,FALSE,Zoo,2006,Winter,FALSE
Cubres Oeste,Cubres Oeste,Sao Jorge,FALSE,Zoo,2007,Autumn,FALSE
Cubres Oeste,Cubres Oeste,Sao Jorge,FALSE,Zoo,2007,Spring,FALSE
Cubres Oeste,Cubres Oeste,Sao Jorge,FALSE,Zoo,2007,Summer,FALSE
Cubres Oeste,Cubres Oeste,Sao Jorge,FALSE,Zoo,2007,Winter,FALSE
Cubres Oeste,Cubres Oeste,Sao Jorge,FALSE,Zoo,2008,Autumn,FALSE
Cubres Oeste,Cubres Oeste,Sao Jorge,FALSE,Zoo,2008,Spring,FALSE
Cubres Oeste,Cubres Oeste,Sao Jorge,FALSE,Zoo,2008,Summer,FALSE
Cubres Oeste,Cubres Oeste,Sao Jorge,FALSE,Zoo,2008,Winter,FALSE
Cubres Oeste,Cubres Oeste,Sao Jorge,FALSE,Zoo,2009,Autumn,FALSE
Cubres Oeste,Cubres Oeste,Sao Jorge,FALSE,Zoo,2009,Spring,FALSE
Cubres Oeste,Cubres Oeste,Sao Jorge,FALSE,Zoo,2009,Summer,FALSE
Cubres Oeste,Cubres Oeste,Sao Jorge,FALSE,Zoo,2009,Winter,FALSE
Cubres Oeste,Cubres Oeste,Sao Jorge,FALSE,Zoo,2010,Autumn,FALSE
Cubres Oeste,Cubres Oeste,Sao Jorge,FALSE,Zoo,2010,Spring,FALSE
Cubres Oeste,Cubres Oeste,Sao Jorge,FALSE,Zoo,2010,Summer,FALSE
Cubres Oeste,Cubres Oeste,Sao Jorge,FALSE,Zoo,2010,Winter,FALSE
Cubres Oeste,Cubres Oeste,Sao Jorge,FALSE,Zoo,2011,Autumn,FALSE
Cubres Oeste,Cubres Oeste,Sao Jorge,FALSE,Zoo,2011,Spring,FALSE
Cubres Oeste,Cubres Oeste,Sao Jorge,FALSE,Zoo,2011,Summer,FALSE
Cubres Oeste,Cubres Oeste,Sao Jorge,FALSE,Zoo,2011,Winter,FALSE
Cubres Oeste,Cubres Oeste,Sao Jorge,FALSE,Zoo,2012,Autumn,FALSE
Cubres Oeste,Cubres Oeste,Sao Jorge,FALSE,Zoo,2012,Spring,FALSE
Cubres Oeste,Cubres Oeste,Sao Jorge,FALSE,Zoo,2012,Summer,FALSE
Cubres Oeste,Cubres Oeste,Sao Jorge,FALSE,Zoo,2012,Winter,FALSE
Cubres Oeste,Cubres Oeste,Sao Jorge,FALSE,Zoo,2013,Autumn,FALSE
Cubres Oeste,Cubres Oeste,Sao Jorge,FALSE,Zoo,2013,Spring,FALSE
Cubres Oeste,Cubres Oeste,Sao Jorge,FALSE,Zoo,2013,Summer,FALSE
Cubres Oeste,Cubres Oeste,Sao Jorge,FALSE,Zoo,2013,Winter,FALSE
Cubres Oeste,Cubres Oeste,Sao Jorge,FALSE,Zoo,2014,Autumn,FALSE
Cubres Oeste,Cubres Oeste,Sao Jorge,FALSE,Zoo,2014,Spring,FALSE
Cubres Oeste,Cubres Oeste,Sao Jorge,FALSE,Zoo,2014,Summer,FALSE
Cubres Oeste,Cubres Oeste,Sao Jorge,FALSE,Zoo,2014,Winter,FALSE
Cubres Oeste,Cubres Oeste,Sao Jorge,FALSE,Zoo,2015,Autumn,FALSE
Cubres Oeste,Cubres Oeste,Sao Jorge,FALSE,Zoo,2015,Spring,FALSE
Cubres Oeste,Cubres Oeste,Sao Jorge,FALSE,Zoo,2015,Summer,FALSE
Cubres Oeste,Cubres Oeste,Sao Jorge,FALSE,Zoo,2015,Winter,FALSE
Cubres Oeste,Cubres Oeste,Sao Jorge,FALSE,Zoo,2016,Autumn,FALSE
Cubres Oeste,Cubres Oeste,Sao Jorge,FALSE,Zoo,2016,Spring,FALSE
Cubres Oeste,Cubres Oeste,Sao Jorge,FALSE,Zoo,2016,Summer,FALSE
Cubres Oeste,Cubres Oeste,Sao Jorge,FALSE,Zoo,2016,Winter,FALSE
Cubres Oeste,Cubres Oeste,Sao Jorge,FALSE,Zoo,2017,Autumn,FALSE
Cubres Oeste,Cubres Oeste,Sao Jorge,FALSE,Zoo,2017,Spring,FALSE
Cubres Oeste,Cubres Oeste,Sao Jorge,FALSE,Zoo,2017,Summer,FALSE
Cubres Oeste,Cubres Oeste,Sao Jorge,FALSE,Zoo,2017,Winter,FALSE
Cubres Oeste,Cubres Oeste,Sao Jorge,FALSE,Zoo,2018,Autumn,FALSE
Cubres Oeste,Cubres Oeste,Sao Jorge,FALSE,Zoo,2018,Spring,FALSE
Cubres Oeste,Cubres Oeste,Sao Jorge,FALSE,Zoo,2018,Summer,FALSE
Cubres Oeste,Cubres Oeste,Sao Jorge,FALSE,Zoo,2018,Winter,FALSE
Cubres Oeste,Cubres Oeste,Sao Jorge,FALSE,Zoo,2019,Autumn,FALSE
Cubres Oeste,Cubres Oeste,Sao Jorge,FALSE,Zoo,2019,Spring,FALSE
Cubres Oeste,Cubres Oeste,Sao Jorge,FALSE,Zoo,2019,Summer,FALSE
Cubres Oeste,Cubres Oeste,Sao Jorge,FALSE,Zoo,2019,Winter,FALSE
Cubres Oeste,Cubres Oeste,Sao Jorge,FALSE,Zoo,2020,Autumn,FALSE
Cubres Oeste,Cubres Oeste,Sao Jorge,FALSE,Zoo,2020,Spring,FALSE
Cubres Oeste,Cubres Oeste,Sao Jorge,FALSE,Zoo,2020,Summer,FALSE
Cubres Oeste,Cubres Oeste,Sao Jorge,FALSE,Zoo,2020,Winter,FALSE
Cubres Oeste,Cubres Oeste,Sao Jorge,FALSE,Zoo,2021,Autumn,FALSE
Cubres Oeste,Cubres Oeste,Sao Jorge,FALSE,Zoo,2021,Spring,FALSE
Cubres Oeste,Cubres Oeste,Sao Jorge,FALSE,Zoo,2021,Summer,FALSE
Cubres Oeste,Cubres Oeste,Sao Jorge,FALSE,Zoo,2021,Winter,FALSE
Cubres Oeste,Cubres Oeste,Sao Jorge,FALSE,Zoo,2022,Autumn,FALSE
Cubres Oeste,Cubres Oeste,Sao Jorge,FALSE,Zoo,2022,Spring,FALSE
Cubres Oeste,Cubres Oeste,Sao Jorge,FALSE,Zoo,2022,Summer,FALSE
Cubres Oeste,Cubres Oeste,Sao Jorge,FALSE,Zoo,2022,Winter,FALSE
Cubres Oeste,Cubres Oeste,Sao Jorge,FALSE,Zoo,2023,Autumn,FALSE
Cubres Oeste,Cubres Oeste,Sao Jorge,FALSE,Zoo,2023,Spring,FALSE
Cubres Oeste,Cubres Oeste,Sao Jorge,FALSE,Zoo,2023,Summer,FALSE
Cubres Oeste,Cubres Oeste,Sao Jorge,FALSE,Zoo,2023,Winter,FALSE
Cubres Oeste,Cubres Oeste,Sao Jorge,FALSE,Zoo,2024,Autumn,FALSE
Cubres Oeste,Cubres Oeste,Sao Jorge,FALSE,Zoo,2024,Spring,FALSE
Cubres Oeste,Cubres Oeste,Sao Jorge,FALSE,Zoo,2024,Summer,FALSE
Cubres Oeste,Cubres Oeste,Sao Jorge,FALSE,Zoo,2024,Winter,FALSE
Cubres Oeste,Cubres Oeste,Sao Jorge,FALSE,Zoo,2025,Autumn,FALSE
Cubres Oeste,Cubres Oeste,Sao Jorge,FALSE,Zoo,2025,Spring,TRUE
Cubres Oeste,Cubres Oeste,Sao Jorge,FALSE,Zoo,2025,Summer,FALSE
Cubres Oeste,Cubres Oeste,Sao Jorge,FALSE,Zoo,2025,Winter,FALSE
Empadadas Norte,Empadadas Norte,Sao Miguel,TRUE,Diatom,2003,Autumn,TRUE
Empadadas Norte,Empadadas Norte,Sao Miguel,TRUE,Diatom,2003,Spring,FALSE
Empadadas Norte,Empadadas Norte,Sao Miguel,TRUE,Diatom,2003,Summer,FALSE
Empadadas Norte,Empadadas Norte,Sao Miguel,TRUE,Diatom,2003,Winter,FALSE
Empadadas Norte,Empadadas Norte,Sao Miguel,TRUE,Diatom,2004,Autumn,FALSE
Empadadas Norte,Empadadas Norte,Sao Miguel,TRUE,Diatom,2004,Spring,FALSE
Empadadas Norte,Empadadas Norte,Sao Miguel,TRUE,Diatom,2004,Summer,TRUE
Empadadas Norte,Empadadas Norte,Sao Miguel,TRUE,Diatom,2004,Winter,TRUE
Empadadas Norte,Empadadas Norte,Sao Miguel,TRUE,Diatom,2005,Autumn,FALSE
Empadadas Norte,Empadadas Norte,Sao Miguel,TRUE,Diatom,2005,Spring,FALSE
Empadadas Norte,Empadadas Norte,Sao Miguel,TRUE,Diatom,2005,Summer,TRUE
Empadadas Norte,Empadadas Norte,Sao Miguel,TRUE,Diatom,2005,Winter,TRUE
Empadadas Norte,Empadadas Norte,Sao Miguel,TRUE,Diatom,2006,Autumn,FALSE
Empadadas Norte,Empadadas Norte,Sao Miguel,TRUE,Diatom,2006,Spring,TRUE
Empadadas Norte,Empadadas Norte,Sao Miguel,TRUE,Diatom,2006,Summer,TRUE
Empadadas Norte,Empadadas Norte,Sao Miguel,TRUE,Diatom,2006,Winter,FALSE
Empadadas Norte,Empadadas Norte,Sao Miguel,TRUE,Diatom,2007,Autumn,FALSE
Empadadas Norte,Empadadas Norte,Sao Miguel,TRUE,Diatom,2007,Spring,FALSE
Empadadas Norte,Empadadas Norte,Sao Miguel,TRUE,Diatom,2007,Summer,FALSE
Empadadas Norte,Empadadas Norte,Sao Miguel,TRUE,Diatom,2007,Winter,TRUE
Empadadas Norte,Empadadas Norte,Sao Miguel,TRUE,Diatom,2008,Autumn,TRUE
Empadadas Norte,Empadadas Norte,Sao Miguel,TRUE,Diatom,2008,Spring,TRUE
Empadadas Norte,Empadadas Norte,Sao Miguel,TRUE,Diatom,2008,Summer,FALSE
Empadadas Norte,Empadadas Norte,Sao Miguel,TRUE,Diatom,2008,Winter,TRUE
Empadadas Norte,Empadadas Norte,Sao Miguel,TRUE,Diatom,2009,Autumn,TRUE
Empadadas Norte,Empadadas Norte,Sao Miguel,TRUE,Diatom,2009,Spring,FALSE
Empadadas Norte,Empadadas Norte,Sao Miguel,TRUE,Diatom,2009,Summer,FALSE
Empadadas Norte,Empadadas Norte,Sao Miguel,TRUE,Diatom,2009,Winter,TRUE
Empadadas Norte,Empadadas Norte,Sao Miguel,TRUE,Diatom,2010,Autumn,TRUE
Empadadas Norte,Empadadas Norte,Sao Miguel,TRUE,Diatom,2010,Spring,FALSE
Empadadas Norte,Empadadas Norte,Sao Miguel,TRUE,Diatom,2010,Summer,TRUE
Empadadas Norte,Empadadas Norte,Sao Miguel,TRUE,Diatom,2010,Winter,TRUE
Empadadas Norte,Empadadas Norte,Sao Miguel,TRUE,Diatom,2011,Autumn,TRUE
Empadadas Norte,Empadadas Norte,Sao Miguel,TRUE,Diatom,2011,Spring,TRUE
Empadadas Norte,Empadadas Norte,Sao Miguel,TRUE,Diatom,2011,Summer,TRUE
Empadadas Norte,Empadadas Norte,Sao Miguel,TRUE,Diatom,2011,Winter,TRUE
Empadadas Norte,Empadadas Norte,Sao Miguel,TRUE,Diatom,2012,Autumn,TRUE
Empadadas Norte,Empadadas Norte,Sao Miguel,TRUE,Diatom,2012,Spring,TRUE
Empadadas Norte,Empadadas Norte,Sao Miguel,TRUE,Diatom,2012,Summer,TRUE
Empadadas Norte,Empadadas Norte,Sao Miguel,TRUE,Diatom,2012,Winter,TRUE
Empadadas Norte,Empadadas Norte,Sao Miguel,TRUE,Diatom,2013,Autumn,FALSE
Empadadas Norte,Empadadas Norte,Sao Miguel,TRUE,Diatom,2013,Spring,FALSE
Empadadas Norte,Empadadas Norte,Sao Miguel,TRUE,Diatom,2013,Summer,FALSE
Empadadas Norte,Empadadas Norte,Sao Miguel,TRUE,Diatom,2013,Winter,FALSE
Empadadas Norte,Empadadas Norte,Sao Miguel,TRUE,Diatom,2014,Autumn,FALSE
Empadadas Norte,Empadadas Norte,Sao Miguel,TRUE,Diatom,2014,Spring,FALSE
Empadadas Norte,Empadadas Norte,Sao Miguel,TRUE,Diatom,2014,Summer,FALSE
Empadadas Norte,Empadadas Norte,Sao Miguel,TRUE,Diatom,2014,Winter,FALSE
Empadadas Norte,Empadadas Norte,Sao Miguel,TRUE,Diatom,2015,Autumn,TRUE
Empadadas Norte,Empadadas Norte,Sao Miguel,TRUE,Diatom,2015,Spring,FALSE
Empadadas Norte,Empadadas Norte,Sao Miguel,TRUE,Diatom,2015,Summer,FALSE
Empadadas Norte,Empadadas Norte,Sao Miguel,TRUE,Diatom,2015,Winter,FALSE
Empadadas Norte,Empadadas Norte,Sao Miguel,TRUE,Diatom,2016,Autumn,TRUE
Empadadas Norte,Empadadas Norte,Sao Miguel,TRUE,Diatom,2016,Spring,TRUE
Empadadas Norte,Empadadas Norte,Sao Miguel,TRUE,Diatom,2016,Summer,FALSE
Empadadas Norte,Empadadas Norte,Sao Miguel,TRUE,Diatom,2016,Winter,TRUE
Empadadas Norte,Empadadas Norte,Sao Miguel,TRUE,Diatom,2017,Autumn,TRUE
Empadadas Norte,Empadadas Norte,Sao Miguel,TRUE,Diatom,2017,Spring,FALSE
Empadadas Norte,Empadadas Norte,Sao Miguel,TRUE,Diatom,2017,Summer,FALSE
Empadadas Norte,Empadadas Norte,Sao Miguel,TRUE,Diatom,2017,Winter,FALSE
Empadadas Norte,Empadadas Norte,Sao Miguel,TRUE,Diatom,2018,Autumn,FALSE
Empadadas Norte,Empadadas Norte,Sao Miguel,TRUE,Diatom,2018,Spring,TRUE
Empadadas Norte,Empadadas Norte,Sao Miguel,TRUE,Diatom,2018,Summer,TRUE
Empadadas Norte,Empadadas Norte,Sao Miguel,TRUE,Diatom,2018,Winter,TRUE
Empadadas Norte,Empadadas Norte,Sao Miguel,TRUE,Diatom,2019,Autumn,FALSE
Empadadas Norte,Empadadas Norte,Sao Miguel,TRUE,Diatom,2019,Spring,FALSE
Empadadas Norte,Empadadas Norte,Sao Miguel,TRUE,Diatom,2019,Summer,FALSE
Empadadas Norte,Empadadas Norte,Sao Miguel,TRUE,Diatom,2019,Winter,FALSE
Empadadas Norte,Empadadas Norte,Sao Miguel,TRUE,Diatom,2020,Autumn,FALSE
Empadadas Norte,Empadadas Norte,Sao Miguel,TRUE,Diatom,2020,Spring,FALSE
Empadadas Norte,Empadadas Norte,Sao Miguel,TRUE,Diatom,2020,Summer,FALSE
Empadadas Norte,Empadadas Norte,Sao Miguel,TRUE,Diatom,2020,Winter,FALSE
Empadadas Norte,Empadadas Norte,Sao Miguel,TRUE,Diatom,2021,Autumn,FALSE
Empadadas Norte,Empadadas Norte,Sao Miguel,TRUE,Diatom,2021,Spring,FALSE
Empadadas Norte,Empadadas Norte,Sao Miguel,TRUE,Diatom,2021,Summer,FALSE
Empadadas Norte,Empadadas Norte,Sao Miguel,TRUE,Diatom,2021,Winter,FALSE
Empadadas Norte,Empadadas Norte,Sao Miguel,TRUE,Diatom,2022,Autumn,FALSE
Empadadas Norte,Empadadas Norte,Sao Miguel,TRUE,Diatom,2022,Spring,FALSE
Empadadas Norte,Empadadas Norte,Sao Miguel,TRUE,Diatom,2022,Summer,FALSE
Empadadas Norte,Empadadas Norte,Sao Miguel,TRUE,Diatom,2022,Winter,FALSE
Empadadas Norte,Empadadas Norte,Sao Miguel,TRUE,Diatom,2023,Autumn,FALSE
Empadadas Norte,Empadadas Norte,Sao Miguel,TRUE,Diatom,2023,Spring,FALSE
Empadadas Norte,Empadadas Norte,Sao Miguel,TRUE,Diatom,2023,Summer,FALSE
Empadadas Norte,Empadadas Norte,Sao Miguel,TRUE,Diatom,2023,Winter,FALSE
Empadadas Norte,Empadadas Norte,Sao Miguel,TRUE,Diatom,2024,Autumn,TRUE
Empadadas Norte,Empadadas Norte,Sao Miguel,TRUE,Diatom,2024,Spring,TRUE
Empadadas Norte,Empadadas Norte,Sao Miguel,TRUE,Diatom,2024,Summer,TRUE
Empadadas Norte,Empadadas Norte,Sao Miguel,TRUE,Diatom,2024,Winter,TRUE
Empadadas Norte,Empadadas Norte,Sao Miguel,TRUE,Diatom,2025,Autumn,TRUE
Empadadas Norte,Empadadas Norte,Sao Miguel,TRUE,Diatom,2025,Spring,TRUE
Empadadas Norte,Empadadas Norte,Sao Miguel,TRUE,Diatom,2025,Summer,TRUE
Empadadas Norte,Empadadas Norte,Sao Miguel,TRUE,Diatom,2025,Winter,TRUE
Empadadas Norte,Empadadas Norte,Sao Miguel,TRUE,Env,2003,Autumn,TRUE
Empadadas Norte,Empadadas Norte,Sao Miguel,TRUE,Env,2003,Spring,FALSE
Empadadas Norte,Empadadas Norte,Sao Miguel,TRUE,Env,2003,Summer,FALSE
Empadadas Norte,Empadadas Norte,Sao Miguel,TRUE,Env,2003,Winter,FALSE
Empadadas Norte,Empadadas Norte,Sao Miguel,TRUE,Env,2004,Autumn,FALSE
Empadadas Norte,Empadadas Norte,Sao Miguel,TRUE,Env,2004,Spring,TRUE
Empadadas Norte,Empadadas Norte,Sao Miguel,TRUE,Env,2004,Summer,TRUE
Empadadas Norte,Empadadas Norte,Sao Miguel,TRUE,Env,2004,Winter,TRUE
Empadadas Norte,Empadadas Norte,Sao Miguel,TRUE,Env,2005,Autumn,FALSE
Empadadas Norte,Empadadas Norte,Sao Miguel,TRUE,Env,2005,Spring,FALSE
Empadadas Norte,Empadadas Norte,Sao Miguel,TRUE,Env,2005,Summer,TRUE
Empadadas Norte,Empadadas Norte,Sao Miguel,TRUE,Env,2005,Winter,TRUE
Empadadas Norte,Empadadas Norte,Sao Miguel,TRUE,Env,2006,Autumn,FALSE
Empadadas Norte,Empadadas Norte,Sao Miguel,TRUE,Env,2006,Spring,TRUE
Empadadas Norte,Empadadas Norte,Sao Miguel,TRUE,Env,2006,Summer,TRUE
Empadadas Norte,Empadadas Norte,Sao Miguel,TRUE,Env,2006,Winter,TRUE
Empadadas Norte,Empadadas Norte,Sao Miguel,TRUE,Env,2007,Autumn,FALSE
Empadadas Norte,Empadadas Norte,Sao Miguel,TRUE,Env,2007,Spring,TRUE
Empadadas Norte,Empadadas Norte,Sao Miguel,TRUE,Env,2007,Summer,FALSE
Empadadas Norte,Empadadas Norte,Sao Miguel,TRUE,Env,2007,Winter,TRUE
Empadadas Norte,Empadadas Norte,Sao Miguel,TRUE,Env,2008,Autumn,TRUE
Empadadas Norte,Empadadas Norte,Sao Miguel,TRUE,Env,2008,Spring,TRUE
Empadadas Norte,Empadadas Norte,Sao Miguel,TRUE,Env,2008,Summer,TRUE
Empadadas Norte,Empadadas Norte,Sao Miguel,TRUE,Env,2008,Winter,TRUE
Empadadas Norte,Empadadas Norte,Sao Miguel,TRUE,Env,2009,Autumn,FALSE
Empadadas Norte,Empadadas Norte,Sao Miguel,TRUE,Env,2009,Spring,FALSE
Empadadas Norte,Empadadas Norte,Sao Miguel,TRUE,Env,2009,Summer,FALSE
Empadadas Norte,Empadadas Norte,Sao Miguel,TRUE,Env,2009,Winter,FALSE
Empadadas Norte,Empadadas Norte,Sao Miguel,TRUE,Env,2010,Autumn,TRUE
Empadadas Norte,Empadadas Norte,Sao Miguel,TRUE,Env,2010,Spring,TRUE
Empadadas Norte,Empadadas Norte,Sao Miguel,TRUE,Env,2010,Summer,TRUE
Empadadas Norte,Empadadas Norte,Sao Miguel,TRUE,Env,2010,Winter,TRUE
Empadadas Norte,Empadadas Norte,Sao Miguel,TRUE,Env,2011,Autumn,TRUE
Empadadas Norte,Empadadas Norte,Sao Miguel,TRUE,Env,2011,Spring,TRUE
Empadadas Norte,Empadadas Norte,Sao Miguel,TRUE,Env,2011,Summer,TRUE
Empadadas Norte,Empadadas Norte,Sao Miguel,TRUE,Env,2011,Winter,TRUE
Empadadas Norte,Empadadas Norte,Sao Miguel,TRUE,Env,2012,Autumn,TRUE
Empadadas Norte,Empadadas Norte,Sao Miguel,TRUE,Env,2012,Spring,TRUE
Empadadas Norte,Empadadas Norte,Sao Miguel,TRUE,Env,2012,Summer,TRUE
Empadadas Norte,Empadadas Norte,Sao Miguel,TRUE,Env,2012,Winter,TRUE
Empadadas Norte,Empadadas Norte,Sao Miguel,TRUE,Env,2013,Autumn,FALSE
Empadadas Norte,Empadadas Norte,Sao Miguel,TRUE,Env,2013,Spring,FALSE
Empadadas Norte,Empadadas Norte,Sao Miguel,TRUE,Env,2013,Summer,FALSE
Empadadas Norte,Empadadas Norte,Sao Miguel,TRUE,Env,2013,Winter,FALSE
Empadadas Norte,Empadadas Norte,Sao Miguel,TRUE,Env,2014,Autumn,FALSE
Empadadas Norte,Empadadas Norte,Sao Miguel,TRUE,Env,2014,Spring,FALSE
Empadadas Norte,Empadadas Norte,Sao Miguel,TRUE,Env,2014,Summer,FALSE
Empadadas Norte,Empadadas Norte,Sao Miguel,TRUE,Env,2014,Winter,FALSE
Empadadas Norte,Empadadas Norte,Sao Miguel,TRUE,Env,2015,Autumn,FALSE
Empadadas Norte,Empadadas Norte,Sao Miguel,TRUE,Env,2015,Spring,FALSE
Empadadas Norte,Empadadas Norte,Sao Miguel,TRUE,Env,2015,Summer,FALSE
Empadadas Norte,Empadadas Norte,Sao Miguel,TRUE,Env,2015,Winter,FALSE
Empadadas Norte,Empadadas Norte,Sao Miguel,TRUE,Env,2016,Autumn,FALSE
Empadadas Norte,Empadadas Norte,Sao Miguel,TRUE,Env,2016,Spring,FALSE
Empadadas Norte,Empadadas Norte,Sao Miguel,TRUE,Env,2016,Summer,FALSE
Empadadas Norte,Empadadas Norte,Sao Miguel,TRUE,Env,2016,Winter,FALSE
Empadadas Norte,Empadadas Norte,Sao Miguel,TRUE,Env,2017,Autumn,FALSE
Empadadas Norte,Empadadas Norte,Sao Miguel,TRUE,Env,2017,Spring,FALSE
Empadadas Norte,Empadadas Norte,Sao Miguel,TRUE,Env,2017,Summer,FALSE
Empadadas Norte,Empadadas Norte,Sao Miguel,TRUE,Env,2017,Winter,FALSE
Empadadas Norte,Empadadas Norte,Sao Miguel,TRUE,Env,2018,Autumn,FALSE
Empadadas Norte,Empadadas Norte,Sao Miguel,TRUE,Env,2018,Spring,TRUE
Empadadas Norte,Empadadas Norte,Sao Miguel,TRUE,Env,2018,Summer,FALSE
Empadadas Norte,Empadadas Norte,Sao Miguel,TRUE,Env,2018,Winter,FALSE
Empadadas Norte,Empadadas Norte,Sao Miguel,TRUE,Env,2019,Autumn,FALSE
Empadadas Norte,Empadadas Norte,Sao Miguel,TRUE,Env,2019,Spring,FALSE
Empadadas Norte,Empadadas Norte,Sao Miguel,TRUE,Env,2019,Summer,FALSE
Empadadas Norte,Empadadas Norte,Sao Miguel,TRUE,Env,2019,Winter,FALSE
Empadadas Norte,Empadadas Norte,Sao Miguel,TRUE,Env,2020,Autumn,FALSE
Empadadas Norte,Empadadas Norte,Sao Miguel,TRUE,Env,2020,Spring,FALSE
Empadadas Norte,Empadadas Norte,Sao Miguel,TRUE,Env,2020,Summer,FALSE
Empadadas Norte,Empadadas Norte,Sao Miguel,TRUE,Env,2020,Winter,FALSE
Empadadas Norte,Empadadas Norte,Sao Miguel,TRUE,Env,2021,Autumn,FALSE
Empadadas Norte,Empadadas Norte,Sao Miguel,TRUE,Env,2021,Spring,FALSE
Empadadas Norte,Empadadas Norte,Sao Miguel,TRUE,Env,2021,Summer,FALSE
Empadadas Norte,Empadadas Norte,Sao Miguel,TRUE,Env,2021,Winter,FALSE
Empadadas Norte,Empadadas Norte,Sao Miguel,TRUE,Env,2022,Autumn,FALSE
Empadadas Norte,Empadadas Norte,Sao Miguel,TRUE,Env,2022,Spring,FALSE
Empadadas Norte,Empadadas Norte,Sao Miguel,TRUE,Env,2022,Summer,FALSE
Empadadas Norte,Empadadas Norte,Sao Miguel,TRUE,Env,2022,Winter,FALSE
Empadadas Norte,Empadadas Norte,Sao Miguel,TRUE,Env,2023,Autumn,FALSE
Empadadas Norte,Empadadas Norte,Sao Miguel,TRUE,Env,2023,Spring,FALSE
Empadadas Norte,Empadadas Norte,Sao Miguel,TRUE,Env,2023,Summer,FALSE
Empadadas Norte,Empadadas Norte,Sao Miguel,TRUE,Env,2023,Winter,FALSE
Empadadas Norte,Empadadas Norte,Sao Miguel,TRUE,Env,2024,Autumn,TRUE
Empadadas Norte,Empadadas Norte,Sao Miguel,TRUE,Env,2024,Spring,TRUE
Empadadas Norte,Empadadas Norte,Sao Miguel,TRUE,Env,2024,Summer,TRUE
Empadadas Norte,Empadadas Norte,Sao Miguel,TRUE,Env,2024,Winter,TRUE
Empadadas Norte,Empadadas Norte,Sao Miguel,TRUE,Env,2025,Autumn,TRUE
Empadadas Norte,Empadadas Norte,Sao Miguel,TRUE,Env,2025,Spring,TRUE
Empadadas Norte,Empadadas Norte,Sao Miguel,TRUE,Env,2025,Summer,TRUE
Empadadas Norte,Empadadas Norte,Sao Miguel,TRUE,Env,2025,Winter,TRUE
Empadadas Norte,Empadadas Norte,Sao Miguel,TRUE,Macro,2003,Autumn,TRUE
Empadadas Norte,Empadadas Norte,Sao Miguel,TRUE,Macro,2003,Spring,FALSE
Empadadas Norte,Empadadas Norte,Sao Miguel,TRUE,Macro,2003,Summer,FALSE
Empadadas Norte,Empadadas Norte,Sao Miguel,TRUE,Macro,2003,Winter,FALSE
Empadadas Norte,Empadadas Norte,Sao Miguel,TRUE,Macro,2004,Autumn,FALSE
Empadadas Norte,Empadadas Norte,Sao Miguel,TRUE,Macro,2004,Spring,TRUE
Empadadas Norte,Empadadas Norte,Sao Miguel,TRUE,Macro,2004,Summer,TRUE
Empadadas Norte,Empadadas Norte,Sao Miguel,TRUE,Macro,2004,Winter,TRUE
Empadadas Norte,Empadadas Norte,Sao Miguel,TRUE,Macro,2005,Autumn,FALSE
Empadadas Norte,Empadadas Norte,Sao Miguel,TRUE,Macro,2005,Spring,FALSE
Empadadas Norte,Empadadas Norte,Sao Miguel,TRUE,Macro,2005,Summer,TRUE
Empadadas Norte,Empadadas Norte,Sao Miguel,TRUE,Macro,2005,Winter,TRUE
Empadadas Norte,Empadadas Norte,Sao Miguel,TRUE,Macro,2006,Autumn,FALSE
Empadadas Norte,Empadadas Norte,Sao Miguel,TRUE,Macro,2006,Spring,TRUE
Empadadas Norte,Empadadas Norte,Sao Miguel,TRUE,Macro,2006,Summer,FALSE
Empadadas Norte,Empadadas Norte,Sao Miguel,TRUE,Macro,2006,Winter,TRUE
Empadadas Norte,Empadadas Norte,Sao Miguel,TRUE,Macro,2007,Autumn,FALSE
Empadadas Norte,Empadadas Norte,Sao Miguel,TRUE,Macro,2007,Spring,FALSE
Empadadas Norte,Empadadas Norte,Sao Miguel,TRUE,Macro,2007,Summer,FALSE
Empadadas Norte,Empadadas Norte,Sao Miguel,TRUE,Macro,2007,Winter,FALSE
Empadadas Norte,Empadadas Norte,Sao Miguel,TRUE,Macro,2008,Autumn,TRUE
Empadadas Norte,Empadadas Norte,Sao Miguel,TRUE,Macro,2008,Spring,TRUE
Empadadas Norte,Empadadas Norte,Sao Miguel,TRUE,Macro,2008,Summer,TRUE
Empadadas Norte,Empadadas Norte,Sao Miguel,TRUE,Macro,2008,Winter,TRUE
Empadadas Norte,Empadadas Norte,Sao Miguel,TRUE,Macro,2009,Autumn,FALSE
Empadadas Norte,Empadadas Norte,Sao Miguel,TRUE,Macro,2009,Spring,FALSE
Empadadas Norte,Empadadas Norte,Sao Miguel,TRUE,Macro,2009,Summer,TRUE
Empadadas Norte,Empadadas Norte,Sao Miguel,TRUE,Macro,2009,Winter,TRUE
Empadadas Norte,Empadadas Norte,Sao Miguel,TRUE,Macro,2010,Autumn,TRUE
Empadadas Norte,Empadadas Norte,Sao Miguel,TRUE,Macro,2010,Spring,TRUE
Empadadas Norte,Empadadas Norte,Sao Miguel,TRUE,Macro,2010,Summer,TRUE
Empadadas Norte,Empadadas Norte,Sao Miguel,TRUE,Macro,2010,Winter,TRUE
Empadadas Norte,Empadadas Norte,Sao Miguel,TRUE,Macro,2011,Autumn,TRUE
Empadadas Norte,Empadadas Norte,Sao Miguel,TRUE,Macro,2011,Spring,TRUE
Empadadas Norte,Empadadas Norte,Sao Miguel,TRUE,Macro,2011,Summer,TRUE
Empadadas Norte,Empadadas Norte,Sao Miguel,TRUE,Macro,2011,Winter,TRUE
Empadadas Norte,Empadadas Norte,Sao Miguel,TRUE,Macro,2012,Autumn,TRUE
Empadadas Norte,Empadadas Norte,Sao Miguel,TRUE,Macro,2012,Spring,TRUE
Empadadas Norte,Empadadas Norte,Sao Miguel,TRUE,Macro,2012,Summer,TRUE
Empadadas Norte,Empadadas Norte,Sao Miguel,TRUE,Macro,2012,Winter,TRUE
Empadadas Norte,Empadadas Norte,Sao Miguel,TRUE,Macro,2013,Autumn,FALSE
Empadadas Norte,Empadadas Norte,Sao Miguel,TRUE,Macro,2013,Spring,FALSE
Empadadas Norte,Empadadas Norte,Sao Miguel,TRUE,Macro,2013,Summer,FALSE
Empadadas Norte,Empadadas Norte,Sao Miguel,TRUE,Macro,2013,Winter,FALSE
Empadadas Norte,Empadadas Norte,Sao Miguel,TRUE,Macro,2014,Autumn,FALSE
Empadadas Norte,Empadadas Norte,Sao Miguel,TRUE,Macro,2014,Spring,FALSE
Empadadas Norte,Empadadas Norte,Sao Miguel,TRUE,Macro,2014,Summer,FALSE
Empadadas Norte,Empadadas Norte,Sao Miguel,TRUE,Macro,2014,Winter,FALSE
Empadadas Norte,Empadadas Norte,Sao Miguel,TRUE,Macro,2015,Autumn,FALSE
Empadadas Norte,Empadadas Norte,Sao Miguel,TRUE,Macro,2015,Spring,FALSE
Empadadas Norte,Empadadas Norte,Sao Miguel,TRUE,Macro,2015,Summer,FALSE
Empadadas Norte,Empadadas Norte,Sao Miguel,TRUE,Macro,2015,Winter,FALSE
Empadadas Norte,Empadadas Norte,Sao Miguel,TRUE,Macro,2016,Autumn,FALSE
Empadadas Norte,Empadadas Norte,Sao Miguel,TRUE,Macro,2016,Spring,FALSE
Empadadas Norte,Empadadas Norte,Sao Miguel,TRUE,Macro,2016,Summer,FALSE
Empadadas Norte,Empadadas Norte,Sao Miguel,TRUE,Macro,2016,Winter,FALSE
Empadadas Norte,Empadadas Norte,Sao Miguel,TRUE,Macro,2017,Autumn,FALSE
Empadadas Norte,Empadadas Norte,Sao Miguel,TRUE,Macro,2017,Spring,FALSE
Empadadas Norte,Empadadas Norte,Sao Miguel,TRUE,Macro,2017,Summer,FALSE
Empadadas Norte,Empadadas Norte,Sao Miguel,TRUE,Macro,2017,Winter,FALSE
Empadadas Norte,Empadadas Norte,Sao Miguel,TRUE,Macro,2018,Autumn,FALSE
Empadadas Norte,Empadadas Norte,Sao Miguel,TRUE,Macro,2018,Spring,TRUE
Empadadas Norte,Empadadas Norte,Sao Miguel,TRUE,Macro,2018,Summer,FALSE
Empadadas Norte,Empadadas Norte,Sao Miguel,TRUE,Macro,2018,Winter,FALSE
Empadadas Norte,Empadadas Norte,Sao Miguel,TRUE,Macro,2019,Autumn,FALSE
Empadadas Norte,Empadadas Norte,Sao Miguel,TRUE,Macro,2019,Spring,FALSE
Empadadas Norte,Empadadas Norte,Sao Miguel,TRUE,Macro,2019,Summer,FALSE
Empadadas Norte,Empadadas Norte,Sao Miguel,TRUE,Macro,2019,Winter,FALSE
Empadadas Norte,Empadadas Norte,Sao Miguel,TRUE,Macro,2020,Autumn,FALSE
Empadadas Norte,Empadadas Norte,Sao Miguel,TRUE,Macro,2020,Spring,FALSE
Empadadas Norte,Empadadas Norte,Sao Miguel,TRUE,Macro,2020,Summer,FALSE
Empadadas Norte,Empadadas Norte,Sao Miguel,TRUE,Macro,2020,Winter,FALSE
Empadadas Norte,Empadadas Norte,Sao Miguel,TRUE,Macro,2021,Autumn,FALSE
Empadadas Norte,Empadadas Norte,Sao Miguel,TRUE,Macro,2021,Spring,FALSE
Empadadas Norte,Empadadas Norte,Sao Miguel,TRUE,Macro,2021,Summer,FALSE
Empadadas Norte,Empadadas Norte,Sao Miguel,TRUE,Macro,2021,Winter,FALSE
Empadadas Norte,Empadadas Norte,Sao Miguel,TRUE,Macro,2022,Autumn,FALSE
Empadadas Norte,Empadadas Norte,Sao Miguel,TRUE,Macro,2022,Spring,FALSE
Empadadas Norte,Empadadas Norte,Sao Miguel,TRUE,Macro,2022,Summer,FALSE
Empadadas Norte,Empadadas Norte,Sao Miguel,TRUE,Macro,2022,Winter,FALSE
Empadadas Norte,Empadadas Norte,Sao Miguel,TRUE,Macro,2023,Autumn,FALSE
Empadadas Norte,Empadadas Norte,Sao Miguel,TRUE,Macro,2023,Spring,FALSE
Empadadas Norte,Empadadas Norte,Sao Miguel,TRUE,Macro,2023,Summer,FALSE
Empadadas Norte,Empadadas Norte,Sao Miguel,TRUE,Macro,2023,Winter,FALSE
Empadadas Norte,Empadadas Norte,Sao Miguel,TRUE,Macro,2024,Autumn,TRUE
Empadadas Norte,Empadadas Norte,Sao Miguel,TRUE,Macro,2024,Spring,TRUE
Empadadas Norte,Empadadas Norte,Sao Miguel,TRUE,Macro,2024,Summer,TRUE
Empadadas Norte,Empadadas Norte,Sao Miguel,TRUE,Macro,2024,Winter,TRUE
Empadadas Norte,Empadadas Norte,Sao Miguel,TRUE,Macro,2025,Autumn,TRUE
Empadadas Norte,Empadadas Norte,Sao Miguel,TRUE,Macro,2025,Spring,TRUE
Empadadas Norte,Empadadas Norte,Sao Miguel,TRUE,Macro,2025,Summer,TRUE
Empadadas Norte,Empadadas Norte,Sao Miguel,TRUE,Macro,2025,Winter,TRUE
Empadadas Norte,Empadadas Norte,Sao Miguel,TRUE,Phyto,2003,Autumn,TRUE
Empadadas Norte,Empadadas Norte,Sao Miguel,TRUE,Phyto,2003,Spring,FALSE
Empadadas Norte,Empadadas Norte,Sao Miguel,TRUE,Phyto,2003,Summer,FALSE
Empadadas Norte,Empadadas Norte,Sao Miguel,TRUE,Phyto,2003,Winter,FALSE
Empadadas Norte,Empadadas Norte,Sao Miguel,TRUE,Phyto,2004,Autumn,FALSE
Empadadas Norte,Empadadas Norte,Sao Miguel,TRUE,Phyto,2004,Spring,TRUE
Empadadas Norte,Empadadas Norte,Sao Miguel,TRUE,Phyto,2004,Summer,TRUE
Empadadas Norte,Empadadas Norte,Sao Miguel,TRUE,Phyto,2004,Winter,TRUE
Empadadas Norte,Empadadas Norte,Sao Miguel,TRUE,Phyto,2005,Autumn,FALSE
Empadadas Norte,Empadadas Norte,Sao Miguel,TRUE,Phyto,2005,Spring,FALSE
Empadadas Norte,Empadadas Norte,Sao Miguel,TRUE,Phyto,2005,Summer,TRUE
Empadadas Norte,Empadadas Norte,Sao Miguel,TRUE,Phyto,2005,Winter,TRUE
Empadadas Norte,Empadadas Norte,Sao Miguel,TRUE,Phyto,2006,Autumn,FALSE
Empadadas Norte,Empadadas Norte,Sao Miguel,TRUE,Phyto,2006,Spring,TRUE
Empadadas Norte,Empadadas Norte,Sao Miguel,TRUE,Phyto,2006,Summer,FALSE
Empadadas Norte,Empadadas Norte,Sao Miguel,TRUE,Phyto,2006,Winter,TRUE
Empadadas Norte,Empadadas Norte,Sao Miguel,TRUE,Phyto,2007,Autumn,FALSE
Empadadas Norte,Empadadas Norte,Sao Miguel,TRUE,Phyto,2007,Spring,FALSE
Empadadas Norte,Empadadas Norte,Sao Miguel,TRUE,Phyto,2007,Summer,FALSE
Empadadas Norte,Empadadas Norte,Sao Miguel,TRUE,Phyto,2007,Winter,TRUE
Empadadas Norte,Empadadas Norte,Sao Miguel,TRUE,Phyto,2008,Autumn,TRUE
Empadadas Norte,Empadadas Norte,Sao Miguel,TRUE,Phyto,2008,Spring,TRUE
Empadadas Norte,Empadadas Norte,Sao Miguel,TRUE,Phyto,2008,Summer,TRUE
Empadadas Norte,Empadadas Norte,Sao Miguel,TRUE,Phyto,2008,Winter,TRUE
Empadadas Norte,Empadadas Norte,Sao Miguel,TRUE,Phyto,2009,Autumn,FALSE
Empadadas Norte,Empadadas Norte,Sao Miguel,TRUE,Phyto,2009,Spring,FALSE
Empadadas Norte,Empadadas Norte,Sao Miguel,TRUE,Phyto,2009,Summer,TRUE
Empadadas Norte,Empadadas Norte,Sao Miguel,TRUE,Phyto,2009,Winter,TRUE
Empadadas Norte,Empadadas Norte,Sao Miguel,TRUE,Phyto,2010,Autumn,TRUE
Empadadas Norte,Empadadas Norte,Sao Miguel,TRUE,Phyto,2010,Spring,TRUE
Empadadas Norte,Empadadas Norte,Sao Miguel,TRUE,Phyto,2010,Summer,TRUE
Empadadas Norte,Empadadas Norte,Sao Miguel,TRUE,Phyto,2010,Winter,TRUE
Empadadas Norte,Empadadas Norte,Sao Miguel,TRUE,Phyto,2011,Autumn,TRUE
Empadadas Norte,Empadadas Norte,Sao Miguel,TRUE,Phyto,2011,Spring,TRUE
Empadadas Norte,Empadadas Norte,Sao Miguel,TRUE,Phyto,2011,Summer,TRUE
Empadadas Norte,Empadadas Norte,Sao Miguel,TRUE,Phyto,2011,Winter,TRUE
Empadadas Norte,Empadadas Norte,Sao Miguel,TRUE,Phyto,2012,Autumn,TRUE
Empadadas Norte,Empadadas Norte,Sao Miguel,TRUE,Phyto,2012,Spring,TRUE
Empadadas Norte,Empadadas Norte,Sao Miguel,TRUE,Phyto,2012,Summer,TRUE
Empadadas Norte,Empadadas Norte,Sao Miguel,TRUE,Phyto,2012,Winter,TRUE
Empadadas Norte,Empadadas Norte,Sao Miguel,TRUE,Phyto,2013,Autumn,FALSE
Empadadas Norte,Empadadas Norte,Sao Miguel,TRUE,Phyto,2013,Spring,FALSE
Empadadas Norte,Empadadas Norte,Sao Miguel,TRUE,Phyto,2013,Summer,FALSE
Empadadas Norte,Empadadas Norte,Sao Miguel,TRUE,Phyto,2013,Winter,FALSE
Empadadas Norte,Empadadas Norte,Sao Miguel,TRUE,Phyto,2014,Autumn,FALSE
Empadadas Norte,Empadadas Norte,Sao Miguel,TRUE,Phyto,2014,Spring,FALSE
Empadadas Norte,Empadadas Norte,Sao Miguel,TRUE,Phyto,2014,Summer,FALSE
Empadadas Norte,Empadadas Norte,Sao Miguel,TRUE,Phyto,2014,Winter,FALSE
Empadadas Norte,Empadadas Norte,Sao Miguel,TRUE,Phyto,2015,Autumn,FALSE
Empadadas Norte,Empadadas Norte,Sao Miguel,TRUE,Phyto,2015,Spring,FALSE
Empadadas Norte,Empadadas Norte,Sao Miguel,TRUE,Phyto,2015,Summer,FALSE
Empadadas Norte,Empadadas Norte,Sao Miguel,TRUE,Phyto,2015,Winter,FALSE
Empadadas Norte,Empadadas Norte,Sao Miguel,TRUE,Phyto,2016,Autumn,FALSE
Empadadas Norte,Empadadas Norte,Sao Miguel,TRUE,Phyto,2016,Spring,FALSE
Empadadas Norte,Empadadas Norte,Sao Miguel,TRUE,Phyto,2016,Summer,FALSE
Empadadas Norte,Empadadas Norte,Sao Miguel,TRUE,Phyto,2016,Winter,FALSE
Empadadas Norte,Empadadas Norte,Sao Miguel,TRUE,Phyto,2017,Autumn,FALSE
Empadadas Norte,Empadadas Norte,Sao Miguel,TRUE,Phyto,2017,Spring,FALSE
Empadadas Norte,Empadadas Norte,Sao Miguel,TRUE,Phyto,2017,Summer,FALSE
Empadadas Norte,Empadadas Norte,Sao Miguel,TRUE,Phyto,2017,Winter,FALSE
Empadadas Norte,Empadadas Norte,Sao Miguel,TRUE,Phyto,2018,Autumn,TRUE
Empadadas Norte,Empadadas Norte,Sao Miguel,TRUE,Phyto,2018,Spring,TRUE
Empadadas Norte,Empadadas Norte,Sao Miguel,TRUE,Phyto,2018,Summer,TRUE
Empadadas Norte,Empadadas Norte,Sao Miguel,TRUE,Phyto,2018,Winter,TRUE
Empadadas Norte,Empadadas Norte,Sao Miguel,TRUE,Phyto,2019,Autumn,FALSE
Empadadas Norte,Empadadas Norte,Sao Miguel,TRUE,Phyto,2019,Spring,FALSE
Empadadas Norte,Empadadas Norte,Sao Miguel,TRUE,Phyto,2019,Summer,FALSE
Empadadas Norte,Empadadas Norte,Sao Miguel,TRUE,Phyto,2019,Winter,FALSE
Empadadas Norte,Empadadas Norte,Sao Miguel,TRUE,Phyto,2020,Autumn,FALSE
Empadadas Norte,Empadadas Norte,Sao Miguel,TRUE,Phyto,2020,Spring,FALSE
Empadadas Norte,Empadadas Norte,Sao Miguel,TRUE,Phyto,2020,Summer,FALSE
Empadadas Norte,Empadadas Norte,Sao Miguel,TRUE,Phyto,2020,Winter,FALSE
Empadadas Norte,Empadadas Norte,Sao Miguel,TRUE,Phyto,2021,Autumn,FALSE
Empadadas Norte,Empadadas Norte,Sao Miguel,TRUE,Phyto,2021,Spring,FALSE
Empadadas Norte,Empadadas Norte,Sao Miguel,TRUE,Phyto,2021,Summer,FALSE
Empadadas Norte,Empadadas Norte,Sao Miguel,TRUE,Phyto,2021,Winter,FALSE
Empadadas Norte,Empadadas Norte,Sao Miguel,TRUE,Phyto,2022,Autumn,FALSE
Empadadas Norte,Empadadas Norte,Sao Miguel,TRUE,Phyto,2022,Spring,FALSE
Empadadas Norte,Empadadas Norte,Sao Miguel,TRUE,Phyto,2022,Summer,FALSE
Empadadas Norte,Empadadas Norte,Sao Miguel,TRUE,Phyto,2022,Winter,FALSE
Empadadas Norte,Empadadas Norte,Sao Miguel,TRUE,Phyto,2023,Autumn,FALSE
Empadadas Norte,Empadadas Norte,Sao Miguel,TRUE,Phyto,2023,Spring,FALSE
Empadadas Norte,Empadadas Norte,Sao Miguel,TRUE,Phyto,2023,Summer,FALSE
Empadadas Norte,Empadadas Norte,Sao Miguel,TRUE,Phyto,2023,Winter,FALSE
Empadadas Norte,Empadadas Norte,Sao Miguel,TRUE,Phyto,2024,Autumn,TRUE
Empadadas Norte,Empadadas Norte,Sao Miguel,TRUE,Phyto,2024,Spring,TRUE
Empadadas Norte,Empadadas Norte,Sao Miguel,TRUE,Phyto,2024,Summer,TRUE
Empadadas Norte,Empadadas Norte,Sao Miguel,TRUE,Phyto,2024,Winter,TRUE
Empadadas Norte,Empadadas Norte,Sao Miguel,TRUE,Phyto,2025,Autumn,TRUE
Empadadas Norte,Empadadas Norte,Sao Miguel,TRUE,Phyto,2025,Spring,TRUE
Empadadas Norte,Empadadas Norte,Sao Miguel,TRUE,Phyto,2025,Summer,TRUE
Empadadas Norte,Empadadas Norte,Sao Miguel,TRUE,Phyto,2025,Winter,TRUE
Empadadas Norte,Empadadas Norte,Sao Miguel,TRUE,Zoo,2003,Autumn,FALSE
Empadadas Norte,Empadadas Norte,Sao Miguel,TRUE,Zoo,2003,Spring,FALSE
Empadadas Norte,Empadadas Norte,Sao Miguel,TRUE,Zoo,2003,Summer,FALSE
Empadadas Norte,Empadadas Norte,Sao Miguel,TRUE,Zoo,2003,Winter,FALSE
Empadadas Norte,Empadadas Norte,Sao Miguel,TRUE,Zoo,2004,Autumn,FALSE
Empadadas Norte,Empadadas Norte,Sao Miguel,TRUE,Zoo,2004,Spring,FALSE
Empadadas Norte,Empadadas Norte,Sao Miguel,TRUE,Zoo,2004,Summer,FALSE
Empadadas Norte,Empadadas Norte,Sao Miguel,TRUE,Zoo,2004,Winter,FALSE
Empadadas Norte,Empadadas Norte,Sao Miguel,TRUE,Zoo,2005,Autumn,FALSE
Empadadas Norte,Empadadas Norte,Sao Miguel,TRUE,Zoo,2005,Spring,FALSE
Empadadas Norte,Empadadas Norte,Sao Miguel,TRUE,Zoo,2005,Summer,FALSE
Empadadas Norte,Empadadas Norte,Sao Miguel,TRUE,Zoo,2005,Winter,FALSE
Empadadas Norte,Empadadas Norte,Sao Miguel,TRUE,Zoo,2006,Autumn,FALSE
Empadadas Norte,Empadadas Norte,Sao Miguel,TRUE,Zoo,2006,Spring,FALSE
Empadadas Norte,Empadadas Norte,Sao Miguel,TRUE,Zoo,2006,Summer,FALSE
Empadadas Norte,Empadadas Norte,Sao Miguel,TRUE,Zoo,2006,Winter,FALSE
Empadadas Norte,Empadadas Norte,Sao Miguel,TRUE,Zoo,2007,Autumn,FALSE
Empadadas Norte,Empadadas Norte,Sao Miguel,TRUE,Zoo,2007,Spring,FALSE
Empadadas Norte,Empadadas Norte,Sao Miguel,TRUE,Zoo,2007,Summer,FALSE
Empadadas Norte,Empadadas Norte,Sao Miguel,TRUE,Zoo,2007,Winter,FALSE
Empadadas Norte,Empadadas Norte,Sao Miguel,TRUE,Zoo,2008,Autumn,FALSE
Empadadas Norte,Empadadas Norte,Sao Miguel,TRUE,Zoo,2008,Spring,FALSE
Empadadas Norte,Empadadas Norte,Sao Miguel,TRUE,Zoo,2008,Summer,FALSE
Empadadas Norte,Empadadas Norte,Sao Miguel,TRUE,Zoo,2008,Winter,FALSE
Empadadas Norte,Empadadas Norte,Sao Miguel,TRUE,Zoo,2009,Autumn,FALSE
Empadadas Norte,Empadadas Norte,Sao Miguel,TRUE,Zoo,2009,Spring,FALSE
Empadadas Norte,Empadadas Norte,Sao Miguel,TRUE,Zoo,2009,Summer,FALSE
Empadadas Norte,Empadadas Norte,Sao Miguel,TRUE,Zoo,2009,Winter,FALSE
Empadadas Norte,Empadadas Norte,Sao Miguel,TRUE,Zoo,2010,Autumn,FALSE
Empadadas Norte,Empadadas Norte,Sao Miguel,TRUE,Zoo,2010,Spring,FALSE
Empadadas Norte,Empadadas Norte,Sao Miguel,TRUE,Zoo,2010,Summer,FALSE
Empadadas Norte,Empadadas Norte,Sao Miguel,TRUE,Zoo,2010,Winter,FALSE
Empadadas Norte,Empadadas Norte,Sao Miguel,TRUE,Zoo,2011,Autumn,FALSE
Empadadas Norte,Empadadas Norte,Sao Miguel,TRUE,Zoo,2011,Spring,FALSE
Empadadas Norte,Empadadas Norte,Sao Miguel,TRUE,Zoo,2011,Summer,TRUE
Empadadas Norte,Empadadas Norte,Sao Miguel,TRUE,Zoo,2011,Winter,FALSE
Empadadas Norte,Empadadas Norte,Sao Miguel,TRUE,Zoo,2012,Autumn,FALSE
Empadadas Norte,Empadadas Norte,Sao Miguel,TRUE,Zoo,2012,Spring,FALSE
Empadadas Norte,Empadadas Norte,Sao Miguel,TRUE,Zoo,2012,Summer,FALSE
Empadadas Norte,Empadadas Norte,Sao Miguel,TRUE,Zoo,2012,Winter,FALSE
Empadadas Norte,Empadadas Norte,Sao Miguel,TRUE,Zoo,2013,Autumn,FALSE
Empadadas Norte,Empadadas Norte,Sao Miguel,TRUE,Zoo,2013,Spring,FALSE
Empadadas Norte,Empadadas Norte,Sao Miguel,TRUE,Zoo,2013,Summer,FALSE
Empadadas Norte,Empadadas Norte,Sao Miguel,TRUE,Zoo,2013,Winter,FALSE
Empadadas Norte,Empadadas Norte,Sao Miguel,TRUE,Zoo,2014,Autumn,FALSE
Empadadas Norte,Empadadas Norte,Sao Miguel,TRUE,Zoo,2014,Spring,FALSE
Empadadas Norte,Empadadas Norte,Sao Miguel,TRUE,Zoo,2014,Summer,FALSE
Empadadas Norte,Empadadas Norte,Sao Miguel,TRUE,Zoo,2014,Winter,FALSE
Empadadas Norte,Empadadas Norte,Sao Miguel,TRUE,Zoo,2015,Autumn,FALSE
Empadadas Norte,Empadadas Norte,Sao Miguel,TRUE,Zoo,2015,Spring,FALSE
Empadadas Norte,Empadadas Norte,Sao Miguel,TRUE,Zoo,2015,Summer,FALSE
Empadadas Norte,Empadadas Norte,Sao Miguel,TRUE,Zoo,2015,Winter,FALSE
Empadadas Norte,Empadadas Norte,Sao Miguel,TRUE,Zoo,2016,Autumn,FALSE
Empadadas Norte,Empadadas Norte,Sao Miguel,TRUE,Zoo,2016,Spring,FALSE
Empadadas Norte,Empadadas Norte,Sao Miguel,TRUE,Zoo,2016,Summer,FALSE
Empadadas Norte,Empadadas Norte,Sao Miguel,TRUE,Zoo,2016,Winter,FALSE
Empadadas Norte,Empadadas Norte,Sao Miguel,TRUE,Zoo,2017,Autumn,FALSE
Empadadas Norte,Empadadas Norte,Sao Miguel,TRUE,Zoo,2017,Spring,FALSE
Empadadas Norte,Empadadas Norte,Sao Miguel,TRUE,Zoo,2017,Summer,FALSE
Empadadas Norte,Empadadas Norte,Sao Miguel,TRUE,Zoo,2017,Winter,FALSE
Empadadas Norte,Empadadas Norte,Sao Miguel,TRUE,Zoo,2018,Autumn,FALSE
Empadadas Norte,Empadadas Norte,Sao Miguel,TRUE,Zoo,2018,Spring,FALSE
Empadadas Norte,Empadadas Norte,Sao Miguel,TRUE,Zoo,2018,Summer,FALSE
Empadadas Norte,Empadadas Norte,Sao Miguel,TRUE,Zoo,2018,Winter,FALSE
Empadadas Norte,Empadadas Norte,Sao Miguel,TRUE,Zoo,2019,Autumn,FALSE
Empadadas Norte,Empadadas Norte,Sao Miguel,TRUE,Zoo,2019,Spring,FALSE
Empadadas Norte,Empadadas Norte,Sao Miguel,TRUE,Zoo,2019,Summer,FALSE
Empadadas Norte,Empadadas Norte,Sao Miguel,TRUE,Zoo,2019,Winter,FALSE
Empadadas Norte,Empadadas Norte,Sao Miguel,TRUE,Zoo,2020,Autumn,FALSE
Empadadas Norte,Empadadas Norte,Sao Miguel,TRUE,Zoo,2020,Spring,FALSE
Empadadas Norte,Empadadas Norte,Sao Miguel,TRUE,Zoo,2020,Summer,FALSE
Empadadas Norte,Empadadas Norte,Sao Miguel,TRUE,Zoo,2020,Winter,FALSE
Empadadas Norte,Empadadas Norte,Sao Miguel,TRUE,Zoo,2021,Autumn,FALSE
Empadadas Norte,Empadadas Norte,Sao Miguel,TRUE,Zoo,2021,Spring,FALSE
Empadadas Norte,Empadadas Norte,Sao Miguel,TRUE,Zoo,2021,Summer,FALSE
Empadadas Norte,Empadadas Norte,Sao Miguel,TRUE,Zoo,2021,Winter,FALSE
Empadadas Norte,Empadadas Norte,Sao Miguel,TRUE,Zoo,2022,Autumn,FALSE
Empadadas Norte,Empadadas Norte,Sao Miguel,TRUE,Zoo,2022,Spring,FALSE
Empadadas Norte,Empadadas Norte,Sao Miguel,TRUE,Zoo,2022,Summer,FALSE
Empadadas Norte,Empadadas Norte,Sao Miguel,TRUE,Zoo,2022,Winter,FALSE
Empadadas Norte,Empadadas Norte,Sao Miguel,TRUE,Zoo,2023,Autumn,FALSE
Empadadas Norte,Empadadas Norte,Sao Miguel,TRUE,Zoo,2023,Spring,FALSE
Empadadas Norte,Empadadas Norte,Sao Miguel,TRUE,Zoo,2023,Summer,FALSE
Empadadas Norte,Empadadas Norte,Sao Miguel,TRUE,Zoo,2023,Winter,FALSE
Empadadas Norte,Empadadas Norte,Sao Miguel,TRUE,Zoo,2024,Autumn,FALSE
Empadadas Norte,Empadadas Norte,Sao Miguel,TRUE,Zoo,2024,Spring,FALSE
Empadadas Norte,Empadadas Norte,Sao Miguel,TRUE,Zoo,2024,Summer,FALSE
Empadadas Norte,Empadadas Norte,Sao Miguel,TRUE,Zoo,2024,Winter,FALSE
Empadadas Norte,Empadadas Norte,Sao Miguel,TRUE,Zoo,2025,Autumn,FALSE
Empadadas Norte,Empadadas Norte,Sao Miguel,TRUE,Zoo,2025,Spring,TRUE
Empadadas Norte,Empadadas Norte,Sao Miguel,TRUE,Zoo,2025,Summer,FALSE
Empadadas Norte,Empadadas Norte,Sao Miguel,TRUE,Zoo,2025,Winter,FALSE
Empadadas Sul,Empadadas Sul,Sao Miguel,TRUE,Diatom,2003,Autumn,TRUE
Empadadas Sul,Empadadas Sul,Sao Miguel,TRUE,Diatom,2003,Spring,FALSE
Empadadas Sul,Empadadas Sul,Sao Miguel,TRUE,Diatom,2003,Summer,FALSE
Empadadas Sul,Empadadas Sul,Sao Miguel,TRUE,Diatom,2003,Winter,FALSE
Empadadas Sul,Empadadas Sul,Sao Miguel,TRUE,Diatom,2004,Autumn,FALSE
Empadadas Sul,Empadadas Sul,Sao Miguel,TRUE,Diatom,2004,Spring,TRUE
Empadadas Sul,Empadadas Sul,Sao Miguel,TRUE,Diatom,2004,Summer,TRUE
Empadadas Sul,Empadadas Sul,Sao Miguel,TRUE,Diatom,2004,Winter,TRUE
Empadadas Sul,Empadadas Sul,Sao Miguel,TRUE,Diatom,2005,Autumn,FALSE
Empadadas Sul,Empadadas Sul,Sao Miguel,TRUE,Diatom,2005,Spring,FALSE
Empadadas Sul,Empadadas Sul,Sao Miguel,TRUE,Diatom,2005,Summer,TRUE
Empadadas Sul,Empadadas Sul,Sao Miguel,TRUE,Diatom,2005,Winter,TRUE
Empadadas Sul,Empadadas Sul,Sao Miguel,TRUE,Diatom,2006,Autumn,FALSE
Empadadas Sul,Empadadas Sul,Sao Miguel,TRUE,Diatom,2006,Spring,TRUE
Empadadas Sul,Empadadas Sul,Sao Miguel,TRUE,Diatom,2006,Summer,TRUE
Empadadas Sul,Empadadas Sul,Sao Miguel,TRUE,Diatom,2006,Winter,TRUE
Empadadas Sul,Empadadas Sul,Sao Miguel,TRUE,Diatom,2007,Autumn,FALSE
Empadadas Sul,Empadadas Sul,Sao Miguel,TRUE,Diatom,2007,Spring,FALSE
Empadadas Sul,Empadadas Sul,Sao Miguel,TRUE,Diatom,2007,Summer,FALSE
Empadadas Sul,Empadadas Sul,Sao Miguel,TRUE,Diatom,2007,Winter,TRUE
Empadadas Sul,Empadadas Sul,Sao Miguel,TRUE,Diatom,2008,Autumn,TRUE
Empadadas Sul,Empadadas Sul,Sao Miguel,TRUE,Diatom,2008,Spring,TRUE
Empadadas Sul,Empadadas Sul,Sao Miguel,TRUE,Diatom,2008,Summer,TRUE
Empadadas Sul,Empadadas Sul,Sao Miguel,TRUE,Diatom,2008,Winter,TRUE
Empadadas Sul,Empadadas Sul,Sao Miguel,TRUE,Diatom,2009,Autumn,TRUE
Empadadas Sul,Empadadas Sul,Sao Miguel,TRUE,Diatom,2009,Spring,FALSE
Empadadas Sul,Empadadas Sul,Sao Miguel,TRUE,Diatom,2009,Summer,FALSE
Empadadas Sul,Empadadas Sul,Sao Miguel,TRUE,Diatom,2009,Winter,TRUE
Empadadas Sul,Empadadas Sul,Sao Miguel,TRUE,Diatom,2010,Autumn,TRUE
Empadadas Sul,Empadadas Sul,Sao Miguel,TRUE,Diatom,2010,Spring,TRUE
Empadadas Sul,Empadadas Sul,Sao Miguel,TRUE,Diatom,2010,Summer,TRUE
Empadadas Sul,Empadadas Sul,Sao Miguel,TRUE,Diatom,2010,Winter,TRUE
Empadadas Sul,Empadadas Sul,Sao Miguel,TRUE,Diatom,2011,Autumn,TRUE
Empadadas Sul,Empadadas Sul,Sao Miguel,TRUE,Diatom,2011,Spring,TRUE
Empadadas Sul,Empadadas Sul,Sao Miguel,TRUE,Diatom,2011,Summer,TRUE
Empadadas Sul,Empadadas Sul,Sao Miguel,TRUE,Diatom,2011,Winter,TRUE
Empadadas Sul,Empadadas Sul,Sao Miguel,TRUE,Diatom,2012,Autumn,TRUE
Empadadas Sul,Empadadas Sul,Sao Miguel,TRUE,Diatom,2012,Spring,TRUE
Empadadas Sul,Empadadas Sul,Sao Miguel,TRUE,Diatom,2012,Summer,TRUE
Empadadas Sul,Empadadas Sul,Sao Miguel,TRUE,Diatom,2012,Winter,TRUE
Empadadas Sul,Empadadas Sul,Sao Miguel,TRUE,Diatom,2013,Autumn,FALSE
Empadadas Sul,Empadadas Sul,Sao Miguel,TRUE,Diatom,2013,Spring,FALSE
Empadadas Sul,Empadadas Sul,Sao Miguel,TRUE,Diatom,2013,Summer,FALSE
Empadadas Sul,Empadadas Sul,Sao Miguel,TRUE,Diatom,2013,Winter,FALSE
Empadadas Sul,Empadadas Sul,Sao Miguel,TRUE,Diatom,2014,Autumn,FALSE
Empadadas Sul,Empadadas Sul,Sao Miguel,TRUE,Diatom,2014,Spring,FALSE
Empadadas Sul,Empadadas Sul,Sao Miguel,TRUE,Diatom,2014,Summer,FALSE
Empadadas Sul,Empadadas Sul,Sao Miguel,TRUE,Diatom,2014,Winter,FALSE
Empadadas Sul,Empadadas Sul,Sao Miguel,TRUE,Diatom,2015,Autumn,TRUE
Empadadas Sul,Empadadas Sul,Sao Miguel,TRUE,Diatom,2015,Spring,FALSE
Empadadas Sul,Empadadas Sul,Sao Miguel,TRUE,Diatom,2015,Summer,FALSE
Empadadas Sul,Empadadas Sul,Sao Miguel,TRUE,Diatom,2015,Winter,FALSE
Empadadas Sul,Empadadas Sul,Sao Miguel,TRUE,Diatom,2016,Autumn,TRUE
Empadadas Sul,Empadadas Sul,Sao Miguel,TRUE,Diatom,2016,Spring,TRUE
Empadadas Sul,Empadadas Sul,Sao Miguel,TRUE,Diatom,2016,Summer,FALSE
Empadadas Sul,Empadadas Sul,Sao Miguel,TRUE,Diatom,2016,Winter,TRUE
Empadadas Sul,Empadadas Sul,Sao Miguel,TRUE,Diatom,2017,Autumn,TRUE
Empadadas Sul,Empadadas Sul,Sao Miguel,TRUE,Diatom,2017,Spring,FALSE
Empadadas Sul,Empadadas Sul,Sao Miguel,TRUE,Diatom,2017,Summer,FALSE
Empadadas Sul,Empadadas Sul,Sao Miguel,TRUE,Diatom,2017,Winter,FALSE
Empadadas Sul,Empadadas Sul,Sao Miguel,TRUE,Diatom,2018,Autumn,FALSE
Empadadas Sul,Empadadas Sul,Sao Miguel,TRUE,Diatom,2018,Spring,TRUE
Empadadas Sul,Empadadas Sul,Sao Miguel,TRUE,Diatom,2018,Summer,TRUE
Empadadas Sul,Empadadas Sul,Sao Miguel,TRUE,Diatom,2018,Winter,TRUE
Empadadas Sul,Empadadas Sul,Sao Miguel,TRUE,Diatom,2019,Autumn,FALSE
Empadadas Sul,Empadadas Sul,Sao Miguel,TRUE,Diatom,2019,Spring,FALSE
Empadadas Sul,Empadadas Sul,Sao Miguel,TRUE,Diatom,2019,Summer,FALSE
Empadadas Sul,Empadadas Sul,Sao Miguel,TRUE,Diatom,2019,Winter,FALSE
Empadadas Sul,Empadadas Sul,Sao Miguel,TRUE,Diatom,2020,Autumn,FALSE
Empadadas Sul,Empadadas Sul,Sao Miguel,TRUE,Diatom,2020,Spring,FALSE
Empadadas Sul,Empadadas Sul,Sao Miguel,TRUE,Diatom,2020,Summer,FALSE
Empadadas Sul,Empadadas Sul,Sao Miguel,TRUE,Diatom,2020,Winter,FALSE
Empadadas Sul,Empadadas Sul,Sao Miguel,TRUE,Diatom,2021,Autumn,FALSE
Empadadas Sul,Empadadas Sul,Sao Miguel,TRUE,Diatom,2021,Spring,FALSE
Empadadas Sul,Empadadas Sul,Sao Miguel,TRUE,Diatom,2021,Summer,FALSE
Empadadas Sul,Empadadas Sul,Sao Miguel,TRUE,Diatom,2021,Winter,FALSE
Empadadas Sul,Empadadas Sul,Sao Miguel,TRUE,Diatom,2022,Autumn,FALSE
Empadadas Sul,Empadadas Sul,Sao Miguel,TRUE,Diatom,2022,Spring,FALSE
Empadadas Sul,Empadadas Sul,Sao Miguel,TRUE,Diatom,2022,Summer,FALSE
Empadadas Sul,Empadadas Sul,Sao Miguel,TRUE,Diatom,2022,Winter,FALSE
Empadadas Sul,Empadadas Sul,Sao Miguel,TRUE,Diatom,2023,Autumn,FALSE
Empadadas Sul,Empadadas Sul,Sao Miguel,TRUE,Diatom,2023,Spring,FALSE
Empadadas Sul,Empadadas Sul,Sao Miguel,TRUE,Diatom,2023,Summer,FALSE
Empadadas Sul,Empadadas Sul,Sao Miguel,TRUE,Diatom,2023,Winter,FALSE
Empadadas Sul,Empadadas Sul,Sao Miguel,TRUE,Diatom,2024,Autumn,TRUE
Empadadas Sul,Empadadas Sul,Sao Miguel,TRUE,Diatom,2024,Spring,TRUE
Empadadas Sul,Empadadas Sul,Sao Miguel,TRUE,Diatom,2024,Summer,TRUE
Empadadas Sul,Empadadas Sul,Sao Miguel,TRUE,Diatom,2024,Winter,TRUE
Empadadas Sul,Empadadas Sul,Sao Miguel,TRUE,Diatom,2025,Autumn,TRUE
Empadadas Sul,Empadadas Sul,Sao Miguel,TRUE,Diatom,2025,Spring,TRUE
Empadadas Sul,Empadadas Sul,Sao Miguel,TRUE,Diatom,2025,Summer,TRUE
Empadadas Sul,Empadadas Sul,Sao Miguel,TRUE,Diatom,2025,Winter,TRUE
Empadadas Sul,Empadadas Sul,Sao Miguel,TRUE,Env,2003,Autumn,TRUE
Empadadas Sul,Empadadas Sul,Sao Miguel,TRUE,Env,2003,Spring,FALSE
Empadadas Sul,Empadadas Sul,Sao Miguel,TRUE,Env,2003,Summer,FALSE
Empadadas Sul,Empadadas Sul,Sao Miguel,TRUE,Env,2003,Winter,FALSE
Empadadas Sul,Empadadas Sul,Sao Miguel,TRUE,Env,2004,Autumn,FALSE
Empadadas Sul,Empadadas Sul,Sao Miguel,TRUE,Env,2004,Spring,TRUE
Empadadas Sul,Empadadas Sul,Sao Miguel,TRUE,Env,2004,Summer,TRUE
Empadadas Sul,Empadadas Sul,Sao Miguel,TRUE,Env,2004,Winter,TRUE
Empadadas Sul,Empadadas Sul,Sao Miguel,TRUE,Env,2005,Autumn,FALSE
Empadadas Sul,Empadadas Sul,Sao Miguel,TRUE,Env,2005,Spring,FALSE
Empadadas Sul,Empadadas Sul,Sao Miguel,TRUE,Env,2005,Summer,TRUE
Empadadas Sul,Empadadas Sul,Sao Miguel,TRUE,Env,2005,Winter,TRUE
Empadadas Sul,Empadadas Sul,Sao Miguel,TRUE,Env,2006,Autumn,FALSE
Empadadas Sul,Empadadas Sul,Sao Miguel,TRUE,Env,2006,Spring,TRUE
Empadadas Sul,Empadadas Sul,Sao Miguel,TRUE,Env,2006,Summer,TRUE
Empadadas Sul,Empadadas Sul,Sao Miguel,TRUE,Env,2006,Winter,TRUE
Empadadas Sul,Empadadas Sul,Sao Miguel,TRUE,Env,2007,Autumn,FALSE
Empadadas Sul,Empadadas Sul,Sao Miguel,TRUE,Env,2007,Spring,TRUE
Empadadas Sul,Empadadas Sul,Sao Miguel,TRUE,Env,2007,Summer,FALSE
Empadadas Sul,Empadadas Sul,Sao Miguel,TRUE,Env,2007,Winter,TRUE
Empadadas Sul,Empadadas Sul,Sao Miguel,TRUE,Env,2008,Autumn,TRUE
Empadadas Sul,Empadadas Sul,Sao Miguel,TRUE,Env,2008,Spring,TRUE
Empadadas Sul,Empadadas Sul,Sao Miguel,TRUE,Env,2008,Summer,TRUE
Empadadas Sul,Empadadas Sul,Sao Miguel,TRUE,Env,2008,Winter,TRUE
Empadadas Sul,Empadadas Sul,Sao Miguel,TRUE,Env,2009,Autumn,FALSE
Empadadas Sul,Empadadas Sul,Sao Miguel,TRUE,Env,2009,Spring,FALSE
Empadadas Sul,Empadadas Sul,Sao Miguel,TRUE,Env,2009,Summer,FALSE
Empadadas Sul,Empadadas Sul,Sao Miguel,TRUE,Env,2009,Winter,FALSE
Empadadas Sul,Empadadas Sul,Sao Miguel,TRUE,Env,2010,Autumn,TRUE
Empadadas Sul,Empadadas Sul,Sao Miguel,TRUE,Env,2010,Spring,TRUE
Empadadas Sul,Empadadas Sul,Sao Miguel,TRUE,Env,2010,Summer,TRUE
Empadadas Sul,Empadadas Sul,Sao Miguel,TRUE,Env,2010,Winter,TRUE
Empadadas Sul,Empadadas Sul,Sao Miguel,TRUE,Env,2011,Autumn,TRUE
Empadadas Sul,Empadadas Sul,Sao Miguel,TRUE,Env,2011,Spring,TRUE
Empadadas Sul,Empadadas Sul,Sao Miguel,TRUE,Env,2011,Summer,TRUE
Empadadas Sul,Empadadas Sul,Sao Miguel,TRUE,Env,2011,Winter,TRUE
Empadadas Sul,Empadadas Sul,Sao Miguel,TRUE,Env,2012,Autumn,TRUE
Empadadas Sul,Empadadas Sul,Sao Miguel,TRUE,Env,2012,Spring,TRUE
Empadadas Sul,Empadadas Sul,Sao Miguel,TRUE,Env,2012,Summer,TRUE
Empadadas Sul,Empadadas Sul,Sao Miguel,TRUE,Env,2012,Winter,TRUE
Empadadas Sul,Empadadas Sul,Sao Miguel,TRUE,Env,2013,Autumn,FALSE
Empadadas Sul,Empadadas Sul,Sao Miguel,TRUE,Env,2013,Spring,FALSE
Empadadas Sul,Empadadas Sul,Sao Miguel,TRUE,Env,2013,Summer,FALSE
Empadadas Sul,Empadadas Sul,Sao Miguel,TRUE,Env,2013,Winter,FALSE
Empadadas Sul,Empadadas Sul,Sao Miguel,TRUE,Env,2014,Autumn,FALSE
Empadadas Sul,Empadadas Sul,Sao Miguel,TRUE,Env,2014,Spring,FALSE
Empadadas Sul,Empadadas Sul,Sao Miguel,TRUE,Env,2014,Summer,FALSE
Empadadas Sul,Empadadas Sul,Sao Miguel,TRUE,Env,2014,Winter,FALSE
Empadadas Sul,Empadadas Sul,Sao Miguel,TRUE,Env,2015,Autumn,FALSE
Empadadas Sul,Empadadas Sul,Sao Miguel,TRUE,Env,2015,Spring,FALSE
Empadadas Sul,Empadadas Sul,Sao Miguel,TRUE,Env,2015,Summer,FALSE
Empadadas Sul,Empadadas Sul,Sao Miguel,TRUE,Env,2015,Winter,FALSE
Empadadas Sul,Empadadas Sul,Sao Miguel,TRUE,Env,2016,Autumn,FALSE
Empadadas Sul,Empadadas Sul,Sao Miguel,TRUE,Env,2016,Spring,FALSE
Empadadas Sul,Empadadas Sul,Sao Miguel,TRUE,Env,2016,Summer,FALSE
Empadadas Sul,Empadadas Sul,Sao Miguel,TRUE,Env,2016,Winter,FALSE
Empadadas Sul,Empadadas Sul,Sao Miguel,TRUE,Env,2017,Autumn,FALSE
Empadadas Sul,Empadadas Sul,Sao Miguel,TRUE,Env,2017,Spring,FALSE
Empadadas Sul,Empadadas Sul,Sao Miguel,TRUE,Env,2017,Summer,FALSE
Empadadas Sul,Empadadas Sul,Sao Miguel,TRUE,Env,2017,Winter,FALSE
Empadadas Sul,Empadadas Sul,Sao Miguel,TRUE,Env,2018,Autumn,FALSE
Empadadas Sul,Empadadas Sul,Sao Miguel,TRUE,Env,2018,Spring,TRUE
Empadadas Sul,Empadadas Sul,Sao Miguel,TRUE,Env,2018,Summer,FALSE
Empadadas Sul,Empadadas Sul,Sao Miguel,TRUE,Env,2018,Winter,FALSE
Empadadas Sul,Empadadas Sul,Sao Miguel,TRUE,Env,2019,Autumn,FALSE
Empadadas Sul,Empadadas Sul,Sao Miguel,TRUE,Env,2019,Spring,FALSE
Empadadas Sul,Empadadas Sul,Sao Miguel,TRUE,Env,2019,Summer,FALSE
Empadadas Sul,Empadadas Sul,Sao Miguel,TRUE,Env,2019,Winter,FALSE
Empadadas Sul,Empadadas Sul,Sao Miguel,TRUE,Env,2020,Autumn,FALSE
Empadadas Sul,Empadadas Sul,Sao Miguel,TRUE,Env,2020,Spring,FALSE
Empadadas Sul,Empadadas Sul,Sao Miguel,TRUE,Env,2020,Summer,FALSE
Empadadas Sul,Empadadas Sul,Sao Miguel,TRUE,Env,2020,Winter,FALSE
Empadadas Sul,Empadadas Sul,Sao Miguel,TRUE,Env,2021,Autumn,FALSE
Empadadas Sul,Empadadas Sul,Sao Miguel,TRUE,Env,2021,Spring,FALSE
Empadadas Sul,Empadadas Sul,Sao Miguel,TRUE,Env,2021,Summer,FALSE
Empadadas Sul,Empadadas Sul,Sao Miguel,TRUE,Env,2021,Winter,FALSE
Empadadas Sul,Empadadas Sul,Sao Miguel,TRUE,Env,2022,Autumn,FALSE
Empadadas Sul,Empadadas Sul,Sao Miguel,TRUE,Env,2022,Spring,FALSE
Empadadas Sul,Empadadas Sul,Sao Miguel,TRUE,Env,2022,Summer,FALSE
Empadadas Sul,Empadadas Sul,Sao Miguel,TRUE,Env,2022,Winter,FALSE
Empadadas Sul,Empadadas Sul,Sao Miguel,TRUE,Env,2023,Autumn,FALSE
Empadadas Sul,Empadadas Sul,Sao Miguel,TRUE,Env,2023,Spring,FALSE
Empadadas Sul,Empadadas Sul,Sao Miguel,TRUE,Env,2023,Summer,FALSE
Empadadas Sul,Empadadas Sul,Sao Miguel,TRUE,Env,2023,Winter,FALSE
Empadadas Sul,Empadadas Sul,Sao Miguel,TRUE,Env,2024,Autumn,TRUE
Empadadas Sul,Empadadas Sul,Sao Miguel,TRUE,Env,2024,Spring,TRUE
Empadadas Sul,Empadadas Sul,Sao Miguel,TRUE,Env,2024,Summer,TRUE
Empadadas Sul,Empadadas Sul,Sao Miguel,TRUE,Env,2024,Winter,TRUE
Empadadas Sul,Empadadas Sul,Sao Miguel,TRUE,Env,2025,Autumn,TRUE
Empadadas Sul,Empadadas Sul,Sao Miguel,TRUE,Env,2025,Spring,TRUE
Empadadas Sul,Empadadas Sul,Sao Miguel,TRUE,Env,2025,Summer,TRUE
Empadadas Sul,Empadadas Sul,Sao Miguel,TRUE,Env,2025,Winter,TRUE
Empadadas Sul,Empadadas Sul,Sao Miguel,TRUE,Macro,2003,Autumn,TRUE
Empadadas Sul,Empadadas Sul,Sao Miguel,TRUE,Macro,2003,Spring,FALSE
Empadadas Sul,Empadadas Sul,Sao Miguel,TRUE,Macro,2003,Summer,FALSE
Empadadas Sul,Empadadas Sul,Sao Miguel,TRUE,Macro,2003,Winter,FALSE
Empadadas Sul,Empadadas Sul,Sao Miguel,TRUE,Macro,2004,Autumn,FALSE
Empadadas Sul,Empadadas Sul,Sao Miguel,TRUE,Macro,2004,Spring,TRUE
Empadadas Sul,Empadadas Sul,Sao Miguel,TRUE,Macro,2004,Summer,TRUE
Empadadas Sul,Empadadas Sul,Sao Miguel,TRUE,Macro,2004,Winter,TRUE
Empadadas Sul,Empadadas Sul,Sao Miguel,TRUE,Macro,2005,Autumn,FALSE
Empadadas Sul,Empadadas Sul,Sao Miguel,TRUE,Macro,2005,Spring,FALSE
Empadadas Sul,Empadadas Sul,Sao Miguel,TRUE,Macro,2005,Summer,TRUE
Empadadas Sul,Empadadas Sul,Sao Miguel,TRUE,Macro,2005,Winter,TRUE
Empadadas Sul,Empadadas Sul,Sao Miguel,TRUE,Macro,2006,Autumn,FALSE
Empadadas Sul,Empadadas Sul,Sao Miguel,TRUE,Macro,2006,Spring,TRUE
Empadadas Sul,Empadadas Sul,Sao Miguel,TRUE,Macro,2006,Summer,FALSE
Empadadas Sul,Empadadas Sul,Sao Miguel,TRUE,Macro,2006,Winter,FALSE
Empadadas Sul,Empadadas Sul,Sao Miguel,TRUE,Macro,2007,Autumn,FALSE
Empadadas Sul,Empadadas Sul,Sao Miguel,TRUE,Macro,2007,Spring,FALSE
Empadadas Sul,Empadadas Sul,Sao Miguel,TRUE,Macro,2007,Summer,FALSE
Empadadas Sul,Empadadas Sul,Sao Miguel,TRUE,Macro,2007,Winter,FALSE
Empadadas Sul,Empadadas Sul,Sao Miguel,TRUE,Macro,2008,Autumn,TRUE
Empadadas Sul,Empadadas Sul,Sao Miguel,TRUE,Macro,2008,Spring,TRUE
Empadadas Sul,Empadadas Sul,Sao Miguel,TRUE,Macro,2008,Summer,TRUE
Empadadas Sul,Empadadas Sul,Sao Miguel,TRUE,Macro,2008,Winter,TRUE
Empadadas Sul,Empadadas Sul,Sao Miguel,TRUE,Macro,2009,Autumn,FALSE
Empadadas Sul,Empadadas Sul,Sao Miguel,TRUE,Macro,2009,Spring,FALSE
Empadadas Sul,Empadadas Sul,Sao Miguel,TRUE,Macro,2009,Summer,TRUE
Empadadas Sul,Empadadas Sul,Sao Miguel,TRUE,Macro,2009,Winter,TRUE
Empadadas Sul,Empadadas Sul,Sao Miguel,TRUE,Macro,2010,Autumn,TRUE
Empadadas Sul,Empadadas Sul,Sao Miguel,TRUE,Macro,2010,Spring,TRUE
Empadadas Sul,Empadadas Sul,Sao Miguel,TRUE,Macro,2010,Summer,TRUE
Empadadas Sul,Empadadas Sul,Sao Miguel,TRUE,Macro,2010,Winter,TRUE
Empadadas Sul,Empadadas Sul,Sao Miguel,TRUE,Macro,2011,Autumn,TRUE
Empadadas Sul,Empadadas Sul,Sao Miguel,TRUE,Macro,2011,Spring,TRUE
Empadadas Sul,Empadadas Sul,Sao Miguel,TRUE,Macro,2011,Summer,TRUE
Empadadas Sul,Empadadas Sul,Sao Miguel,TRUE,Macro,2011,Winter,TRUE
Empadadas Sul,Empadadas Sul,Sao Miguel,TRUE,Macro,2012,Autumn,TRUE
Empadadas Sul,Empadadas Sul,Sao Miguel,TRUE,Macro,2012,Spring,TRUE
Empadadas Sul,Empadadas Sul,Sao Miguel,TRUE,Macro,2012,Summer,TRUE
Empadadas Sul,Empadadas Sul,Sao Miguel,TRUE,Macro,2012,Winter,TRUE
Empadadas Sul,Empadadas Sul,Sao Miguel,TRUE,Macro,2013,Autumn,FALSE
Empadadas Sul,Empadadas Sul,Sao Miguel,TRUE,Macro,2013,Spring,FALSE
Empadadas Sul,Empadadas Sul,Sao Miguel,TRUE,Macro,2013,Summer,FALSE
Empadadas Sul,Empadadas Sul,Sao Miguel,TRUE,Macro,2013,Winter,FALSE
Empadadas Sul,Empadadas Sul,Sao Miguel,TRUE,Macro,2014,Autumn,FALSE
Empadadas Sul,Empadadas Sul,Sao Miguel,TRUE,Macro,2014,Spring,FALSE
Empadadas Sul,Empadadas Sul,Sao Miguel,TRUE,Macro,2014,Summer,FALSE
Empadadas Sul,Empadadas Sul,Sao Miguel,TRUE,Macro,2014,Winter,FALSE
Empadadas Sul,Empadadas Sul,Sao Miguel,TRUE,Macro,2015,Autumn,FALSE
Empadadas Sul,Empadadas Sul,Sao Miguel,TRUE,Macro,2015,Spring,FALSE
Empadadas Sul,Empadadas Sul,Sao Miguel,TRUE,Macro,2015,Summer,FALSE
Empadadas Sul,Empadadas Sul,Sao Miguel,TRUE,Macro,2015,Winter,FALSE
Empadadas Sul,Empadadas Sul,Sao Miguel,TRUE,Macro,2016,Autumn,FALSE
Empadadas Sul,Empadadas Sul,Sao Miguel,TRUE,Macro,2016,Spring,FALSE
Empadadas Sul,Empadadas Sul,Sao Miguel,TRUE,Macro,2016,Summer,FALSE
Empadadas Sul,Empadadas Sul,Sao Miguel,TRUE,Macro,2016,Winter,FALSE
Empadadas Sul,Empadadas Sul,Sao Miguel,TRUE,Macro,2017,Autumn,FALSE
Empadadas Sul,Empadadas Sul,Sao Miguel,TRUE,Macro,2017,Spring,FALSE
Empadadas Sul,Empadadas Sul,Sao Miguel,TRUE,Macro,2017,Summer,FALSE
Empadadas Sul,Empadadas Sul,Sao Miguel,TRUE,Macro,2017,Winter,FALSE
Empadadas Sul,Empadadas Sul,Sao Miguel,TRUE,Macro,2018,Autumn,FALSE
Empadadas Sul,Empadadas Sul,Sao Miguel,TRUE,Macro,2018,Spring,TRUE
Empadadas Sul,Empadadas Sul,Sao Miguel,TRUE,Macro,2018,Summer,FALSE
Empadadas Sul,Empadadas Sul,Sao Miguel,TRUE,Macro,2018,Winter,FALSE
Empadadas Sul,Empadadas Sul,Sao Miguel,TRUE,Macro,2019,Autumn,FALSE
Empadadas Sul,Empadadas Sul,Sao Miguel,TRUE,Macro,2019,Spring,FALSE
Empadadas Sul,Empadadas Sul,Sao Miguel,TRUE,Macro,2019,Summer,FALSE
Empadadas Sul,Empadadas Sul,Sao Miguel,TRUE,Macro,2019,Winter,FALSE
Empadadas Sul,Empadadas Sul,Sao Miguel,TRUE,Macro,2020,Autumn,FALSE
Empadadas Sul,Empadadas Sul,Sao Miguel,TRUE,Macro,2020,Spring,FALSE
Empadadas Sul,Empadadas Sul,Sao Miguel,TRUE,Macro,2020,Summer,FALSE
Empadadas Sul,Empadadas Sul,Sao Miguel,TRUE,Macro,2020,Winter,FALSE
Empadadas Sul,Empadadas Sul,Sao Miguel,TRUE,Macro,2021,Autumn,FALSE
Empadadas Sul,Empadadas Sul,Sao Miguel,TRUE,Macro,2021,Spring,FALSE
Empadadas Sul,Empadadas Sul,Sao Miguel,TRUE,Macro,2021,Summer,FALSE
Empadadas Sul,Empadadas Sul,Sao Miguel,TRUE,Macro,2021,Winter,FALSE
Empadadas Sul,Empadadas Sul,Sao Miguel,TRUE,Macro,2022,Autumn,FALSE
Empadadas Sul,Empadadas Sul,Sao Miguel,TRUE,Macro,2022,Spring,FALSE
Empadadas Sul,Empadadas Sul,Sao Miguel,TRUE,Macro,2022,Summer,FALSE
Empadadas Sul,Empadadas Sul,Sao Miguel,TRUE,Macro,2022,Winter,FALSE
Empadadas Sul,Empadadas Sul,Sao Miguel,TRUE,Macro,2023,Autumn,FALSE
Empadadas Sul,Empadadas Sul,Sao Miguel,TRUE,Macro,2023,Spring,FALSE
Empadadas Sul,Empadadas Sul,Sao Miguel,TRUE,Macro,2023,Summer,FALSE
Empadadas Sul,Empadadas Sul,Sao Miguel,TRUE,Macro,2023,Winter,FALSE
Empadadas Sul,Empadadas Sul,Sao Miguel,TRUE,Macro,2024,Autumn,TRUE
Empadadas Sul,Empadadas Sul,Sao Miguel,TRUE,Macro,2024,Spring,TRUE
Empadadas Sul,Empadadas Sul,Sao Miguel,TRUE,Macro,2024,Summer,TRUE
Empadadas Sul,Empadadas Sul,Sao Miguel,TRUE,Macro,2024,Winter,TRUE
Empadadas Sul,Empadadas Sul,Sao Miguel,TRUE,Macro,2025,Autumn,TRUE
Empadadas Sul,Empadadas Sul,Sao Miguel,TRUE,Macro,2025,Spring,TRUE
Empadadas Sul,Empadadas Sul,Sao Miguel,TRUE,Macro,2025,Summer,TRUE
Empadadas Sul,Empadadas Sul,Sao Miguel,TRUE,Macro,2025,Winter,TRUE
Empadadas Sul,Empadadas Sul,Sao Miguel,TRUE,Phyto,2003,Autumn,TRUE
Empadadas Sul,Empadadas Sul,Sao Miguel,TRUE,Phyto,2003,Spring,FALSE
Empadadas Sul,Empadadas Sul,Sao Miguel,TRUE,Phyto,2003,Summer,FALSE
Empadadas Sul,Empadadas Sul,Sao Miguel,TRUE,Phyto,2003,Winter,FALSE
Empadadas Sul,Empadadas Sul,Sao Miguel,TRUE,Phyto,2004,Autumn,FALSE
Empadadas Sul,Empadadas Sul,Sao Miguel,TRUE,Phyto,2004,Spring,TRUE
Empadadas Sul,Empadadas Sul,Sao Miguel,TRUE,Phyto,2004,Summer,TRUE
Empadadas Sul,Empadadas Sul,Sao Miguel,TRUE,Phyto,2004,Winter,TRUE
Empadadas Sul,Empadadas Sul,Sao Miguel,TRUE,Phyto,2005,Autumn,FALSE
Empadadas Sul,Empadadas Sul,Sao Miguel,TRUE,Phyto,2005,Spring,FALSE
Empadadas Sul,Empadadas Sul,Sao Miguel,TRUE,Phyto,2005,Summer,TRUE
Empadadas Sul,Empadadas Sul,Sao Miguel,TRUE,Phyto,2005,Winter,TRUE
Empadadas Sul,Empadadas Sul,Sao Miguel,TRUE,Phyto,2006,Autumn,FALSE
Empadadas Sul,Empadadas Sul,Sao Miguel,TRUE,Phyto,2006,Spring,TRUE
Empadadas Sul,Empadadas Sul,Sao Miguel,TRUE,Phyto,2006,Summer,FALSE
Empadadas Sul,Empadadas Sul,Sao Miguel,TRUE,Phyto,2006,Winter,TRUE
Empadadas Sul,Empadadas Sul,Sao Miguel,TRUE,Phyto,2007,Autumn,FALSE
Empadadas Sul,Empadadas Sul,Sao Miguel,TRUE,Phyto,2007,Spring,FALSE
Empadadas Sul,Empadadas Sul,Sao Miguel,TRUE,Phyto,2007,Summer,FALSE
Empadadas Sul,Empadadas Sul,Sao Miguel,TRUE,Phyto,2007,Winter,TRUE
Empadadas Sul,Empadadas Sul,Sao Miguel,TRUE,Phyto,2008,Autumn,TRUE
Empadadas Sul,Empadadas Sul,Sao Miguel,TRUE,Phyto,2008,Spring,TRUE
Empadadas Sul,Empadadas Sul,Sao Miguel,TRUE,Phyto,2008,Summer,TRUE
Empadadas Sul,Empadadas Sul,Sao Miguel,TRUE,Phyto,2008,Winter,TRUE
Empadadas Sul,Empadadas Sul,Sao Miguel,TRUE,Phyto,2009,Autumn,FALSE
Empadadas Sul,Empadadas Sul,Sao Miguel,TRUE,Phyto,2009,Spring,FALSE
Empadadas Sul,Empadadas Sul,Sao Miguel,TRUE,Phyto,2009,Summer,TRUE
Empadadas Sul,Empadadas Sul,Sao Miguel,TRUE,Phyto,2009,Winter,TRUE
Empadadas Sul,Empadadas Sul,Sao Miguel,TRUE,Phyto,2010,Autumn,TRUE
Empadadas Sul,Empadadas Sul,Sao Miguel,TRUE,Phyto,2010,Spring,TRUE
Empadadas Sul,Empadadas Sul,Sao Miguel,TRUE,Phyto,2010,Summer,TRUE
Empadadas Sul,Empadadas Sul,Sao Miguel,TRUE,Phyto,2010,Winter,TRUE
Empadadas Sul,Empadadas Sul,Sao Miguel,TRUE,Phyto,2011,Autumn,TRUE
Empadadas Sul,Empadadas Sul,Sao Miguel,TRUE,Phyto,2011,Spring,TRUE
Empadadas Sul,Empadadas Sul,Sao Miguel,TRUE,Phyto,2011,Summer,TRUE
Empadadas Sul,Empadadas Sul,Sao Miguel,TRUE,Phyto,2011,Winter,TRUE
Empadadas Sul,Empadadas Sul,Sao Miguel,TRUE,Phyto,2012,Autumn,TRUE
Empadadas Sul,Empadadas Sul,Sao Miguel,TRUE,Phyto,2012,Spring,TRUE
Empadadas Sul,Empadadas Sul,Sao Miguel,TRUE,Phyto,2012,Summer,TRUE
Empadadas Sul,Empadadas Sul,Sao Miguel,TRUE,Phyto,2012,Winter,TRUE
Empadadas Sul,Empadadas Sul,Sao Miguel,TRUE,Phyto,2013,Autumn,FALSE
Empadadas Sul,Empadadas Sul,Sao Miguel,TRUE,Phyto,2013,Spring,FALSE
Empadadas Sul,Empadadas Sul,Sao Miguel,TRUE,Phyto,2013,Summer,FALSE
Empadadas Sul,Empadadas Sul,Sao Miguel,TRUE,Phyto,2013,Winter,FALSE
Empadadas Sul,Empadadas Sul,Sao Miguel,TRUE,Phyto,2014,Autumn,FALSE
Empadadas Sul,Empadadas Sul,Sao Miguel,TRUE,Phyto,2014,Spring,FALSE
Empadadas Sul,Empadadas Sul,Sao Miguel,TRUE,Phyto,2014,Summer,FALSE
Empadadas Sul,Empadadas Sul,Sao Miguel,TRUE,Phyto,2014,Winter,FALSE
Empadadas Sul,Empadadas Sul,Sao Miguel,TRUE,Phyto,2015,Autumn,FALSE
Empadadas Sul,Empadadas Sul,Sao Miguel,TRUE,Phyto,2015,Spring,FALSE
Empadadas Sul,Empadadas Sul,Sao Miguel,TRUE,Phyto,2015,Summer,FALSE
Empadadas Sul,Empadadas Sul,Sao Miguel,TRUE,Phyto,2015,Winter,FALSE
Empadadas Sul,Empadadas Sul,Sao Miguel,TRUE,Phyto,2016,Autumn,FALSE
Empadadas Sul,Empadadas Sul,Sao Miguel,TRUE,Phyto,2016,Spring,FALSE
Empadadas Sul,Empadadas Sul,Sao Miguel,TRUE,Phyto,2016,Summer,FALSE
Empadadas Sul,Empadadas Sul,Sao Miguel,TRUE,Phyto,2016,Winter,FALSE
Empadadas Sul,Empadadas Sul,Sao Miguel,TRUE,Phyto,2017,Autumn,FALSE
Empadadas Sul,Empadadas Sul,Sao Miguel,TRUE,Phyto,2017,Spring,FALSE
Empadadas Sul,Empadadas Sul,Sao Miguel,TRUE,Phyto,2017,Summer,FALSE
Empadadas Sul,Empadadas Sul,Sao Miguel,TRUE,Phyto,2017,Winter,FALSE
Empadadas Sul,Empadadas Sul,Sao Miguel,TRUE,Phyto,2018,Autumn,TRUE
Empadadas Sul,Empadadas Sul,Sao Miguel,TRUE,Phyto,2018,Spring,TRUE
Empadadas Sul,Empadadas Sul,Sao Miguel,TRUE,Phyto,2018,Summer,TRUE
Empadadas Sul,Empadadas Sul,Sao Miguel,TRUE,Phyto,2018,Winter,TRUE
Empadadas Sul,Empadadas Sul,Sao Miguel,TRUE,Phyto,2019,Autumn,FALSE
Empadadas Sul,Empadadas Sul,Sao Miguel,TRUE,Phyto,2019,Spring,FALSE
Empadadas Sul,Empadadas Sul,Sao Miguel,TRUE,Phyto,2019,Summer,FALSE
Empadadas Sul,Empadadas Sul,Sao Miguel,TRUE,Phyto,2019,Winter,FALSE
Empadadas Sul,Empadadas Sul,Sao Miguel,TRUE,Phyto,2020,Autumn,FALSE
Empadadas Sul,Empadadas Sul,Sao Miguel,TRUE,Phyto,2020,Spring,FALSE
Empadadas Sul,Empadadas Sul,Sao Miguel,TRUE,Phyto,2020,Summer,FALSE
Empadadas Sul,Empadadas Sul,Sao Miguel,TRUE,Phyto,2020,Winter,FALSE
Empadadas Sul,Empadadas Sul,Sao Miguel,TRUE,Phyto,2021,Autumn,FALSE
Empadadas Sul,Empadadas Sul,Sao Miguel,TRUE,Phyto,2021,Spring,FALSE
Empadadas Sul,Empadadas Sul,Sao Miguel,TRUE,Phyto,2021,Summer,FALSE
Empadadas Sul,Empadadas Sul,Sao Miguel,TRUE,Phyto,2021,Winter,FALSE
Empadadas Sul,Empadadas Sul,Sao Miguel,TRUE,Phyto,2022,Autumn,FALSE
Empadadas Sul,Empadadas Sul,Sao Miguel,TRUE,Phyto,2022,Spring,FALSE
Empadadas Sul,Empadadas Sul,Sao Miguel,TRUE,Phyto,2022,Summer,FALSE
Empadadas Sul,Empadadas Sul,Sao Miguel,TRUE,Phyto,2022,Winter,FALSE
Empadadas Sul,Empadadas Sul,Sao Miguel,TRUE,Phyto,2023,Autumn,FALSE
Empadadas Sul,Empadadas Sul,Sao Miguel,TRUE,Phyto,2023,Spring,FALSE
Empadadas Sul,Empadadas Sul,Sao Miguel,TRUE,Phyto,2023,Summer,FALSE
Empadadas Sul,Empadadas Sul,Sao Miguel,TRUE,Phyto,2023,Winter,FALSE
Empadadas Sul,Empadadas Sul,Sao Miguel,TRUE,Phyto,2024,Autumn,TRUE
Empadadas Sul,Empadadas Sul,Sao Miguel,TRUE,Phyto,2024,Spring,TRUE
Empadadas Sul,Empadadas Sul,Sao Miguel,TRUE,Phyto,2024,Summer,TRUE
Empadadas Sul,Empadadas Sul,Sao Miguel,TRUE,Phyto,2024,Winter,TRUE
Empadadas Sul,Empadadas Sul,Sao Miguel,TRUE,Phyto,2025,Autumn,TRUE
Empadadas Sul,Empadadas Sul,Sao Miguel,TRUE,Phyto,2025,Spring,TRUE
Empadadas Sul,Empadadas Sul,Sao Miguel,TRUE,Phyto,2025,Summer,TRUE
Empadadas Sul,Empadadas Sul,Sao Miguel,TRUE,Phyto,2025,Winter,TRUE
Empadadas Sul,Empadadas Sul,Sao Miguel,TRUE,Zoo,2003,Autumn,FALSE
Empadadas Sul,Empadadas Sul,Sao Miguel,TRUE,Zoo,2003,Spring,FALSE
Empadadas Sul,Empadadas Sul,Sao Miguel,TRUE,Zoo,2003,Summer,FALSE
Empadadas Sul,Empadadas Sul,Sao Miguel,TRUE,Zoo,2003,Winter,FALSE
Empadadas Sul,Empadadas Sul,Sao Miguel,TRUE,Zoo,2004,Autumn,FALSE
Empadadas Sul,Empadadas Sul,Sao Miguel,TRUE,Zoo,2004,Spring,FALSE
Empadadas Sul,Empadadas Sul,Sao Miguel,TRUE,Zoo,2004,Summer,FALSE
Empadadas Sul,Empadadas Sul,Sao Miguel,TRUE,Zoo,2004,Winter,FALSE
Empadadas Sul,Empadadas Sul,Sao Miguel,TRUE,Zoo,2005,Autumn,FALSE
Empadadas Sul,Empadadas Sul,Sao Miguel,TRUE,Zoo,2005,Spring,FALSE
Empadadas Sul,Empadadas Sul,Sao Miguel,TRUE,Zoo,2005,Summer,FALSE
Empadadas Sul,Empadadas Sul,Sao Miguel,TRUE,Zoo,2005,Winter,FALSE
Empadadas Sul,Empadadas Sul,Sao Miguel,TRUE,Zoo,2006,Autumn,FALSE
Empadadas Sul,Empadadas Sul,Sao Miguel,TRUE,Zoo,2006,Spring,FALSE
Empadadas Sul,Empadadas Sul,Sao Miguel,TRUE,Zoo,2006,Summer,FALSE
Empadadas Sul,Empadadas Sul,Sao Miguel,TRUE,Zoo,2006,Winter,FALSE
Empadadas Sul,Empadadas Sul,Sao Miguel,TRUE,Zoo,2007,Autumn,FALSE
Empadadas Sul,Empadadas Sul,Sao Miguel,TRUE,Zoo,2007,Spring,FALSE
Empadadas Sul,Empadadas Sul,Sao Miguel,TRUE,Zoo,2007,Summer,FALSE
Empadadas Sul,Empadadas Sul,Sao Miguel,TRUE,Zoo,2007,Winter,FALSE
Empadadas Sul,Empadadas Sul,Sao Miguel,TRUE,Zoo,2008,Autumn,FALSE
Empadadas Sul,Empadadas Sul,Sao Miguel,TRUE,Zoo,2008,Spring,FALSE
Empadadas Sul,Empadadas Sul,Sao Miguel,TRUE,Zoo,2008,Summer,FALSE
Empadadas Sul,Empadadas Sul,Sao Miguel,TRUE,Zoo,2008,Winter,FALSE
Empadadas Sul,Empadadas Sul,Sao Miguel,TRUE,Zoo,2009,Autumn,FALSE
Empadadas Sul,Empadadas Sul,Sao Miguel,TRUE,Zoo,2009,Spring,FALSE
Empadadas Sul,Empadadas Sul,Sao Miguel,TRUE,Zoo,2009,Summer,FALSE
Empadadas Sul,Empadadas Sul,Sao Miguel,TRUE,Zoo,2009,Winter,FALSE
Empadadas Sul,Empadadas Sul,Sao Miguel,TRUE,Zoo,2010,Autumn,FALSE
Empadadas Sul,Empadadas Sul,Sao Miguel,TRUE,Zoo,2010,Spring,FALSE
Empadadas Sul,Empadadas Sul,Sao Miguel,TRUE,Zoo,2010,Summer,FALSE
Empadadas Sul,Empadadas Sul,Sao Miguel,TRUE,Zoo,2010,Winter,FALSE
Empadadas Sul,Empadadas Sul,Sao Miguel,TRUE,Zoo,2011,Autumn,FALSE
Empadadas Sul,Empadadas Sul,Sao Miguel,TRUE,Zoo,2011,Spring,FALSE
Empadadas Sul,Empadadas Sul,Sao Miguel,TRUE,Zoo,2011,Summer,TRUE
Empadadas Sul,Empadadas Sul,Sao Miguel,TRUE,Zoo,2011,Winter,FALSE
Empadadas Sul,Empadadas Sul,Sao Miguel,TRUE,Zoo,2012,Autumn,FALSE
Empadadas Sul,Empadadas Sul,Sao Miguel,TRUE,Zoo,2012,Spring,FALSE
Empadadas Sul,Empadadas Sul,Sao Miguel,TRUE,Zoo,2012,Summer,FALSE
Empadadas Sul,Empadadas Sul,Sao Miguel,TRUE,Zoo,2012,Winter,FALSE
Empadadas Sul,Empadadas Sul,Sao Miguel,TRUE,Zoo,2013,Autumn,FALSE
Empadadas Sul,Empadadas Sul,Sao Miguel,TRUE,Zoo,2013,Spring,FALSE
Empadadas Sul,Empadadas Sul,Sao Miguel,TRUE,Zoo,2013,Summer,FALSE
Empadadas Sul,Empadadas Sul,Sao Miguel,TRUE,Zoo,2013,Winter,FALSE
Empadadas Sul,Empadadas Sul,Sao Miguel,TRUE,Zoo,2014,Autumn,FALSE
Empadadas Sul,Empadadas Sul,Sao Miguel,TRUE,Zoo,2014,Spring,FALSE
Empadadas Sul,Empadadas Sul,Sao Miguel,TRUE,Zoo,2014,Summer,FALSE
Empadadas Sul,Empadadas Sul,Sao Miguel,TRUE,Zoo,2014,Winter,FALSE
Empadadas Sul,Empadadas Sul,Sao Miguel,TRUE,Zoo,2015,Autumn,FALSE
Empadadas Sul,Empadadas Sul,Sao Miguel,TRUE,Zoo,2015,Spring,FALSE
Empadadas Sul,Empadadas Sul,Sao Miguel,TRUE,Zoo,2015,Summer,FALSE
Empadadas Sul,Empadadas Sul,Sao Miguel,TRUE,Zoo,2015,Winter,FALSE
Empadadas Sul,Empadadas Sul,Sao Miguel,TRUE,Zoo,2016,Autumn,FALSE
Empadadas Sul,Empadadas Sul,Sao Miguel,TRUE,Zoo,2016,Spring,FALSE
Empadadas Sul,Empadadas Sul,Sao Miguel,TRUE,Zoo,2016,Summer,FALSE
Empadadas Sul,Empadadas Sul,Sao Miguel,TRUE,Zoo,2016,Winter,FALSE
Empadadas Sul,Empadadas Sul,Sao Miguel,TRUE,Zoo,2017,Autumn,FALSE
Empadadas Sul,Empadadas Sul,Sao Miguel,TRUE,Zoo,2017,Spring,FALSE
Empadadas Sul,Empadadas Sul,Sao Miguel,TRUE,Zoo,2017,Summer,FALSE
Empadadas Sul,Empadadas Sul,Sao Miguel,TRUE,Zoo,2017,Winter,FALSE
Empadadas Sul,Empadadas Sul,Sao Miguel,TRUE,Zoo,2018,Autumn,FALSE
Empadadas Sul,Empadadas Sul,Sao Miguel,TRUE,Zoo,2018,Spring,FALSE
Empadadas Sul,Empadadas Sul,Sao Miguel,TRUE,Zoo,2018,Summer,FALSE
Empadadas Sul,Empadadas Sul,Sao Miguel,TRUE,Zoo,2018,Winter,FALSE
Empadadas Sul,Empadadas Sul,Sao Miguel,TRUE,Zoo,2019,Autumn,FALSE
Empadadas Sul,Empadadas Sul,Sao Miguel,TRUE,Zoo,2019,Spring,FALSE
Empadadas Sul,Empadadas Sul,Sao Miguel,TRUE,Zoo,2019,Summer,FALSE
Empadadas Sul,Empadadas Sul,Sao Miguel,TRUE,Zoo,2019,Winter,FALSE
Empadadas Sul,Empadadas Sul,Sao Miguel,TRUE,Zoo,2020,Autumn,FALSE
Empadadas Sul,Empadadas Sul,Sao Miguel,TRUE,Zoo,2020,Spring,FALSE
Empadadas Sul,Empadadas Sul,Sao Miguel,TRUE,Zoo,2020,Summer,FALSE
Empadadas Sul,Empadadas Sul,Sao Miguel,TRUE,Zoo,2020,Winter,FALSE
Empadadas Sul,Empadadas Sul,Sao Miguel,TRUE,Zoo,2021,Autumn,FALSE
Empadadas Sul,Empadadas Sul,Sao Miguel,TRUE,Zoo,2021,Spring,FALSE
Empadadas Sul,Empadadas Sul,Sao Miguel,TRUE,Zoo,2021,Summer,FALSE
Empadadas Sul,Empadadas Sul,Sao Miguel,TRUE,Zoo,2021,Winter,FALSE
Empadadas Sul,Empadadas Sul,Sao Miguel,TRUE,Zoo,2022,Autumn,FALSE
Empadadas Sul,Empadadas Sul,Sao Miguel,TRUE,Zoo,2022,Spring,FALSE
Empadadas Sul,Empadadas Sul,Sao Miguel,TRUE,Zoo,2022,Summer,FALSE
Empadadas Sul,Empadadas Sul,Sao Miguel,TRUE,Zoo,2022,Winter,FALSE
Empadadas Sul,Empadadas Sul,Sao Miguel,TRUE,Zoo,2023,Autumn,FALSE
Empadadas Sul,Empadadas Sul,Sao Miguel,TRUE,Zoo,2023,Spring,FALSE
Empadadas Sul,Empadadas Sul,Sao Miguel,TRUE,Zoo,2023,Summer,FALSE
Empadadas Sul,Empadadas Sul,Sao Miguel,TRUE,Zoo,2023,Winter,FALSE
Empadadas Sul,Empadadas Sul,Sao Miguel,TRUE,Zoo,2024,Autumn,FALSE
Empadadas Sul,Empadadas Sul,Sao Miguel,TRUE,Zoo,2024,Spring,FALSE
Empadadas Sul,Empadadas Sul,Sao Miguel,TRUE,Zoo,2024,Summer,FALSE
Empadadas Sul,Empadadas Sul,Sao Miguel,TRUE,Zoo,2024,Winter,FALSE
Empadadas Sul,Empadadas Sul,Sao Miguel,TRUE,Zoo,2025,Autumn,FALSE
Empadadas Sul,Empadadas Sul,Sao Miguel,TRUE,Zoo,2025,Spring,TRUE
Empadadas Sul,Empadadas Sul,Sao Miguel,TRUE,Zoo,2025,Summer,FALSE
Empadadas Sul,Empadadas Sul,Sao Miguel,TRUE,Zoo,2025,Winter,FALSE
Fogo,Fogo,Sao Miguel,TRUE,Diatom,2003,Autumn,TRUE
Fogo,Fogo,Sao Miguel,TRUE,Diatom,2003,Spring,FALSE
Fogo,Fogo,Sao Miguel,TRUE,Diatom,2003,Summer,FALSE
Fogo,Fogo,Sao Miguel,TRUE,Diatom,2003,Winter,FALSE
Fogo,Fogo,Sao Miguel,TRUE,Diatom,2004,Autumn,FALSE
Fogo,Fogo,Sao Miguel,TRUE,Diatom,2004,Spring,TRUE
Fogo,Fogo,Sao Miguel,TRUE,Diatom,2004,Summer,TRUE
Fogo,Fogo,Sao Miguel,TRUE,Diatom,2004,Winter,TRUE
Fogo,Fogo,Sao Miguel,TRUE,Diatom,2005,Autumn,TRUE
Fogo,Fogo,Sao Miguel,TRUE,Diatom,2005,Spring,TRUE
Fogo,Fogo,Sao Miguel,TRUE,Diatom,2005,Summer,FALSE
Fogo,Fogo,Sao Miguel,TRUE,Diatom,2005,Winter,TRUE
Fogo,Fogo,Sao Miguel,TRUE,Diatom,2006,Autumn,FALSE
Fogo,Fogo,Sao Miguel,TRUE,Diatom,2006,Spring,TRUE
Fogo,Fogo,Sao Miguel,TRUE,Diatom,2006,Summer,TRUE
Fogo,Fogo,Sao Miguel,TRUE,Diatom,2006,Winter,TRUE
Fogo,Fogo,Sao Miguel,TRUE,Diatom,2007,Autumn,FALSE
Fogo,Fogo,Sao Miguel,TRUE,Diatom,2007,Spring,FALSE
Fogo,Fogo,Sao Miguel,TRUE,Diatom,2007,Summer,FALSE
Fogo,Fogo,Sao Miguel,TRUE,Diatom,2007,Winter,FALSE
Fogo,Fogo,Sao Miguel,TRUE,Diatom,2008,Autumn,TRUE
Fogo,Fogo,Sao Miguel,TRUE,Diatom,2008,Spring,TRUE
Fogo,Fogo,Sao Miguel,TRUE,Diatom,2008,Summer,FALSE
Fogo,Fogo,Sao Miguel,TRUE,Diatom,2008,Winter,FALSE
Fogo,Fogo,Sao Miguel,TRUE,Diatom,2009,Autumn,TRUE
Fogo,Fogo,Sao Miguel,TRUE,Diatom,2009,Spring,FALSE
Fogo,Fogo,Sao Miguel,TRUE,Diatom,2009,Summer,FALSE
Fogo,Fogo,Sao Miguel,TRUE,Diatom,2009,Winter,TRUE
Fogo,Fogo,Sao Miguel,TRUE,Diatom,2010,Autumn,TRUE
Fogo,Fogo,Sao Miguel,TRUE,Diatom,2010,Spring,TRUE
Fogo,Fogo,Sao Miguel,TRUE,Diatom,2010,Summer,TRUE
Fogo,Fogo,Sao Miguel,TRUE,Diatom,2010,Winter,FALSE
Fogo,Fogo,Sao Miguel,TRUE,Diatom,2011,Autumn,TRUE
Fogo,Fogo,Sao Miguel,TRUE,Diatom,2011,Spring,TRUE
Fogo,Fogo,Sao Miguel,TRUE,Diatom,2011,Summer,TRUE
Fogo,Fogo,Sao Miguel,TRUE,Diatom,2011,Winter,TRUE
Fogo,Fogo,Sao Miguel,TRUE,Diatom,2012,Autumn,TRUE
Fogo,Fogo,Sao Miguel,TRUE,Diatom,2012,Spring,TRUE
Fogo,Fogo,Sao Miguel,TRUE,Diatom,2012,Summer,TRUE
Fogo,Fogo,Sao Miguel,TRUE,Diatom,2012,Winter,TRUE
Fogo,Fogo,Sao Miguel,TRUE,Diatom,2013,Autumn,FALSE
Fogo,Fogo,Sao Miguel,TRUE,Diatom,2013,Spring,FALSE
Fogo,Fogo,Sao Miguel,TRUE,Diatom,2013,Summer,FALSE
Fogo,Fogo,Sao Miguel,TRUE,Diatom,2013,Winter,FALSE
Fogo,Fogo,Sao Miguel,TRUE,Diatom,2014,Autumn,FALSE
Fogo,Fogo,Sao Miguel,TRUE,Diatom,2014,Spring,FALSE
Fogo,Fogo,Sao Miguel,TRUE,Diatom,2014,Summer,FALSE
Fogo,Fogo,Sao Miguel,TRUE,Diatom,2014,Winter,FALSE
Fogo,Fogo,Sao Miguel,TRUE,Diatom,2015,Autumn,TRUE
Fogo,Fogo,Sao Miguel,TRUE,Diatom,2015,Spring,FALSE
Fogo,Fogo,Sao Miguel,TRUE,Diatom,2015,Summer,FALSE
Fogo,Fogo,Sao Miguel,TRUE,Diatom,2015,Winter,FALSE
Fogo,Fogo,Sao Miguel,TRUE,Diatom,2016,Autumn,TRUE
Fogo,Fogo,Sao Miguel,TRUE,Diatom,2016,Spring,TRUE
Fogo,Fogo,Sao Miguel,TRUE,Diatom,2016,Summer,FALSE
Fogo,Fogo,Sao Miguel,TRUE,Diatom,2016,Winter,TRUE
Fogo,Fogo,Sao Miguel,TRUE,Diatom,2017,Autumn,TRUE
Fogo,Fogo,Sao Miguel,TRUE,Diatom,2017,Spring,FALSE
Fogo,Fogo,Sao Miguel,TRUE,Diatom,2017,Summer,FALSE
Fogo,Fogo,Sao Miguel,TRUE,Diatom,2017,Winter,FALSE
Fogo,Fogo,Sao Miguel,TRUE,Diatom,2018,Autumn,FALSE
Fogo,Fogo,Sao Miguel,TRUE,Diatom,2018,Spring,TRUE
Fogo,Fogo,Sao Miguel,TRUE,Diatom,2018,Summer,TRUE
Fogo,Fogo,Sao Miguel,TRUE,Diatom,2018,Winter,TRUE
Fogo,Fogo,Sao Miguel,TRUE,Diatom,2019,Autumn,FALSE
Fogo,Fogo,Sao Miguel,TRUE,Diatom,2019,Spring,FALSE
Fogo,Fogo,Sao Miguel,TRUE,Diatom,2019,Summer,FALSE
Fogo,Fogo,Sao Miguel,TRUE,Diatom,2019,Winter,FALSE
Fogo,Fogo,Sao Miguel,TRUE,Diatom,2020,Autumn,FALSE
Fogo,Fogo,Sao Miguel,TRUE,Diatom,2020,Spring,FALSE
Fogo,Fogo,Sao Miguel,TRUE,Diatom,2020,Summer,FALSE
Fogo,Fogo,Sao Miguel,TRUE,Diatom,2020,Winter,FALSE
Fogo,Fogo,Sao Miguel,TRUE,Diatom,2021,Autumn,FALSE
Fogo,Fogo,Sao Miguel,TRUE,Diatom,2021,Spring,FALSE
Fogo,Fogo,Sao Miguel,TRUE,Diatom,2021,Summer,FALSE
Fogo,Fogo,Sao Miguel,TRUE,Diatom,2021,Winter,FALSE
Fogo,Fogo,Sao Miguel,TRUE,Diatom,2022,Autumn,FALSE
Fogo,Fogo,Sao Miguel,TRUE,Diatom,2022,Spring,FALSE
Fogo,Fogo,Sao Miguel,TRUE,Diatom,2022,Summer,FALSE
Fogo,Fogo,Sao Miguel,TRUE,Diatom,2022,Winter,FALSE
Fogo,Fogo,Sao Miguel,TRUE,Diatom,2023,Autumn,FALSE
Fogo,Fogo,Sao Miguel,TRUE,Diatom,2023,Spring,FALSE
Fogo,Fogo,Sao Miguel,TRUE,Diatom,2023,Summer,FALSE
Fogo,Fogo,Sao Miguel,TRUE,Diatom,2023,Winter,FALSE
Fogo,Fogo,Sao Miguel,TRUE,Diatom,2024,Autumn,TRUE
Fogo,Fogo,Sao Miguel,TRUE,Diatom,2024,Spring,TRUE
Fogo,Fogo,Sao Miguel,TRUE,Diatom,2024,Summer,TRUE
Fogo,Fogo,Sao Miguel,TRUE,Diatom,2024,Winter,TRUE
Fogo,Fogo,Sao Miguel,TRUE,Diatom,2025,Autumn,TRUE
Fogo,Fogo,Sao Miguel,TRUE,Diatom,2025,Spring,TRUE
Fogo,Fogo,Sao Miguel,TRUE,Diatom,2025,Summer,TRUE
Fogo,Fogo,Sao Miguel,TRUE,Diatom,2025,Winter,TRUE
Fogo,Fogo,Sao Miguel,TRUE,Env,2003,Autumn,TRUE
Fogo,Fogo,Sao Miguel,TRUE,Env,2003,Spring,FALSE
Fogo,Fogo,Sao Miguel,TRUE,Env,2003,Summer,FALSE
Fogo,Fogo,Sao Miguel,TRUE,Env,2003,Winter,FALSE
Fogo,Fogo,Sao Miguel,TRUE,Env,2004,Autumn,FALSE
Fogo,Fogo,Sao Miguel,TRUE,Env,2004,Spring,TRUE
Fogo,Fogo,Sao Miguel,TRUE,Env,2004,Summer,TRUE
Fogo,Fogo,Sao Miguel,TRUE,Env,2004,Winter,TRUE
Fogo,Fogo,Sao Miguel,TRUE,Env,2005,Autumn,TRUE
Fogo,Fogo,Sao Miguel,TRUE,Env,2005,Spring,TRUE
Fogo,Fogo,Sao Miguel,TRUE,Env,2005,Summer,FALSE
Fogo,Fogo,Sao Miguel,TRUE,Env,2005,Winter,TRUE
Fogo,Fogo,Sao Miguel,TRUE,Env,2006,Autumn,FALSE
Fogo,Fogo,Sao Miguel,TRUE,Env,2006,Spring,TRUE
Fogo,Fogo,Sao Miguel,TRUE,Env,2006,Summer,TRUE
Fogo,Fogo,Sao Miguel,TRUE,Env,2006,Winter,TRUE
Fogo,Fogo,Sao Miguel,TRUE,Env,2007,Autumn,FALSE
Fogo,Fogo,Sao Miguel,TRUE,Env,2007,Spring,FALSE
Fogo,Fogo,Sao Miguel,TRUE,Env,2007,Summer,FALSE
Fogo,Fogo,Sao Miguel,TRUE,Env,2007,Winter,FALSE
Fogo,Fogo,Sao Miguel,TRUE,Env,2008,Autumn,TRUE
Fogo,Fogo,Sao Miguel,TRUE,Env,2008,Spring,TRUE
Fogo,Fogo,Sao Miguel,TRUE,Env,2008,Summer,TRUE
Fogo,Fogo,Sao Miguel,TRUE,Env,2008,Winter,TRUE
Fogo,Fogo,Sao Miguel,TRUE,Env,2009,Autumn,FALSE
Fogo,Fogo,Sao Miguel,TRUE,Env,2009,Spring,FALSE
Fogo,Fogo,Sao Miguel,TRUE,Env,2009,Summer,FALSE
Fogo,Fogo,Sao Miguel,TRUE,Env,2009,Winter,FALSE
Fogo,Fogo,Sao Miguel,TRUE,Env,2010,Autumn,TRUE
Fogo,Fogo,Sao Miguel,TRUE,Env,2010,Spring,TRUE
Fogo,Fogo,Sao Miguel,TRUE,Env,2010,Summer,TRUE
Fogo,Fogo,Sao Miguel,TRUE,Env,2010,Winter,FALSE
Fogo,Fogo,Sao Miguel,TRUE,Env,2011,Autumn,TRUE
Fogo,Fogo,Sao Miguel,TRUE,Env,2011,Spring,TRUE
Fogo,Fogo,Sao Miguel,TRUE,Env,2011,Summer,TRUE
Fogo,Fogo,Sao Miguel,TRUE,Env,2011,Winter,TRUE
Fogo,Fogo,Sao Miguel,TRUE,Env,2012,Autumn,TRUE
Fogo,Fogo,Sao Miguel,TRUE,Env,2012,Spring,TRUE
Fogo,Fogo,Sao Miguel,TRUE,Env,2012,Summer,TRUE
Fogo,Fogo,Sao Miguel,TRUE,Env,2012,Winter,TRUE
Fogo,Fogo,Sao Miguel,TRUE,Env,2013,Autumn,FALSE
Fogo,Fogo,Sao Miguel,TRUE,Env,2013,Spring,FALSE
Fogo,Fogo,Sao Miguel,TRUE,Env,2013,Summer,FALSE
Fogo,Fogo,Sao Miguel,TRUE,Env,2013,Winter,FALSE
Fogo,Fogo,Sao Miguel,TRUE,Env,2014,Autumn,FALSE
Fogo,Fogo,Sao Miguel,TRUE,Env,2014,Spring,FALSE
Fogo,Fogo,Sao Miguel,TRUE,Env,2014,Summer,FALSE
Fogo,Fogo,Sao Miguel,TRUE,Env,2014,Winter,FALSE
Fogo,Fogo,Sao Miguel,TRUE,Env,2015,Autumn,FALSE
Fogo,Fogo,Sao Miguel,TRUE,Env,2015,Spring,FALSE
Fogo,Fogo,Sao Miguel,TRUE,Env,2015,Summer,FALSE
Fogo,Fogo,Sao Miguel,TRUE,Env,2015,Winter,FALSE
Fogo,Fogo,Sao Miguel,TRUE,Env,2016,Autumn,FALSE
Fogo,Fogo,Sao Miguel,TRUE,Env,2016,Spring,FALSE
Fogo,Fogo,Sao Miguel,TRUE,Env,2016,Summer,FALSE
Fogo,Fogo,Sao Miguel,TRUE,Env,2016,Winter,FALSE
Fogo,Fogo,Sao Miguel,TRUE,Env,2017,Autumn,FALSE
Fogo,Fogo,Sao Miguel,TRUE,Env,2017,Spring,FALSE
Fogo,Fogo,Sao Miguel,TRUE,Env,2017,Summer,FALSE
Fogo,Fogo,Sao Miguel,TRUE,Env,2017,Winter,FALSE
Fogo,Fogo,Sao Miguel,TRUE,Env,2018,Autumn,FALSE
Fogo,Fogo,Sao Miguel,TRUE,Env,2018,Spring,TRUE
Fogo,Fogo,Sao Miguel,TRUE,Env,2018,Summer,FALSE
Fogo,Fogo,Sao Miguel,TRUE,Env,2018,Winter,FALSE
Fogo,Fogo,Sao Miguel,TRUE,Env,2019,Autumn,FALSE
Fogo,Fogo,Sao Miguel,TRUE,Env,2019,Spring,FALSE
Fogo,Fogo,Sao Miguel,TRUE,Env,2019,Summer,FALSE
Fogo,Fogo,Sao Miguel,TRUE,Env,2019,Winter,FALSE
Fogo,Fogo,Sao Miguel,TRUE,Env,2020,Autumn,FALSE
Fogo,Fogo,Sao Miguel,TRUE,Env,2020,Spring,FALSE
Fogo,Fogo,Sao Miguel,TRUE,Env,2020,Summer,FALSE
Fogo,Fogo,Sao Miguel,TRUE,Env,2020,Winter,FALSE
Fogo,Fogo,Sao Miguel,TRUE,Env,2021,Autumn,FALSE
Fogo,Fogo,Sao Miguel,TRUE,Env,2021,Spring,FALSE
Fogo,Fogo,Sao Miguel,TRUE,Env,2021,Summer,FALSE
Fogo,Fogo,Sao Miguel,TRUE,Env,2021,Winter,FALSE
Fogo,Fogo,Sao Miguel,TRUE,Env,2022,Autumn,FALSE
Fogo,Fogo,Sao Miguel,TRUE,Env,2022,Spring,FALSE
Fogo,Fogo,Sao Miguel,TRUE,Env,2022,Summer,FALSE
Fogo,Fogo,Sao Miguel,TRUE,Env,2022,Winter,FALSE
Fogo,Fogo,Sao Miguel,TRUE,Env,2023,Autumn,FALSE
Fogo,Fogo,Sao Miguel,TRUE,Env,2023,Spring,FALSE
Fogo,Fogo,Sao Miguel,TRUE,Env,2023,Summer,FALSE
Fogo,Fogo,Sao Miguel,TRUE,Env,2023,Winter,FALSE
Fogo,Fogo,Sao Miguel,TRUE,Env,2024,Autumn,TRUE
Fogo,Fogo,Sao Miguel,TRUE,Env,2024,Spring,TRUE
Fogo,Fogo,Sao Miguel,TRUE,Env,2024,Summer,TRUE
Fogo,Fogo,Sao Miguel,TRUE,Env,2024,Winter,TRUE
Fogo,Fogo,Sao Miguel,TRUE,Env,2025,Autumn,TRUE
Fogo,Fogo,Sao Miguel,TRUE,Env,2025,Spring,TRUE
Fogo,Fogo,Sao Miguel,TRUE,Env,2025,Summer,TRUE
Fogo,Fogo,Sao Miguel,TRUE,Env,2025,Winter,TRUE
Fogo,Fogo,Sao Miguel,TRUE,Macro,2003,Autumn,TRUE
Fogo,Fogo,Sao Miguel,TRUE,Macro,2003,Spring,FALSE
Fogo,Fogo,Sao Miguel,TRUE,Macro,2003,Summer,FALSE
Fogo,Fogo,Sao Miguel,TRUE,Macro,2003,Winter,FALSE
Fogo,Fogo,Sao Miguel,TRUE,Macro,2004,Autumn,FALSE
Fogo,Fogo,Sao Miguel,TRUE,Macro,2004,Spring,TRUE
Fogo,Fogo,Sao Miguel,TRUE,Macro,2004,Summer,TRUE
Fogo,Fogo,Sao Miguel,TRUE,Macro,2004,Winter,TRUE
Fogo,Fogo,Sao Miguel,TRUE,Macro,2005,Autumn,TRUE
Fogo,Fogo,Sao Miguel,TRUE,Macro,2005,Spring,TRUE
Fogo,Fogo,Sao Miguel,TRUE,Macro,2005,Summer,TRUE
Fogo,Fogo,Sao Miguel,TRUE,Macro,2005,Winter,TRUE
Fogo,Fogo,Sao Miguel,TRUE,Macro,2006,Autumn,FALSE
Fogo,Fogo,Sao Miguel,TRUE,Macro,2006,Spring,TRUE
Fogo,Fogo,Sao Miguel,TRUE,Macro,2006,Summer,TRUE
Fogo,Fogo,Sao Miguel,TRUE,Macro,2006,Winter,TRUE
Fogo,Fogo,Sao Miguel,TRUE,Macro,2007,Autumn,FALSE
Fogo,Fogo,Sao Miguel,TRUE,Macro,2007,Spring,FALSE
Fogo,Fogo,Sao Miguel,TRUE,Macro,2007,Summer,FALSE
Fogo,Fogo,Sao Miguel,TRUE,Macro,2007,Winter,FALSE
Fogo,Fogo,Sao Miguel,TRUE,Macro,2008,Autumn,TRUE
Fogo,Fogo,Sao Miguel,TRUE,Macro,2008,Spring,TRUE
Fogo,Fogo,Sao Miguel,TRUE,Macro,2008,Summer,TRUE
Fogo,Fogo,Sao Miguel,TRUE,Macro,2008,Winter,FALSE
Fogo,Fogo,Sao Miguel,TRUE,Macro,2009,Autumn,FALSE
Fogo,Fogo,Sao Miguel,TRUE,Macro,2009,Spring,FALSE
Fogo,Fogo,Sao Miguel,TRUE,Macro,2009,Summer,TRUE
Fogo,Fogo,Sao Miguel,TRUE,Macro,2009,Winter,TRUE
Fogo,Fogo,Sao Miguel,TRUE,Macro,2010,Autumn,TRUE
Fogo,Fogo,Sao Miguel,TRUE,Macro,2010,Spring,TRUE
Fogo,Fogo,Sao Miguel,TRUE,Macro,2010,Summer,TRUE
Fogo,Fogo,Sao Miguel,TRUE,Macro,2010,Winter,FALSE
Fogo,Fogo,Sao Miguel,TRUE,Macro,2011,Autumn,TRUE
Fogo,Fogo,Sao Miguel,TRUE,Macro,2011,Spring,TRUE
Fogo,Fogo,Sao Miguel,TRUE,Macro,2011,Summer,TRUE
Fogo,Fogo,Sao Miguel,TRUE,Macro,2011,Winter,TRUE
Fogo,Fogo,Sao Miguel,TRUE,Macro,2012,Autumn,TRUE
Fogo,Fogo,Sao Miguel,TRUE,Macro,2012,Spring,TRUE
Fogo,Fogo,Sao Miguel,TRUE,Macro,2012,Summer,TRUE
Fogo,Fogo,Sao Miguel,TRUE,Macro,2012,Winter,TRUE
Fogo,Fogo,Sao Miguel,TRUE,Macro,2013,Autumn,FALSE
Fogo,Fogo,Sao Miguel,TRUE,Macro,2013,Spring,FALSE
Fogo,Fogo,Sao Miguel,TRUE,Macro,2013,Summer,FALSE
Fogo,Fogo,Sao Miguel,TRUE,Macro,2013,Winter,FALSE
Fogo,Fogo,Sao Miguel,TRUE,Macro,2014,Autumn,FALSE
Fogo,Fogo,Sao Miguel,TRUE,Macro,2014,Spring,FALSE
Fogo,Fogo,Sao Miguel,TRUE,Macro,2014,Summer,FALSE
Fogo,Fogo,Sao Miguel,TRUE,Macro,2014,Winter,FALSE
Fogo,Fogo,Sao Miguel,TRUE,Macro,2015,Autumn,FALSE
Fogo,Fogo,Sao Miguel,TRUE,Macro,2015,Spring,FALSE
Fogo,Fogo,Sao Miguel,TRUE,Macro,2015,Summer,FALSE
Fogo,Fogo,Sao Miguel,TRUE,Macro,2015,Winter,FALSE
Fogo,Fogo,Sao Miguel,TRUE,Macro,2016,Autumn,FALSE
Fogo,Fogo,Sao Miguel,TRUE,Macro,2016,Spring,FALSE
Fogo,Fogo,Sao Miguel,TRUE,Macro,2016,Summer,FALSE
Fogo,Fogo,Sao Miguel,TRUE,Macro,2016,Winter,FALSE
Fogo,Fogo,Sao Miguel,TRUE,Macro,2017,Autumn,FALSE
Fogo,Fogo,Sao Miguel,TRUE,Macro,2017,Spring,FALSE
Fogo,Fogo,Sao Miguel,TRUE,Macro,2017,Summer,FALSE
Fogo,Fogo,Sao Miguel,TRUE,Macro,2017,Winter,FALSE
Fogo,Fogo,Sao Miguel,TRUE,Macro,2018,Autumn,FALSE
Fogo,Fogo,Sao Miguel,TRUE,Macro,2018,Spring,TRUE
Fogo,Fogo,Sao Miguel,TRUE,Macro,2018,Summer,FALSE
Fogo,Fogo,Sao Miguel,TRUE,Macro,2018,Winter,FALSE
Fogo,Fogo,Sao Miguel,TRUE,Macro,2019,Autumn,FALSE
Fogo,Fogo,Sao Miguel,TRUE,Macro,2019,Spring,FALSE
Fogo,Fogo,Sao Miguel,TRUE,Macro,2019,Summer,FALSE
Fogo,Fogo,Sao Miguel,TRUE,Macro,2019,Winter,FALSE
Fogo,Fogo,Sao Miguel,TRUE,Macro,2020,Autumn,FALSE
Fogo,Fogo,Sao Miguel,TRUE,Macro,2020,Spring,FALSE
Fogo,Fogo,Sao Miguel,TRUE,Macro,2020,Summer,FALSE
Fogo,Fogo,Sao Miguel,TRUE,Macro,2020,Winter,FALSE
Fogo,Fogo,Sao Miguel,TRUE,Macro,2021,Autumn,FALSE
Fogo,Fogo,Sao Miguel,TRUE,Macro,2021,Spring,FALSE
Fogo,Fogo,Sao Miguel,TRUE,Macro,2021,Summer,FALSE
Fogo,Fogo,Sao Miguel,TRUE,Macro,2021,Winter,FALSE
Fogo,Fogo,Sao Miguel,TRUE,Macro,2022,Autumn,FALSE
Fogo,Fogo,Sao Miguel,TRUE,Macro,2022,Spring,FALSE
Fogo,Fogo,Sao Miguel,TRUE,Macro,2022,Summer,FALSE
Fogo,Fogo,Sao Miguel,TRUE,Macro,2022,Winter,FALSE
Fogo,Fogo,Sao Miguel,TRUE,Macro,2023,Autumn,FALSE
Fogo,Fogo,Sao Miguel,TRUE,Macro,2023,Spring,FALSE
Fogo,Fogo,Sao Miguel,TRUE,Macro,2023,Summer,FALSE
Fogo,Fogo,Sao Miguel,TRUE,Macro,2023,Winter,FALSE
Fogo,Fogo,Sao Miguel,TRUE,Macro,2024,Autumn,TRUE
Fogo,Fogo,Sao Miguel,TRUE,Macro,2024,Spring,TRUE
Fogo,Fogo,Sao Miguel,TRUE,Macro,2024,Summer,TRUE
Fogo,Fogo,Sao Miguel,TRUE,Macro,2024,Winter,TRUE
Fogo,Fogo,Sao Miguel,TRUE,Macro,2025,Autumn,TRUE
Fogo,Fogo,Sao Miguel,TRUE,Macro,2025,Spring,TRUE
Fogo,Fogo,Sao Miguel,TRUE,Macro,2025,Summer,TRUE
Fogo,Fogo,Sao Miguel,TRUE,Macro,2025,Winter,TRUE
Fogo,Fogo,Sao Miguel,TRUE,Phyto,2003,Autumn,TRUE
Fogo,Fogo,Sao Miguel,TRUE,Phyto,2003,Spring,FALSE
Fogo,Fogo,Sao Miguel,TRUE,Phyto,2003,Summer,FALSE
Fogo,Fogo,Sao Miguel,TRUE,Phyto,2003,Winter,FALSE
Fogo,Fogo,Sao Miguel,TRUE,Phyto,2004,Autumn,FALSE
Fogo,Fogo,Sao Miguel,TRUE,Phyto,2004,Spring,TRUE
Fogo,Fogo,Sao Miguel,TRUE,Phyto,2004,Summer,TRUE
Fogo,Fogo,Sao Miguel,TRUE,Phyto,2004,Winter,TRUE
Fogo,Fogo,Sao Miguel,TRUE,Phyto,2005,Autumn,TRUE
Fogo,Fogo,Sao Miguel,TRUE,Phyto,2005,Spring,TRUE
Fogo,Fogo,Sao Miguel,TRUE,Phyto,2005,Summer,FALSE
Fogo,Fogo,Sao Miguel,TRUE,Phyto,2005,Winter,TRUE
Fogo,Fogo,Sao Miguel,TRUE,Phyto,2006,Autumn,FALSE
Fogo,Fogo,Sao Miguel,TRUE,Phyto,2006,Spring,TRUE
Fogo,Fogo,Sao Miguel,TRUE,Phyto,2006,Summer,TRUE
Fogo,Fogo,Sao Miguel,TRUE,Phyto,2006,Winter,TRUE
Fogo,Fogo,Sao Miguel,TRUE,Phyto,2007,Autumn,FALSE
Fogo,Fogo,Sao Miguel,TRUE,Phyto,2007,Spring,FALSE
Fogo,Fogo,Sao Miguel,TRUE,Phyto,2007,Summer,FALSE
Fogo,Fogo,Sao Miguel,TRUE,Phyto,2007,Winter,FALSE
Fogo,Fogo,Sao Miguel,TRUE,Phyto,2008,Autumn,TRUE
Fogo,Fogo,Sao Miguel,TRUE,Phyto,2008,Spring,TRUE
Fogo,Fogo,Sao Miguel,TRUE,Phyto,2008,Summer,TRUE
Fogo,Fogo,Sao Miguel,TRUE,Phyto,2008,Winter,FALSE
Fogo,Fogo,Sao Miguel,TRUE,Phyto,2009,Autumn,FALSE
Fogo,Fogo,Sao Miguel,TRUE,Phyto,2009,Spring,FALSE
Fogo,Fogo,Sao Miguel,TRUE,Phyto,2009,Summer,TRUE
Fogo,Fogo,Sao Miguel,TRUE,Phyto,2009,Winter,TRUE
Fogo,Fogo,Sao Miguel,TRUE,Phyto,2010,Autumn,TRUE
Fogo,Fogo,Sao Miguel,TRUE,Phyto,2010,Spring,TRUE
Fogo,Fogo,Sao Miguel,TRUE,Phyto,2010,Summer,TRUE
Fogo,Fogo,Sao Miguel,TRUE,Phyto,2010,Winter,FALSE
Fogo,Fogo,Sao Miguel,TRUE,Phyto,2011,Autumn,TRUE
Fogo,Fogo,Sao Miguel,TRUE,Phyto,2011,Spring,TRUE
Fogo,Fogo,Sao Miguel,TRUE,Phyto,2011,Summer,TRUE
Fogo,Fogo,Sao Miguel,TRUE,Phyto,2011,Winter,TRUE
Fogo,Fogo,Sao Miguel,TRUE,Phyto,2012,Autumn,TRUE
Fogo,Fogo,Sao Miguel,TRUE,Phyto,2012,Spring,TRUE
Fogo,Fogo,Sao Miguel,TRUE,Phyto,2012,Summer,TRUE
Fogo,Fogo,Sao Miguel,TRUE,Phyto,2012,Winter,TRUE
Fogo,Fogo,Sao Miguel,TRUE,Phyto,2013,Autumn,FALSE
Fogo,Fogo,Sao Miguel,TRUE,Phyto,2013,Spring,FALSE
Fogo,Fogo,Sao Miguel,TRUE,Phyto,2013,Summer,FALSE
Fogo,Fogo,Sao Miguel,TRUE,Phyto,2013,Winter,FALSE
Fogo,Fogo,Sao Miguel,TRUE,Phyto,2014,Autumn,FALSE
Fogo,Fogo,Sao Miguel,TRUE,Phyto,2014,Spring,FALSE
Fogo,Fogo,Sao Miguel,TRUE,Phyto,2014,Summer,FALSE
Fogo,Fogo,Sao Miguel,TRUE,Phyto,2014,Winter,FALSE
Fogo,Fogo,Sao Miguel,TRUE,Phyto,2015,Autumn,FALSE
Fogo,Fogo,Sao Miguel,TRUE,Phyto,2015,Spring,FALSE
Fogo,Fogo,Sao Miguel,TRUE,Phyto,2015,Summer,FALSE
Fogo,Fogo,Sao Miguel,TRUE,Phyto,2015,Winter,FALSE
Fogo,Fogo,Sao Miguel,TRUE,Phyto,2016,Autumn,FALSE
Fogo,Fogo,Sao Miguel,TRUE,Phyto,2016,Spring,FALSE
Fogo,Fogo,Sao Miguel,TRUE,Phyto,2016,Summer,FALSE
Fogo,Fogo,Sao Miguel,TRUE,Phyto,2016,Winter,FALSE
Fogo,Fogo,Sao Miguel,TRUE,Phyto,2017,Autumn,FALSE
Fogo,Fogo,Sao Miguel,TRUE,Phyto,2017,Spring,FALSE
Fogo,Fogo,Sao Miguel,TRUE,Phyto,2017,Summer,FALSE
Fogo,Fogo,Sao Miguel,TRUE,Phyto,2017,Winter,FALSE
Fogo,Fogo,Sao Miguel,TRUE,Phyto,2018,Autumn,TRUE
Fogo,Fogo,Sao Miguel,TRUE,Phyto,2018,Spring,TRUE
Fogo,Fogo,Sao Miguel,TRUE,Phyto,2018,Summer,TRUE
Fogo,Fogo,Sao Miguel,TRUE,Phyto,2018,Winter,TRUE
Fogo,Fogo,Sao Miguel,TRUE,Phyto,2019,Autumn,FALSE
Fogo,Fogo,Sao Miguel,TRUE,Phyto,2019,Spring,FALSE
Fogo,Fogo,Sao Miguel,TRUE,Phyto,2019,Summer,FALSE
Fogo,Fogo,Sao Miguel,TRUE,Phyto,2019,Winter,FALSE
Fogo,Fogo,Sao Miguel,TRUE,Phyto,2020,Autumn,FALSE
Fogo,Fogo,Sao Miguel,TRUE,Phyto,2020,Spring,FALSE
Fogo,Fogo,Sao Miguel,TRUE,Phyto,2020,Summer,FALSE
Fogo,Fogo,Sao Miguel,TRUE,Phyto,2020,Winter,FALSE
Fogo,Fogo,Sao Miguel,TRUE,Phyto,2021,Autumn,FALSE
Fogo,Fogo,Sao Miguel,TRUE,Phyto,2021,Spring,FALSE
Fogo,Fogo,Sao Miguel,TRUE,Phyto,2021,Summer,FALSE
Fogo,Fogo,Sao Miguel,TRUE,Phyto,2021,Winter,FALSE
Fogo,Fogo,Sao Miguel,TRUE,Phyto,2022,Autumn,FALSE
Fogo,Fogo,Sao Miguel,TRUE,Phyto,2022,Spring,FALSE
Fogo,Fogo,Sao Miguel,TRUE,Phyto,2022,Summer,FALSE
Fogo,Fogo,Sao Miguel,TRUE,Phyto,2022,Winter,FALSE
Fogo,Fogo,Sao Miguel,TRUE,Phyto,2023,Autumn,FALSE
Fogo,Fogo,Sao Miguel,TRUE,Phyto,2023,Spring,FALSE
Fogo,Fogo,Sao Miguel,TRUE,Phyto,2023,Summer,FALSE
Fogo,Fogo,Sao Miguel,TRUE,Phyto,2023,Winter,FALSE
Fogo,Fogo,Sao Miguel,TRUE,Phyto,2024,Autumn,TRUE
Fogo,Fogo,Sao Miguel,TRUE,Phyto,2024,Spring,TRUE
Fogo,Fogo,Sao Miguel,TRUE,Phyto,2024,Summer,TRUE
Fogo,Fogo,Sao Miguel,TRUE,Phyto,2024,Winter,TRUE
Fogo,Fogo,Sao Miguel,TRUE,Phyto,2025,Autumn,TRUE
Fogo,Fogo,Sao Miguel,TRUE,Phyto,2025,Spring,TRUE
Fogo,Fogo,Sao Miguel,TRUE,Phyto,2025,Summer,TRUE
Fogo,Fogo,Sao Miguel,TRUE,Phyto,2025,Winter,TRUE
Fogo,Fogo,Sao Miguel,TRUE,Zoo,2003,Autumn,FALSE
Fogo,Fogo,Sao Miguel,TRUE,Zoo,2003,Spring,FALSE
Fogo,Fogo,Sao Miguel,TRUE,Zoo,2003,Summer,FALSE
Fogo,Fogo,Sao Miguel,TRUE,Zoo,2003,Winter,FALSE
Fogo,Fogo,Sao Miguel,TRUE,Zoo,2004,Autumn,FALSE
Fogo,Fogo,Sao Miguel,TRUE,Zoo,2004,Spring,FALSE
Fogo,Fogo,Sao Miguel,TRUE,Zoo,2004,Summer,FALSE
Fogo,Fogo,Sao Miguel,TRUE,Zoo,2004,Winter,FALSE
Fogo,Fogo,Sao Miguel,TRUE,Zoo,2005,Autumn,FALSE
Fogo,Fogo,Sao Miguel,TRUE,Zoo,2005,Spring,FALSE
Fogo,Fogo,Sao Miguel,TRUE,Zoo,2005,Summer,FALSE
Fogo,Fogo,Sao Miguel,TRUE,Zoo,2005,Winter,FALSE
Fogo,Fogo,Sao Miguel,TRUE,Zoo,2006,Autumn,FALSE
Fogo,Fogo,Sao Miguel,TRUE,Zoo,2006,Spring,FALSE
Fogo,Fogo,Sao Miguel,TRUE,Zoo,2006,Summer,FALSE
Fogo,Fogo,Sao Miguel,TRUE,Zoo,2006,Winter,FALSE
Fogo,Fogo,Sao Miguel,TRUE,Zoo,2007,Autumn,FALSE
Fogo,Fogo,Sao Miguel,TRUE,Zoo,2007,Spring,FALSE
Fogo,Fogo,Sao Miguel,TRUE,Zoo,2007,Summer,FALSE
Fogo,Fogo,Sao Miguel,TRUE,Zoo,2007,Winter,FALSE
Fogo,Fogo,Sao Miguel,TRUE,Zoo,2008,Autumn,FALSE
Fogo,Fogo,Sao Miguel,TRUE,Zoo,2008,Spring,FALSE
Fogo,Fogo,Sao Miguel,TRUE,Zoo,2008,Summer,FALSE
Fogo,Fogo,Sao Miguel,TRUE,Zoo,2008,Winter,FALSE
Fogo,Fogo,Sao Miguel,TRUE,Zoo,2009,Autumn,FALSE
Fogo,Fogo,Sao Miguel,TRUE,Zoo,2009,Spring,FALSE
Fogo,Fogo,Sao Miguel,TRUE,Zoo,2009,Summer,FALSE
Fogo,Fogo,Sao Miguel,TRUE,Zoo,2009,Winter,FALSE
Fogo,Fogo,Sao Miguel,TRUE,Zoo,2010,Autumn,FALSE
Fogo,Fogo,Sao Miguel,TRUE,Zoo,2010,Spring,FALSE
Fogo,Fogo,Sao Miguel,TRUE,Zoo,2010,Summer,FALSE
Fogo,Fogo,Sao Miguel,TRUE,Zoo,2010,Winter,FALSE
Fogo,Fogo,Sao Miguel,TRUE,Zoo,2011,Autumn,TRUE
Fogo,Fogo,Sao Miguel,TRUE,Zoo,2011,Spring,FALSE
Fogo,Fogo,Sao Miguel,TRUE,Zoo,2011,Summer,TRUE
Fogo,Fogo,Sao Miguel,TRUE,Zoo,2011,Winter,FALSE
Fogo,Fogo,Sao Miguel,TRUE,Zoo,2012,Autumn,FALSE
Fogo,Fogo,Sao Miguel,TRUE,Zoo,2012,Spring,TRUE
Fogo,Fogo,Sao Miguel,TRUE,Zoo,2012,Summer,FALSE
Fogo,Fogo,Sao Miguel,TRUE,Zoo,2012,Winter,TRUE
Fogo,Fogo,Sao Miguel,TRUE,Zoo,2013,Autumn,FALSE
Fogo,Fogo,Sao Miguel,TRUE,Zoo,2013,Spring,FALSE
Fogo,Fogo,Sao Miguel,TRUE,Zoo,2013,Summer,FALSE
Fogo,Fogo,Sao Miguel,TRUE,Zoo,2013,Winter,FALSE
Fogo,Fogo,Sao Miguel,TRUE,Zoo,2014,Autumn,FALSE
Fogo,Fogo,Sao Miguel,TRUE,Zoo,2014,Spring,FALSE
Fogo,Fogo,Sao Miguel,TRUE,Zoo,2014,Summer,FALSE
Fogo,Fogo,Sao Miguel,TRUE,Zoo,2014,Winter,FALSE
Fogo,Fogo,Sao Miguel,TRUE,Zoo,2015,Autumn,FALSE
Fogo,Fogo,Sao Miguel,TRUE,Zoo,2015,Spring,FALSE
Fogo,Fogo,Sao Miguel,TRUE,Zoo,2015,Summer,FALSE
Fogo,Fogo,Sao Miguel,TRUE,Zoo,2015,Winter,FALSE
Fogo,Fogo,Sao Miguel,TRUE,Zoo,2016,Autumn,FALSE
Fogo,Fogo,Sao Miguel,TRUE,Zoo,2016,Spring,FALSE
Fogo,Fogo,Sao Miguel,TRUE,Zoo,2016,Summer,FALSE
Fogo,Fogo,Sao Miguel,TRUE,Zoo,2016,Winter,FALSE
Fogo,Fogo,Sao Miguel,TRUE,Zoo,2017,Autumn,FALSE
Fogo,Fogo,Sao Miguel,TRUE,Zoo,2017,Spring,FALSE
Fogo,Fogo,Sao Miguel,TRUE,Zoo,2017,Summer,FALSE
Fogo,Fogo,Sao Miguel,TRUE,Zoo,2017,Winter,FALSE
Fogo,Fogo,Sao Miguel,TRUE,Zoo,2018,Autumn,FALSE
Fogo,Fogo,Sao Miguel,TRUE,Zoo,2018,Spring,FALSE
Fogo,Fogo,Sao Miguel,TRUE,Zoo,2018,Summer,FALSE
Fogo,Fogo,Sao Miguel,TRUE,Zoo,2018,Winter,FALSE
Fogo,Fogo,Sao Miguel,TRUE,Zoo,2019,Autumn,FALSE
Fogo,Fogo,Sao Miguel,TRUE,Zoo,2019,Spring,FALSE
Fogo,Fogo,Sao Miguel,TRUE,Zoo,2019,Summer,FALSE
Fogo,Fogo,Sao Miguel,TRUE,Zoo,2019,Winter,FALSE
Fogo,Fogo,Sao Miguel,TRUE,Zoo,2020,Autumn,FALSE
Fogo,Fogo,Sao Miguel,TRUE,Zoo,2020,Spring,FALSE
Fogo,Fogo,Sao Miguel,TRUE,Zoo,2020,Summer,FALSE
Fogo,Fogo,Sao Miguel,TRUE,Zoo,2020,Winter,FALSE
Fogo,Fogo,Sao Miguel,TRUE,Zoo,2021,Autumn,FALSE
Fogo,Fogo,Sao Miguel,TRUE,Zoo,2021,Spring,FALSE
Fogo,Fogo,Sao Miguel,TRUE,Zoo,2021,Summer,FALSE
Fogo,Fogo,Sao Miguel,TRUE,Zoo,2021,Winter,FALSE
Fogo,Fogo,Sao Miguel,TRUE,Zoo,2022,Autumn,FALSE
Fogo,Fogo,Sao Miguel,TRUE,Zoo,2022,Spring,FALSE
Fogo,Fogo,Sao Miguel,TRUE,Zoo,2022,Summer,FALSE
Fogo,Fogo,Sao Miguel,TRUE,Zoo,2022,Winter,FALSE
Fogo,Fogo,Sao Miguel,TRUE,Zoo,2023,Autumn,FALSE
Fogo,Fogo,Sao Miguel,TRUE,Zoo,2023,Spring,FALSE
Fogo,Fogo,Sao Miguel,TRUE,Zoo,2023,Summer,FALSE
Fogo,Fogo,Sao Miguel,TRUE,Zoo,2023,Winter,FALSE
Fogo,Fogo,Sao Miguel,TRUE,Zoo,2024,Autumn,FALSE
Fogo,Fogo,Sao Miguel,TRUE,Zoo,2024,Spring,FALSE
Fogo,Fogo,Sao Miguel,TRUE,Zoo,2024,Summer,FALSE
Fogo,Fogo,Sao Miguel,TRUE,Zoo,2024,Winter,FALSE
Fogo,Fogo,Sao Miguel,TRUE,Zoo,2025,Autumn,FALSE
Fogo,Fogo,Sao Miguel,TRUE,Zoo,2025,Spring,TRUE
Fogo,Fogo,Sao Miguel,TRUE,Zoo,2025,Summer,FALSE
Fogo,Fogo,Sao Miguel,TRUE,Zoo,2025,Winter,FALSE
Funda,Funda,Flores,FALSE,Diatom,2003,Autumn,FALSE
Funda,Funda,Flores,FALSE,Diatom,2003,Spring,FALSE
Funda,Funda,Flores,FALSE,Diatom,2003,Summer,FALSE
Funda,Funda,Flores,FALSE,Diatom,2003,Winter,FALSE
Funda,Funda,Flores,FALSE,Diatom,2004,Autumn,FALSE
Funda,Funda,Flores,FALSE,Diatom,2004,Spring,FALSE
Funda,Funda,Flores,FALSE,Diatom,2004,Summer,FALSE
Funda,Funda,Flores,FALSE,Diatom,2004,Winter,FALSE
Funda,Funda,Flores,FALSE,Diatom,2005,Autumn,FALSE
Funda,Funda,Flores,FALSE,Diatom,2005,Spring,FALSE
Funda,Funda,Flores,FALSE,Diatom,2005,Summer,TRUE
Funda,Funda,Flores,FALSE,Diatom,2005,Winter,TRUE
Funda,Funda,Flores,FALSE,Diatom,2006,Autumn,TRUE
Funda,Funda,Flores,FALSE,Diatom,2006,Spring,TRUE
Funda,Funda,Flores,FALSE,Diatom,2006,Summer,TRUE
Funda,Funda,Flores,FALSE,Diatom,2006,Winter,TRUE
Funda,Funda,Flores,FALSE,Diatom,2007,Autumn,FALSE
Funda,Funda,Flores,FALSE,Diatom,2007,Spring,FALSE
Funda,Funda,Flores,FALSE,Diatom,2007,Summer,FALSE
Funda,Funda,Flores,FALSE,Diatom,2007,Winter,FALSE
Funda,Funda,Flores,FALSE,Diatom,2008,Autumn,TRUE
Funda,Funda,Flores,FALSE,Diatom,2008,Spring,TRUE
Funda,Funda,Flores,FALSE,Diatom,2008,Summer,TRUE
Funda,Funda,Flores,FALSE,Diatom,2008,Winter,TRUE
Funda,Funda,Flores,FALSE,Diatom,2009,Autumn,FALSE
Funda,Funda,Flores,FALSE,Diatom,2009,Spring,FALSE
Funda,Funda,Flores,FALSE,Diatom,2009,Summer,TRUE
Funda,Funda,Flores,FALSE,Diatom,2009,Winter,FALSE
Funda,Funda,Flores,FALSE,Diatom,2010,Autumn,TRUE
Funda,Funda,Flores,FALSE,Diatom,2010,Spring,FALSE
Funda,Funda,Flores,FALSE,Diatom,2010,Summer,FALSE
Funda,Funda,Flores,FALSE,Diatom,2010,Winter,FALSE
Funda,Funda,Flores,FALSE,Diatom,2011,Autumn,FALSE
Funda,Funda,Flores,FALSE,Diatom,2011,Spring,TRUE
Funda,Funda,Flores,FALSE,Diatom,2011,Summer,TRUE
Funda,Funda,Flores,FALSE,Diatom,2011,Winter,FALSE
Funda,Funda,Flores,FALSE,Diatom,2012,Autumn,TRUE
Funda,Funda,Flores,FALSE,Diatom,2012,Spring,TRUE
Funda,Funda,Flores,FALSE,Diatom,2012,Summer,TRUE
Funda,Funda,Flores,FALSE,Diatom,2012,Winter,TRUE
Funda,Funda,Flores,FALSE,Diatom,2013,Autumn,FALSE
Funda,Funda,Flores,FALSE,Diatom,2013,Spring,FALSE
Funda,Funda,Flores,FALSE,Diatom,2013,Summer,FALSE
Funda,Funda,Flores,FALSE,Diatom,2013,Winter,FALSE
Funda,Funda,Flores,FALSE,Diatom,2014,Autumn,FALSE
Funda,Funda,Flores,FALSE,Diatom,2014,Spring,FALSE
Funda,Funda,Flores,FALSE,Diatom,2014,Summer,FALSE
Funda,Funda,Flores,FALSE,Diatom,2014,Winter,FALSE
Funda,Funda,Flores,FALSE,Diatom,2015,Autumn,TRUE
Funda,Funda,Flores,FALSE,Diatom,2015,Spring,FALSE
Funda,Funda,Flores,FALSE,Diatom,2015,Summer,FALSE
Funda,Funda,Flores,FALSE,Diatom,2015,Winter,FALSE
Funda,Funda,Flores,FALSE,Diatom,2016,Autumn,TRUE
Funda,Funda,Flores,FALSE,Diatom,2016,Spring,TRUE
Funda,Funda,Flores,FALSE,Diatom,2016,Summer,TRUE
Funda,Funda,Flores,FALSE,Diatom,2016,Winter,FALSE
Funda,Funda,Flores,FALSE,Diatom,2017,Autumn,TRUE
Funda,Funda,Flores,FALSE,Diatom,2017,Spring,FALSE
Funda,Funda,Flores,FALSE,Diatom,2017,Summer,FALSE
Funda,Funda,Flores,FALSE,Diatom,2017,Winter,TRUE
Funda,Funda,Flores,FALSE,Diatom,2018,Autumn,FALSE
Funda,Funda,Flores,FALSE,Diatom,2018,Spring,TRUE
Funda,Funda,Flores,FALSE,Diatom,2018,Summer,FALSE
Funda,Funda,Flores,FALSE,Diatom,2018,Winter,TRUE
Funda,Funda,Flores,FALSE,Diatom,2019,Autumn,FALSE
Funda,Funda,Flores,FALSE,Diatom,2019,Spring,FALSE
Funda,Funda,Flores,FALSE,Diatom,2019,Summer,FALSE
Funda,Funda,Flores,FALSE,Diatom,2019,Winter,FALSE
Funda,Funda,Flores,FALSE,Diatom,2020,Autumn,FALSE
Funda,Funda,Flores,FALSE,Diatom,2020,Spring,FALSE
Funda,Funda,Flores,FALSE,Diatom,2020,Summer,FALSE
Funda,Funda,Flores,FALSE,Diatom,2020,Winter,FALSE
Funda,Funda,Flores,FALSE,Diatom,2021,Autumn,FALSE
Funda,Funda,Flores,FALSE,Diatom,2021,Spring,FALSE
Funda,Funda,Flores,FALSE,Diatom,2021,Summer,FALSE
Funda,Funda,Flores,FALSE,Diatom,2021,Winter,FALSE
Funda,Funda,Flores,FALSE,Diatom,2022,Autumn,FALSE
Funda,Funda,Flores,FALSE,Diatom,2022,Spring,FALSE
Funda,Funda,Flores,FALSE,Diatom,2022,Summer,FALSE
Funda,Funda,Flores,FALSE,Diatom,2022,Winter,FALSE
Funda,Funda,Flores,FALSE,Diatom,2023,Autumn,FALSE
Funda,Funda,Flores,FALSE,Diatom,2023,Spring,FALSE
Funda,Funda,Flores,FALSE,Diatom,2023,Summer,FALSE
Funda,Funda,Flores,FALSE,Diatom,2023,Winter,FALSE
Funda,Funda,Flores,FALSE,Diatom,2024,Autumn,TRUE
Funda,Funda,Flores,FALSE,Diatom,2024,Spring,TRUE
Funda,Funda,Flores,FALSE,Diatom,2024,Summer,TRUE
Funda,Funda,Flores,FALSE,Diatom,2024,Winter,TRUE
Funda,Funda,Flores,FALSE,Diatom,2025,Autumn,TRUE
Funda,Funda,Flores,FALSE,Diatom,2025,Spring,TRUE
Funda,Funda,Flores,FALSE,Diatom,2025,Summer,TRUE
Funda,Funda,Flores,FALSE,Diatom,2025,Winter,TRUE
Funda,Funda,Flores,FALSE,Env,2003,Autumn,FALSE
Funda,Funda,Flores,FALSE,Env,2003,Spring,FALSE
Funda,Funda,Flores,FALSE,Env,2003,Summer,FALSE
Funda,Funda,Flores,FALSE,Env,2003,Winter,FALSE
Funda,Funda,Flores,FALSE,Env,2004,Autumn,TRUE
Funda,Funda,Flores,FALSE,Env,2004,Spring,FALSE
Funda,Funda,Flores,FALSE,Env,2004,Summer,FALSE
Funda,Funda,Flores,FALSE,Env,2004,Winter,FALSE
Funda,Funda,Flores,FALSE,Env,2005,Autumn,TRUE
Funda,Funda,Flores,FALSE,Env,2005,Spring,TRUE
Funda,Funda,Flores,FALSE,Env,2005,Summer,FALSE
Funda,Funda,Flores,FALSE,Env,2005,Winter,TRUE
Funda,Funda,Flores,FALSE,Env,2006,Autumn,TRUE
Funda,Funda,Flores,FALSE,Env,2006,Spring,TRUE
Funda,Funda,Flores,FALSE,Env,2006,Summer,TRUE
Funda,Funda,Flores,FALSE,Env,2006,Winter,TRUE
Funda,Funda,Flores,FALSE,Env,2007,Autumn,FALSE
Funda,Funda,Flores,FALSE,Env,2007,Spring,FALSE
Funda,Funda,Flores,FALSE,Env,2007,Summer,FALSE
Funda,Funda,Flores,FALSE,Env,2007,Winter,FALSE
Funda,Funda,Flores,FALSE,Env,2008,Autumn,TRUE
Funda,Funda,Flores,FALSE,Env,2008,Spring,TRUE
Funda,Funda,Flores,FALSE,Env,2008,Summer,TRUE
Funda,Funda,Flores,FALSE,Env,2008,Winter,TRUE
Funda,Funda,Flores,FALSE,Env,2009,Autumn,FALSE
Funda,Funda,Flores,FALSE,Env,2009,Spring,FALSE
Funda,Funda,Flores,FALSE,Env,2009,Summer,FALSE
Funda,Funda,Flores,FALSE,Env,2009,Winter,FALSE
Funda,Funda,Flores,FALSE,Env,2010,Autumn,TRUE
Funda,Funda,Flores,FALSE,Env,2010,Spring,TRUE
Funda,Funda,Flores,FALSE,Env,2010,Summer,TRUE
Funda,Funda,Flores,FALSE,Env,2010,Winter,TRUE
Funda,Funda,Flores,FALSE,Env,2011,Autumn,TRUE
Funda,Funda,Flores,FALSE,Env,2011,Spring,TRUE
Funda,Funda,Flores,FALSE,Env,2011,Summer,TRUE
Funda,Funda,Flores,FALSE,Env,2011,Winter,TRUE
Funda,Funda,Flores,FALSE,Env,2012,Autumn,TRUE
Funda,Funda,Flores,FALSE,Env,2012,Spring,TRUE
Funda,Funda,Flores,FALSE,Env,2012,Summer,TRUE
Funda,Funda,Flores,FALSE,Env,2012,Winter,TRUE
Funda,Funda,Flores,FALSE,Env,2013,Autumn,FALSE
Funda,Funda,Flores,FALSE,Env,2013,Spring,FALSE
Funda,Funda,Flores,FALSE,Env,2013,Summer,FALSE
Funda,Funda,Flores,FALSE,Env,2013,Winter,FALSE
Funda,Funda,Flores,FALSE,Env,2014,Autumn,FALSE
Funda,Funda,Flores,FALSE,Env,2014,Spring,FALSE
Funda,Funda,Flores,FALSE,Env,2014,Summer,FALSE
Funda,Funda,Flores,FALSE,Env,2014,Winter,FALSE
Funda,Funda,Flores,FALSE,Env,2015,Autumn,FALSE
Funda,Funda,Flores,FALSE,Env,2015,Spring,FALSE
Funda,Funda,Flores,FALSE,Env,2015,Summer,FALSE
Funda,Funda,Flores,FALSE,Env,2015,Winter,FALSE
Funda,Funda,Flores,FALSE,Env,2016,Autumn,FALSE
Funda,Funda,Flores,FALSE,Env,2016,Spring,FALSE
Funda,Funda,Flores,FALSE,Env,2016,Summer,FALSE
Funda,Funda,Flores,FALSE,Env,2016,Winter,FALSE
Funda,Funda,Flores,FALSE,Env,2017,Autumn,FALSE
Funda,Funda,Flores,FALSE,Env,2017,Spring,FALSE
Funda,Funda,Flores,FALSE,Env,2017,Summer,FALSE
Funda,Funda,Flores,FALSE,Env,2017,Winter,FALSE
Funda,Funda,Flores,FALSE,Env,2018,Autumn,FALSE
Funda,Funda,Flores,FALSE,Env,2018,Spring,TRUE
Funda,Funda,Flores,FALSE,Env,2018,Summer,FALSE
Funda,Funda,Flores,FALSE,Env,2018,Winter,FALSE
Funda,Funda,Flores,FALSE,Env,2019,Autumn,FALSE
Funda,Funda,Flores,FALSE,Env,2019,Spring,FALSE
Funda,Funda,Flores,FALSE,Env,2019,Summer,FALSE
Funda,Funda,Flores,FALSE,Env,2019,Winter,FALSE
Funda,Funda,Flores,FALSE,Env,2020,Autumn,FALSE
Funda,Funda,Flores,FALSE,Env,2020,Spring,FALSE
Funda,Funda,Flores,FALSE,Env,2020,Summer,FALSE
Funda,Funda,Flores,FALSE,Env,2020,Winter,FALSE
Funda,Funda,Flores,FALSE,Env,2021,Autumn,FALSE
Funda,Funda,Flores,FALSE,Env,2021,Spring,FALSE
Funda,Funda,Flores,FALSE,Env,2021,Summer,FALSE
Funda,Funda,Flores,FALSE,Env,2021,Winter,FALSE
Funda,Funda,Flores,FALSE,Env,2022,Autumn,FALSE
Funda,Funda,Flores,FALSE,Env,2022,Spring,FALSE
Funda,Funda,Flores,FALSE,Env,2022,Summer,FALSE
Funda,Funda,Flores,FALSE,Env,2022,Winter,FALSE
Funda,Funda,Flores,FALSE,Env,2023,Autumn,FALSE
Funda,Funda,Flores,FALSE,Env,2023,Spring,FALSE
Funda,Funda,Flores,FALSE,Env,2023,Summer,FALSE
Funda,Funda,Flores,FALSE,Env,2023,Winter,FALSE
Funda,Funda,Flores,FALSE,Env,2024,Autumn,TRUE
Funda,Funda,Flores,FALSE,Env,2024,Spring,TRUE
Funda,Funda,Flores,FALSE,Env,2024,Summer,TRUE
Funda,Funda,Flores,FALSE,Env,2024,Winter,TRUE
Funda,Funda,Flores,FALSE,Env,2025,Autumn,TRUE
Funda,Funda,Flores,FALSE,Env,2025,Spring,TRUE
Funda,Funda,Flores,FALSE,Env,2025,Summer,TRUE
Funda,Funda,Flores,FALSE,Env,2025,Winter,TRUE
Funda,Funda,Flores,FALSE,Macro,2003,Autumn,FALSE
Funda,Funda,Flores,FALSE,Macro,2003,Spring,FALSE
Funda,Funda,Flores,FALSE,Macro,2003,Summer,FALSE
Funda,Funda,Flores,FALSE,Macro,2003,Winter,FALSE
Funda,Funda,Flores,FALSE,Macro,2004,Autumn,FALSE
Funda,Funda,Flores,FALSE,Macro,2004,Spring,FALSE
Funda,Funda,Flores,FALSE,Macro,2004,Summer,FALSE
Funda,Funda,Flores,FALSE,Macro,2004,Winter,FALSE
Funda,Funda,Flores,FALSE,Macro,2005,Autumn,FALSE
Funda,Funda,Flores,FALSE,Macro,2005,Spring,FALSE
Funda,Funda,Flores,FALSE,Macro,2005,Summer,FALSE
Funda,Funda,Flores,FALSE,Macro,2005,Winter,FALSE
Funda,Funda,Flores,FALSE,Macro,2006,Autumn,FALSE
Funda,Funda,Flores,FALSE,Macro,2006,Spring,FALSE
Funda,Funda,Flores,FALSE,Macro,2006,Summer,FALSE
Funda,Funda,Flores,FALSE,Macro,2006,Winter,FALSE
Funda,Funda,Flores,FALSE,Macro,2007,Autumn,FALSE
Funda,Funda,Flores,FALSE,Macro,2007,Spring,FALSE
Funda,Funda,Flores,FALSE,Macro,2007,Summer,FALSE
Funda,Funda,Flores,FALSE,Macro,2007,Winter,FALSE
Funda,Funda,Flores,FALSE,Macro,2008,Autumn,FALSE
Funda,Funda,Flores,FALSE,Macro,2008,Spring,FALSE
Funda,Funda,Flores,FALSE,Macro,2008,Summer,FALSE
Funda,Funda,Flores,FALSE,Macro,2008,Winter,FALSE
Funda,Funda,Flores,FALSE,Macro,2009,Autumn,FALSE
Funda,Funda,Flores,FALSE,Macro,2009,Spring,FALSE
Funda,Funda,Flores,FALSE,Macro,2009,Summer,FALSE
Funda,Funda,Flores,FALSE,Macro,2009,Winter,FALSE
Funda,Funda,Flores,FALSE,Macro,2010,Autumn,FALSE
Funda,Funda,Flores,FALSE,Macro,2010,Spring,FALSE
Funda,Funda,Flores,FALSE,Macro,2010,Summer,FALSE
Funda,Funda,Flores,FALSE,Macro,2010,Winter,FALSE
Funda,Funda,Flores,FALSE,Macro,2011,Autumn,FALSE
Funda,Funda,Flores,FALSE,Macro,2011,Spring,FALSE
Funda,Funda,Flores,FALSE,Macro,2011,Summer,FALSE
Funda,Funda,Flores,FALSE,Macro,2011,Winter,FALSE
Funda,Funda,Flores,FALSE,Macro,2012,Autumn,FALSE
Funda,Funda,Flores,FALSE,Macro,2012,Spring,FALSE
Funda,Funda,Flores,FALSE,Macro,2012,Summer,FALSE
Funda,Funda,Flores,FALSE,Macro,2012,Winter,FALSE
Funda,Funda,Flores,FALSE,Macro,2013,Autumn,FALSE
Funda,Funda,Flores,FALSE,Macro,2013,Spring,FALSE
Funda,Funda,Flores,FALSE,Macro,2013,Summer,FALSE
Funda,Funda,Flores,FALSE,Macro,2013,Winter,FALSE
Funda,Funda,Flores,FALSE,Macro,2014,Autumn,FALSE
Funda,Funda,Flores,FALSE,Macro,2014,Spring,FALSE
Funda,Funda,Flores,FALSE,Macro,2014,Summer,FALSE
Funda,Funda,Flores,FALSE,Macro,2014,Winter,FALSE
Funda,Funda,Flores,FALSE,Macro,2015,Autumn,FALSE
Funda,Funda,Flores,FALSE,Macro,2015,Spring,FALSE
Funda,Funda,Flores,FALSE,Macro,2015,Summer,FALSE
Funda,Funda,Flores,FALSE,Macro,2015,Winter,FALSE
Funda,Funda,Flores,FALSE,Macro,2016,Autumn,FALSE
Funda,Funda,Flores,FALSE,Macro,2016,Spring,FALSE
Funda,Funda,Flores,FALSE,Macro,2016,Summer,FALSE
Funda,Funda,Flores,FALSE,Macro,2016,Winter,FALSE
Funda,Funda,Flores,FALSE,Macro,2017,Autumn,FALSE
Funda,Funda,Flores,FALSE,Macro,2017,Spring,FALSE
Funda,Funda,Flores,FALSE,Macro,2017,Summer,FALSE
Funda,Funda,Flores,FALSE,Macro,2017,Winter,FALSE
Funda,Funda,Flores,FALSE,Macro,2018,Autumn,FALSE
Funda,Funda,Flores,FALSE,Macro,2018,Spring,TRUE
Funda,Funda,Flores,FALSE,Macro,2018,Summer,FALSE
Funda,Funda,Flores,FALSE,Macro,2018,Winter,FALSE
Funda,Funda,Flores,FALSE,Macro,2019,Autumn,FALSE
Funda,Funda,Flores,FALSE,Macro,2019,Spring,FALSE
Funda,Funda,Flores,FALSE,Macro,2019,Summer,FALSE
Funda,Funda,Flores,FALSE,Macro,2019,Winter,FALSE
Funda,Funda,Flores,FALSE,Macro,2020,Autumn,FALSE
Funda,Funda,Flores,FALSE,Macro,2020,Spring,FALSE
Funda,Funda,Flores,FALSE,Macro,2020,Summer,FALSE
Funda,Funda,Flores,FALSE,Macro,2020,Winter,FALSE
Funda,Funda,Flores,FALSE,Macro,2021,Autumn,FALSE
Funda,Funda,Flores,FALSE,Macro,2021,Spring,FALSE
Funda,Funda,Flores,FALSE,Macro,2021,Summer,FALSE
Funda,Funda,Flores,FALSE,Macro,2021,Winter,FALSE
Funda,Funda,Flores,FALSE,Macro,2022,Autumn,FALSE
Funda,Funda,Flores,FALSE,Macro,2022,Spring,FALSE
Funda,Funda,Flores,FALSE,Macro,2022,Summer,FALSE
Funda,Funda,Flores,FALSE,Macro,2022,Winter,FALSE
Funda,Funda,Flores,FALSE,Macro,2023,Autumn,FALSE
Funda,Funda,Flores,FALSE,Macro,2023,Spring,FALSE
Funda,Funda,Flores,FALSE,Macro,2023,Summer,FALSE
Funda,Funda,Flores,FALSE,Macro,2023,Winter,FALSE
Funda,Funda,Flores,FALSE,Macro,2024,Autumn,TRUE
Funda,Funda,Flores,FALSE,Macro,2024,Spring,TRUE
Funda,Funda,Flores,FALSE,Macro,2024,Summer,TRUE
Funda,Funda,Flores,FALSE,Macro,2024,Winter,TRUE
Funda,Funda,Flores,FALSE,Macro,2025,Autumn,TRUE
Funda,Funda,Flores,FALSE,Macro,2025,Spring,TRUE
Funda,Funda,Flores,FALSE,Macro,2025,Summer,TRUE
Funda,Funda,Flores,FALSE,Macro,2025,Winter,TRUE
Funda,Funda,Flores,FALSE,Phyto,2003,Autumn,FALSE
Funda,Funda,Flores,FALSE,Phyto,2003,Spring,FALSE
Funda,Funda,Flores,FALSE,Phyto,2003,Summer,FALSE
Funda,Funda,Flores,FALSE,Phyto,2003,Winter,FALSE
Funda,Funda,Flores,FALSE,Phyto,2004,Autumn,TRUE
Funda,Funda,Flores,FALSE,Phyto,2004,Spring,FALSE
Funda,Funda,Flores,FALSE,Phyto,2004,Summer,FALSE
Funda,Funda,Flores,FALSE,Phyto,2004,Winter,FALSE
Funda,Funda,Flores,FALSE,Phyto,2005,Autumn,FALSE
Funda,Funda,Flores,FALSE,Phyto,2005,Spring,TRUE
Funda,Funda,Flores,FALSE,Phyto,2005,Summer,TRUE
Funda,Funda,Flores,FALSE,Phyto,2005,Winter,TRUE
Funda,Funda,Flores,FALSE,Phyto,2006,Autumn,TRUE
Funda,Funda,Flores,FALSE,Phyto,2006,Spring,TRUE
Funda,Funda,Flores,FALSE,Phyto,2006,Summer,TRUE
Funda,Funda,Flores,FALSE,Phyto,2006,Winter,TRUE
Funda,Funda,Flores,FALSE,Phyto,2007,Autumn,FALSE
Funda,Funda,Flores,FALSE,Phyto,2007,Spring,FALSE
Funda,Funda,Flores,FALSE,Phyto,2007,Summer,FALSE
Funda,Funda,Flores,FALSE,Phyto,2007,Winter,FALSE
Funda,Funda,Flores,FALSE,Phyto,2008,Autumn,TRUE
Funda,Funda,Flores,FALSE,Phyto,2008,Spring,TRUE
Funda,Funda,Flores,FALSE,Phyto,2008,Summer,TRUE
Funda,Funda,Flores,FALSE,Phyto,2008,Winter,TRUE
Funda,Funda,Flores,FALSE,Phyto,2009,Autumn,FALSE
Funda,Funda,Flores,FALSE,Phyto,2009,Spring,FALSE
Funda,Funda,Flores,FALSE,Phyto,2009,Summer,TRUE
Funda,Funda,Flores,FALSE,Phyto,2009,Winter,TRUE
Funda,Funda,Flores,FALSE,Phyto,2010,Autumn,TRUE
Funda,Funda,Flores,FALSE,Phyto,2010,Spring,TRUE
Funda,Funda,Flores,FALSE,Phyto,2010,Summer,TRUE
Funda,Funda,Flores,FALSE,Phyto,2010,Winter,TRUE
Funda,Funda,Flores,FALSE,Phyto,2011,Autumn,TRUE
Funda,Funda,Flores,FALSE,Phyto,2011,Spring,TRUE
Funda,Funda,Flores,FALSE,Phyto,2011,Summer,TRUE
Funda,Funda,Flores,FALSE,Phyto,2011,Winter,TRUE
Funda,Funda,Flores,FALSE,Phyto,2012,Autumn,TRUE
Funda,Funda,Flores,FALSE,Phyto,2012,Spring,TRUE
Funda,Funda,Flores,FALSE,Phyto,2012,Summer,TRUE
Funda,Funda,Flores,FALSE,Phyto,2012,Winter,TRUE
Funda,Funda,Flores,FALSE,Phyto,2013,Autumn,FALSE
Funda,Funda,Flores,FALSE,Phyto,2013,Spring,FALSE
Funda,Funda,Flores,FALSE,Phyto,2013,Summer,FALSE
Funda,Funda,Flores,FALSE,Phyto,2013,Winter,FALSE
Funda,Funda,Flores,FALSE,Phyto,2014,Autumn,FALSE
Funda,Funda,Flores,FALSE,Phyto,2014,Spring,FALSE
Funda,Funda,Flores,FALSE,Phyto,2014,Summer,FALSE
Funda,Funda,Flores,FALSE,Phyto,2014,Winter,FALSE
Funda,Funda,Flores,FALSE,Phyto,2015,Autumn,FALSE
Funda,Funda,Flores,FALSE,Phyto,2015,Spring,FALSE
Funda,Funda,Flores,FALSE,Phyto,2015,Summer,FALSE
Funda,Funda,Flores,FALSE,Phyto,2015,Winter,FALSE
Funda,Funda,Flores,FALSE,Phyto,2016,Autumn,FALSE
Funda,Funda,Flores,FALSE,Phyto,2016,Spring,FALSE
Funda,Funda,Flores,FALSE,Phyto,2016,Summer,FALSE
Funda,Funda,Flores,FALSE,Phyto,2016,Winter,FALSE
Funda,Funda,Flores,FALSE,Phyto,2017,Autumn,FALSE
Funda,Funda,Flores,FALSE,Phyto,2017,Spring,FALSE
Funda,Funda,Flores,FALSE,Phyto,2017,Summer,FALSE
Funda,Funda,Flores,FALSE,Phyto,2017,Winter,FALSE
Funda,Funda,Flores,FALSE,Phyto,2018,Autumn,TRUE
Funda,Funda,Flores,FALSE,Phyto,2018,Spring,TRUE
Funda,Funda,Flores,FALSE,Phyto,2018,Summer,TRUE
Funda,Funda,Flores,FALSE,Phyto,2018,Winter,TRUE
Funda,Funda,Flores,FALSE,Phyto,2019,Autumn,FALSE
Funda,Funda,Flores,FALSE,Phyto,2019,Spring,FALSE
Funda,Funda,Flores,FALSE,Phyto,2019,Summer,FALSE
Funda,Funda,Flores,FALSE,Phyto,2019,Winter,FALSE
Funda,Funda,Flores,FALSE,Phyto,2020,Autumn,FALSE
Funda,Funda,Flores,FALSE,Phyto,2020,Spring,FALSE
Funda,Funda,Flores,FALSE,Phyto,2020,Summer,FALSE
Funda,Funda,Flores,FALSE,Phyto,2020,Winter,FALSE
Funda,Funda,Flores,FALSE,Phyto,2021,Autumn,FALSE
Funda,Funda,Flores,FALSE,Phyto,2021,Spring,FALSE
Funda,Funda,Flores,FALSE,Phyto,2021,Summer,FALSE
Funda,Funda,Flores,FALSE,Phyto,2021,Winter,FALSE
Funda,Funda,Flores,FALSE,Phyto,2022,Autumn,FALSE
Funda,Funda,Flores,FALSE,Phyto,2022,Spring,FALSE
Funda,Funda,Flores,FALSE,Phyto,2022,Summer,FALSE
Funda,Funda,Flores,FALSE,Phyto,2022,Winter,FALSE
Funda,Funda,Flores,FALSE,Phyto,2023,Autumn,FALSE
Funda,Funda,Flores,FALSE,Phyto,2023,Spring,FALSE
Funda,Funda,Flores,FALSE,Phyto,2023,Summer,FALSE
Funda,Funda,Flores,FALSE,Phyto,2023,Winter,FALSE
Funda,Funda,Flores,FALSE,Phyto,2024,Autumn,TRUE
Funda,Funda,Flores,FALSE,Phyto,2024,Spring,TRUE
Funda,Funda,Flores,FALSE,Phyto,2024,Summer,TRUE
Funda,Funda,Flores,FALSE,Phyto,2024,Winter,TRUE
Funda,Funda,Flores,FALSE,Phyto,2025,Autumn,TRUE
Funda,Funda,Flores,FALSE,Phyto,2025,Spring,TRUE
Funda,Funda,Flores,FALSE,Phyto,2025,Summer,TRUE
Funda,Funda,Flores,FALSE,Phyto,2025,Winter,TRUE
Funda,Funda,Flores,FALSE,Zoo,2003,Autumn,FALSE
Funda,Funda,Flores,FALSE,Zoo,2003,Spring,FALSE
Funda,Funda,Flores,FALSE,Zoo,2003,Summer,FALSE
Funda,Funda,Flores,FALSE,Zoo,2003,Winter,FALSE
Funda,Funda,Flores,FALSE,Zoo,2004,Autumn,FALSE
Funda,Funda,Flores,FALSE,Zoo,2004,Spring,FALSE
Funda,Funda,Flores,FALSE,Zoo,2004,Summer,FALSE
Funda,Funda,Flores,FALSE,Zoo,2004,Winter,FALSE
Funda,Funda,Flores,FALSE,Zoo,2005,Autumn,FALSE
Funda,Funda,Flores,FALSE,Zoo,2005,Spring,FALSE
Funda,Funda,Flores,FALSE,Zoo,2005,Summer,FALSE
Funda,Funda,Flores,FALSE,Zoo,2005,Winter,FALSE
Funda,Funda,Flores,FALSE,Zoo,2006,Autumn,FALSE
Funda,Funda,Flores,FALSE,Zoo,2006,Spring,FALSE
Funda,Funda,Flores,FALSE,Zoo,2006,Summer,FALSE
Funda,Funda,Flores,FALSE,Zoo,2006,Winter,FALSE
Funda,Funda,Flores,FALSE,Zoo,2007,Autumn,FALSE
Funda,Funda,Flores,FALSE,Zoo,2007,Spring,FALSE
Funda,Funda,Flores,FALSE,Zoo,2007,Summer,FALSE
Funda,Funda,Flores,FALSE,Zoo,2007,Winter,FALSE
Funda,Funda,Flores,FALSE,Zoo,2008,Autumn,FALSE
Funda,Funda,Flores,FALSE,Zoo,2008,Spring,FALSE
Funda,Funda,Flores,FALSE,Zoo,2008,Summer,FALSE
Funda,Funda,Flores,FALSE,Zoo,2008,Winter,FALSE
Funda,Funda,Flores,FALSE,Zoo,2009,Autumn,FALSE
Funda,Funda,Flores,FALSE,Zoo,2009,Spring,FALSE
Funda,Funda,Flores,FALSE,Zoo,2009,Summer,FALSE
Funda,Funda,Flores,FALSE,Zoo,2009,Winter,FALSE
Funda,Funda,Flores,FALSE,Zoo,2010,Autumn,FALSE
Funda,Funda,Flores,FALSE,Zoo,2010,Spring,FALSE
Funda,Funda,Flores,FALSE,Zoo,2010,Summer,FALSE
Funda,Funda,Flores,FALSE,Zoo,2010,Winter,FALSE
Funda,Funda,Flores,FALSE,Zoo,2011,Autumn,TRUE
Funda,Funda,Flores,FALSE,Zoo,2011,Spring,FALSE
Funda,Funda,Flores,FALSE,Zoo,2011,Summer,TRUE
Funda,Funda,Flores,FALSE,Zoo,2011,Winter,FALSE
Funda,Funda,Flores,FALSE,Zoo,2012,Autumn,FALSE
Funda,Funda,Flores,FALSE,Zoo,2012,Spring,TRUE
Funda,Funda,Flores,FALSE,Zoo,2012,Summer,FALSE
Funda,Funda,Flores,FALSE,Zoo,2012,Winter,TRUE
Funda,Funda,Flores,FALSE,Zoo,2013,Autumn,FALSE
Funda,Funda,Flores,FALSE,Zoo,2013,Spring,FALSE
Funda,Funda,Flores,FALSE,Zoo,2013,Summer,FALSE
Funda,Funda,Flores,FALSE,Zoo,2013,Winter,FALSE
Funda,Funda,Flores,FALSE,Zoo,2014,Autumn,FALSE
Funda,Funda,Flores,FALSE,Zoo,2014,Spring,FALSE
Funda,Funda,Flores,FALSE,Zoo,2014,Summer,FALSE
Funda,Funda,Flores,FALSE,Zoo,2014,Winter,FALSE
Funda,Funda,Flores,FALSE,Zoo,2015,Autumn,FALSE
Funda,Funda,Flores,FALSE,Zoo,2015,Spring,FALSE
Funda,Funda,Flores,FALSE,Zoo,2015,Summer,FALSE
Funda,Funda,Flores,FALSE,Zoo,2015,Winter,FALSE
Funda,Funda,Flores,FALSE,Zoo,2016,Autumn,FALSE
Funda,Funda,Flores,FALSE,Zoo,2016,Spring,FALSE
Funda,Funda,Flores,FALSE,Zoo,2016,Summer,FALSE
Funda,Funda,Flores,FALSE,Zoo,2016,Winter,FALSE
Funda,Funda,Flores,FALSE,Zoo,2017,Autumn,FALSE
Funda,Funda,Flores,FALSE,Zoo,2017,Spring,FALSE
Funda,Funda,Flores,FALSE,Zoo,2017,Summer,FALSE
Funda,Funda,Flores,FALSE,Zoo,2017,Winter,FALSE
Funda,Funda,Flores,FALSE,Zoo,2018,Autumn,FALSE
Funda,Funda,Flores,FALSE,Zoo,2018,Spring,FALSE
Funda,Funda,Flores,FALSE,Zoo,2018,Summer,FALSE
Funda,Funda,Flores,FALSE,Zoo,2018,Winter,FALSE
Funda,Funda,Flores,FALSE,Zoo,2019,Autumn,FALSE
Funda,Funda,Flores,FALSE,Zoo,2019,Spring,FALSE
Funda,Funda,Flores,FALSE,Zoo,2019,Summer,FALSE
Funda,Funda,Flores,FALSE,Zoo,2019,Winter,FALSE
Funda,Funda,Flores,FALSE,Zoo,2020,Autumn,FALSE
Funda,Funda,Flores,FALSE,Zoo,2020,Spring,FALSE
Funda,Funda,Flores,FALSE,Zoo,2020,Summer,FALSE
Funda,Funda,Flores,FALSE,Zoo,2020,Winter,FALSE
Funda,Funda,Flores,FALSE,Zoo,2021,Autumn,FALSE
Funda,Funda,Flores,FALSE,Zoo,2021,Spring,FALSE
Funda,Funda,Flores,FALSE,Zoo,2021,Summer,FALSE
Funda,Funda,Flores,FALSE,Zoo,2021,Winter,FALSE
Funda,Funda,Flores,FALSE,Zoo,2022,Autumn,FALSE
Funda,Funda,Flores,FALSE,Zoo,2022,Spring,FALSE
Funda,Funda,Flores,FALSE,Zoo,2022,Summer,FALSE
Funda,Funda,Flores,FALSE,Zoo,2022,Winter,FALSE
Funda,Funda,Flores,FALSE,Zoo,2023,Autumn,FALSE
Funda,Funda,Flores,FALSE,Zoo,2023,Spring,FALSE
Funda,Funda,Flores,FALSE,Zoo,2023,Summer,FALSE
Funda,Funda,Flores,FALSE,Zoo,2023,Winter,FALSE
Funda,Funda,Flores,FALSE,Zoo,2024,Autumn,FALSE
Funda,Funda,Flores,FALSE,Zoo,2024,Spring,FALSE
Funda,Funda,Flores,FALSE,Zoo,2024,Summer,FALSE
Funda,Funda,Flores,FALSE,Zoo,2024,Winter,FALSE
Funda,Funda,Flores,FALSE,Zoo,2025,Autumn,FALSE
Funda,Funda,Flores,FALSE,Zoo,2025,Spring,TRUE
Funda,Funda,Flores,FALSE,Zoo,2025,Summer,FALSE
Funda,Funda,Flores,FALSE,Zoo,2025,Winter,FALSE
Furnas,Furnas,Sao Miguel,TRUE,Diatom,2003,Autumn,TRUE
Furnas,Furnas,Sao Miguel,TRUE,Diatom,2003,Spring,FALSE
Furnas,Furnas,Sao Miguel,TRUE,Diatom,2003,Summer,FALSE
Furnas,Furnas,Sao Miguel,TRUE,Diatom,2003,Winter,FALSE
Furnas,Furnas,Sao Miguel,TRUE,Diatom,2004,Autumn,FALSE
Furnas,Furnas,Sao Miguel,TRUE,Diatom,2004,Spring,TRUE
Furnas,Furnas,Sao Miguel,TRUE,Diatom,2004,Summer,TRUE
Furnas,Furnas,Sao Miguel,TRUE,Diatom,2004,Winter,TRUE
Furnas,Furnas,Sao Miguel,TRUE,Diatom,2005,Autumn,FALSE
Furnas,Furnas,Sao Miguel,TRUE,Diatom,2005,Spring,TRUE
Furnas,Furnas,Sao Miguel,TRUE,Diatom,2005,Summer,TRUE
Furnas,Furnas,Sao Miguel,TRUE,Diatom,2005,Winter,TRUE
Furnas,Furnas,Sao Miguel,TRUE,Diatom,2006,Autumn,FALSE
Furnas,Furnas,Sao Miguel,TRUE,Diatom,2006,Spring,TRUE
Furnas,Furnas,Sao Miguel,TRUE,Diatom,2006,Summer,TRUE
Furnas,Furnas,Sao Miguel,TRUE,Diatom,2006,Winter,TRUE
Furnas,Furnas,Sao Miguel,TRUE,Diatom,2007,Autumn,FALSE
Furnas,Furnas,Sao Miguel,TRUE,Diatom,2007,Spring,FALSE
Furnas,Furnas,Sao Miguel,TRUE,Diatom,2007,Summer,FALSE
Furnas,Furnas,Sao Miguel,TRUE,Diatom,2007,Winter,TRUE
Furnas,Furnas,Sao Miguel,TRUE,Diatom,2008,Autumn,TRUE
Furnas,Furnas,Sao Miguel,TRUE,Diatom,2008,Spring,TRUE
Furnas,Furnas,Sao Miguel,TRUE,Diatom,2008,Summer,TRUE
Furnas,Furnas,Sao Miguel,TRUE,Diatom,2008,Winter,TRUE
Furnas,Furnas,Sao Miguel,TRUE,Diatom,2009,Autumn,TRUE
Furnas,Furnas,Sao Miguel,TRUE,Diatom,2009,Spring,FALSE
Furnas,Furnas,Sao Miguel,TRUE,Diatom,2009,Summer,FALSE
Furnas,Furnas,Sao Miguel,TRUE,Diatom,2009,Winter,TRUE
Furnas,Furnas,Sao Miguel,TRUE,Diatom,2010,Autumn,TRUE
Furnas,Furnas,Sao Miguel,TRUE,Diatom,2010,Spring,TRUE
Furnas,Furnas,Sao Miguel,TRUE,Diatom,2010,Summer,TRUE
Furnas,Furnas,Sao Miguel,TRUE,Diatom,2010,Winter,TRUE
Furnas,Furnas,Sao Miguel,TRUE,Diatom,2011,Autumn,TRUE
Furnas,Furnas,Sao Miguel,TRUE,Diatom,2011,Spring,TRUE
Furnas,Furnas,Sao Miguel,TRUE,Diatom,2011,Summer,TRUE
Furnas,Furnas,Sao Miguel,TRUE,Diatom,2011,Winter,TRUE
Furnas,Furnas,Sao Miguel,TRUE,Diatom,2012,Autumn,TRUE
Furnas,Furnas,Sao Miguel,TRUE,Diatom,2012,Spring,TRUE
Furnas,Furnas,Sao Miguel,TRUE,Diatom,2012,Summer,TRUE
Furnas,Furnas,Sao Miguel,TRUE,Diatom,2012,Winter,TRUE
Furnas,Furnas,Sao Miguel,TRUE,Diatom,2013,Autumn,FALSE
Furnas,Furnas,Sao Miguel,TRUE,Diatom,2013,Spring,FALSE
Furnas,Furnas,Sao Miguel,TRUE,Diatom,2013,Summer,FALSE
Furnas,Furnas,Sao Miguel,TRUE,Diatom,2013,Winter,FALSE
Furnas,Furnas,Sao Miguel,TRUE,Diatom,2014,Autumn,FALSE
Furnas,Furnas,Sao Miguel,TRUE,Diatom,2014,Spring,FALSE
Furnas,Furnas,Sao Miguel,TRUE,Diatom,2014,Summer,FALSE
Furnas,Furnas,Sao Miguel,TRUE,Diatom,2014,Winter,FALSE
Furnas,Furnas,Sao Miguel,TRUE,Diatom,2015,Autumn,TRUE
Furnas,Furnas,Sao Miguel,TRUE,Diatom,2015,Spring,FALSE
Furnas,Furnas,Sao Miguel,TRUE,Diatom,2015,Summer,FALSE
Furnas,Furnas,Sao Miguel,TRUE,Diatom,2015,Winter,FALSE
Furnas,Furnas,Sao Miguel,TRUE,Diatom,2016,Autumn,TRUE
Furnas,Furnas,Sao Miguel,TRUE,Diatom,2016,Spring,TRUE
Furnas,Furnas,Sao Miguel,TRUE,Diatom,2016,Summer,FALSE
Furnas,Furnas,Sao Miguel,TRUE,Diatom,2016,Winter,TRUE
Furnas,Furnas,Sao Miguel,TRUE,Diatom,2017,Autumn,TRUE
Furnas,Furnas,Sao Miguel,TRUE,Diatom,2017,Spring,FALSE
Furnas,Furnas,Sao Miguel,TRUE,Diatom,2017,Summer,FALSE
Furnas,Furnas,Sao Miguel,TRUE,Diatom,2017,Winter,TRUE
Furnas,Furnas,Sao Miguel,TRUE,Diatom,2018,Autumn,FALSE
Furnas,Furnas,Sao Miguel,TRUE,Diatom,2018,Spring,TRUE
Furnas,Furnas,Sao Miguel,TRUE,Diatom,2018,Summer,TRUE
Furnas,Furnas,Sao Miguel,TRUE,Diatom,2018,Winter,TRUE
Furnas,Furnas,Sao Miguel,TRUE,Diatom,2019,Autumn,FALSE
Furnas,Furnas,Sao Miguel,TRUE,Diatom,2019,Spring,FALSE
Furnas,Furnas,Sao Miguel,TRUE,Diatom,2019,Summer,FALSE
Furnas,Furnas,Sao Miguel,TRUE,Diatom,2019,Winter,FALSE
Furnas,Furnas,Sao Miguel,TRUE,Diatom,2020,Autumn,FALSE
Furnas,Furnas,Sao Miguel,TRUE,Diatom,2020,Spring,FALSE
Furnas,Furnas,Sao Miguel,TRUE,Diatom,2020,Summer,FALSE
Furnas,Furnas,Sao Miguel,TRUE,Diatom,2020,Winter,FALSE
Furnas,Furnas,Sao Miguel,TRUE,Diatom,2021,Autumn,FALSE
Furnas,Furnas,Sao Miguel,TRUE,Diatom,2021,Spring,FALSE
Furnas,Furnas,Sao Miguel,TRUE,Diatom,2021,Summer,FALSE
Furnas,Furnas,Sao Miguel,TRUE,Diatom,2021,Winter,FALSE
Furnas,Furnas,Sao Miguel,TRUE,Diatom,2022,Autumn,FALSE
Furnas,Furnas,Sao Miguel,TRUE,Diatom,2022,Spring,FALSE
Furnas,Furnas,Sao Miguel,TRUE,Diatom,2022,Summer,FALSE
Furnas,Furnas,Sao Miguel,TRUE,Diatom,2022,Winter,FALSE
Furnas,Furnas,Sao Miguel,TRUE,Diatom,2023,Autumn,FALSE
Furnas,Furnas,Sao Miguel,TRUE,Diatom,2023,Spring,FALSE
Furnas,Furnas,Sao Miguel,TRUE,Diatom,2023,Summer,FALSE
Furnas,Furnas,Sao Miguel,TRUE,Diatom,2023,Winter,FALSE
Furnas,Furnas,Sao Miguel,TRUE,Diatom,2024,Autumn,TRUE
Furnas,Furnas,Sao Miguel,TRUE,Diatom,2024,Spring,TRUE
Furnas,Furnas,Sao Miguel,TRUE,Diatom,2024,Summer,TRUE
Furnas,Furnas,Sao Miguel,TRUE,Diatom,2024,Winter,TRUE
Furnas,Furnas,Sao Miguel,TRUE,Diatom,2025,Autumn,TRUE
Furnas,Furnas,Sao Miguel,TRUE,Diatom,2025,Spring,TRUE
Furnas,Furnas,Sao Miguel,TRUE,Diatom,2025,Summer,TRUE
Furnas,Furnas,Sao Miguel,TRUE,Diatom,2025,Winter,TRUE
Furnas,Furnas,Sao Miguel,TRUE,Env,2003,Autumn,TRUE
Furnas,Furnas,Sao Miguel,TRUE,Env,2003,Spring,FALSE
Furnas,Furnas,Sao Miguel,TRUE,Env,2003,Summer,FALSE
Furnas,Furnas,Sao Miguel,TRUE,Env,2003,Winter,FALSE
Furnas,Furnas,Sao Miguel,TRUE,Env,2004,Autumn,FALSE
Furnas,Furnas,Sao Miguel,TRUE,Env,2004,Spring,TRUE
Furnas,Furnas,Sao Miguel,TRUE,Env,2004,Summer,TRUE
Furnas,Furnas,Sao Miguel,TRUE,Env,2004,Winter,TRUE
Furnas,Furnas,Sao Miguel,TRUE,Env,2005,Autumn,FALSE
Furnas,Furnas,Sao Miguel,TRUE,Env,2005,Spring,TRUE
Furnas,Furnas,Sao Miguel,TRUE,Env,2005,Summer,TRUE
Furnas,Furnas,Sao Miguel,TRUE,Env,2005,Winter,TRUE
Furnas,Furnas,Sao Miguel,TRUE,Env,2006,Autumn,FALSE
Furnas,Furnas,Sao Miguel,TRUE,Env,2006,Spring,TRUE
Furnas,Furnas,Sao Miguel,TRUE,Env,2006,Summer,TRUE
Furnas,Furnas,Sao Miguel,TRUE,Env,2006,Winter,TRUE
Furnas,Furnas,Sao Miguel,TRUE,Env,2007,Autumn,FALSE
Furnas,Furnas,Sao Miguel,TRUE,Env,2007,Spring,TRUE
Furnas,Furnas,Sao Miguel,TRUE,Env,2007,Summer,FALSE
Furnas,Furnas,Sao Miguel,TRUE,Env,2007,Winter,TRUE
Furnas,Furnas,Sao Miguel,TRUE,Env,2008,Autumn,TRUE
Furnas,Furnas,Sao Miguel,TRUE,Env,2008,Spring,TRUE
Furnas,Furnas,Sao Miguel,TRUE,Env,2008,Summer,TRUE
Furnas,Furnas,Sao Miguel,TRUE,Env,2008,Winter,TRUE
Furnas,Furnas,Sao Miguel,TRUE,Env,2009,Autumn,FALSE
Furnas,Furnas,Sao Miguel,TRUE,Env,2009,Spring,FALSE
Furnas,Furnas,Sao Miguel,TRUE,Env,2009,Summer,FALSE
Furnas,Furnas,Sao Miguel,TRUE,Env,2009,Winter,FALSE
Furnas,Furnas,Sao Miguel,TRUE,Env,2010,Autumn,TRUE
Furnas,Furnas,Sao Miguel,TRUE,Env,2010,Spring,TRUE
Furnas,Furnas,Sao Miguel,TRUE,Env,2010,Summer,TRUE
Furnas,Furnas,Sao Miguel,TRUE,Env,2010,Winter,TRUE
Furnas,Furnas,Sao Miguel,TRUE,Env,2011,Autumn,TRUE
Furnas,Furnas,Sao Miguel,TRUE,Env,2011,Spring,TRUE
Furnas,Furnas,Sao Miguel,TRUE,Env,2011,Summer,TRUE
Furnas,Furnas,Sao Miguel,TRUE,Env,2011,Winter,TRUE
Furnas,Furnas,Sao Miguel,TRUE,Env,2012,Autumn,TRUE
Furnas,Furnas,Sao Miguel,TRUE,Env,2012,Spring,TRUE
Furnas,Furnas,Sao Miguel,TRUE,Env,2012,Summer,TRUE
Furnas,Furnas,Sao Miguel,TRUE,Env,2012,Winter,TRUE
Furnas,Furnas,Sao Miguel,TRUE,Env,2013,Autumn,FALSE
Furnas,Furnas,Sao Miguel,TRUE,Env,2013,Spring,FALSE
Furnas,Furnas,Sao Miguel,TRUE,Env,2013,Summer,FALSE
Furnas,Furnas,Sao Miguel,TRUE,Env,2013,Winter,FALSE
Furnas,Furnas,Sao Miguel,TRUE,Env,2014,Autumn,FALSE
Furnas,Furnas,Sao Miguel,TRUE,Env,2014,Spring,FALSE
Furnas,Furnas,Sao Miguel,TRUE,Env,2014,Summer,FALSE
Furnas,Furnas,Sao Miguel,TRUE,Env,2014,Winter,FALSE
Furnas,Furnas,Sao Miguel,TRUE,Env,2015,Autumn,FALSE
Furnas,Furnas,Sao Miguel,TRUE,Env,2015,Spring,FALSE
Furnas,Furnas,Sao Miguel,TRUE,Env,2015,Summer,FALSE
Furnas,Furnas,Sao Miguel,TRUE,Env,2015,Winter,FALSE
Furnas,Furnas,Sao Miguel,TRUE,Env,2016,Autumn,FALSE
Furnas,Furnas,Sao Miguel,TRUE,Env,2016,Spring,FALSE
Furnas,Furnas,Sao Miguel,TRUE,Env,2016,Summer,FALSE
Furnas,Furnas,Sao Miguel,TRUE,Env,2016,Winter,FALSE
Furnas,Furnas,Sao Miguel,TRUE,Env,2017,Autumn,FALSE
Furnas,Furnas,Sao Miguel,TRUE,Env,2017,Spring,FALSE
Furnas,Furnas,Sao Miguel,TRUE,Env,2017,Summer,FALSE
Furnas,Furnas,Sao Miguel,TRUE,Env,2017,Winter,FALSE
Furnas,Furnas,Sao Miguel,TRUE,Env,2018,Autumn,FALSE
Furnas,Furnas,Sao Miguel,TRUE,Env,2018,Spring,TRUE
Furnas,Furnas,Sao Miguel,TRUE,Env,2018,Summer,FALSE
Furnas,Furnas,Sao Miguel,TRUE,Env,2018,Winter,FALSE
Furnas,Furnas,Sao Miguel,TRUE,Env,2019,Autumn,FALSE
Furnas,Furnas,Sao Miguel,TRUE,Env,2019,Spring,FALSE
Furnas,Furnas,Sao Miguel,TRUE,Env,2019,Summer,FALSE
Furnas,Furnas,Sao Miguel,TRUE,Env,2019,Winter,FALSE
Furnas,Furnas,Sao Miguel,TRUE,Env,2020,Autumn,FALSE
Furnas,Furnas,Sao Miguel,TRUE,Env,2020,Spring,FALSE
Furnas,Furnas,Sao Miguel,TRUE,Env,2020,Summer,FALSE
Furnas,Furnas,Sao Miguel,TRUE,Env,2020,Winter,FALSE
Furnas,Furnas,Sao Miguel,TRUE,Env,2021,Autumn,FALSE
Furnas,Furnas,Sao Miguel,TRUE,Env,2021,Spring,FALSE
Furnas,Furnas,Sao Miguel,TRUE,Env,2021,Summer,FALSE
Furnas,Furnas,Sao Miguel,TRUE,Env,2021,Winter,FALSE
Furnas,Furnas,Sao Miguel,TRUE,Env,2022,Autumn,FALSE
Furnas,Furnas,Sao Miguel,TRUE,Env,2022,Spring,FALSE
Furnas,Furnas,Sao Miguel,TRUE,Env,2022,Summer,FALSE
Furnas,Furnas,Sao Miguel,TRUE,Env,2022,Winter,FALSE
Furnas,Furnas,Sao Miguel,TRUE,Env,2023,Autumn,FALSE
Furnas,Furnas,Sao Miguel,TRUE,Env,2023,Spring,FALSE
Furnas,Furnas,Sao Miguel,TRUE,Env,2023,Summer,FALSE
Furnas,Furnas,Sao Miguel,TRUE,Env,2023,Winter,FALSE
Furnas,Furnas,Sao Miguel,TRUE,Env,2024,Autumn,TRUE
Furnas,Furnas,Sao Miguel,TRUE,Env,2024,Spring,TRUE
Furnas,Furnas,Sao Miguel,TRUE,Env,2024,Summer,TRUE
Furnas,Furnas,Sao Miguel,TRUE,Env,2024,Winter,TRUE
Furnas,Furnas,Sao Miguel,TRUE,Env,2025,Autumn,TRUE
Furnas,Furnas,Sao Miguel,TRUE,Env,2025,Spring,TRUE
Furnas,Furnas,Sao Miguel,TRUE,Env,2025,Summer,TRUE
Furnas,Furnas,Sao Miguel,TRUE,Env,2025,Winter,TRUE
Furnas,Furnas,Sao Miguel,TRUE,Macro,2003,Autumn,TRUE
Furnas,Furnas,Sao Miguel,TRUE,Macro,2003,Spring,FALSE
Furnas,Furnas,Sao Miguel,TRUE,Macro,2003,Summer,FALSE
Furnas,Furnas,Sao Miguel,TRUE,Macro,2003,Winter,FALSE
Furnas,Furnas,Sao Miguel,TRUE,Macro,2004,Autumn,FALSE
Furnas,Furnas,Sao Miguel,TRUE,Macro,2004,Spring,TRUE
Furnas,Furnas,Sao Miguel,TRUE,Macro,2004,Summer,TRUE
Furnas,Furnas,Sao Miguel,TRUE,Macro,2004,Winter,TRUE
Furnas,Furnas,Sao Miguel,TRUE,Macro,2005,Autumn,FALSE
Furnas,Furnas,Sao Miguel,TRUE,Macro,2005,Spring,TRUE
Furnas,Furnas,Sao Miguel,TRUE,Macro,2005,Summer,TRUE
Furnas,Furnas,Sao Miguel,TRUE,Macro,2005,Winter,TRUE
Furnas,Furnas,Sao Miguel,TRUE,Macro,2006,Autumn,FALSE
Furnas,Furnas,Sao Miguel,TRUE,Macro,2006,Spring,TRUE
Furnas,Furnas,Sao Miguel,TRUE,Macro,2006,Summer,TRUE
Furnas,Furnas,Sao Miguel,TRUE,Macro,2006,Winter,TRUE
Furnas,Furnas,Sao Miguel,TRUE,Macro,2007,Autumn,FALSE
Furnas,Furnas,Sao Miguel,TRUE,Macro,2007,Spring,FALSE
Furnas,Furnas,Sao Miguel,TRUE,Macro,2007,Summer,FALSE
Furnas,Furnas,Sao Miguel,TRUE,Macro,2007,Winter,FALSE
Furnas,Furnas,Sao Miguel,TRUE,Macro,2008,Autumn,TRUE
Furnas,Furnas,Sao Miguel,TRUE,Macro,2008,Spring,TRUE
Furnas,Furnas,Sao Miguel,TRUE,Macro,2008,Summer,TRUE
Furnas,Furnas,Sao Miguel,TRUE,Macro,2008,Winter,TRUE
Furnas,Furnas,Sao Miguel,TRUE,Macro,2009,Autumn,FALSE
Furnas,Furnas,Sao Miguel,TRUE,Macro,2009,Spring,FALSE
Furnas,Furnas,Sao Miguel,TRUE,Macro,2009,Summer,TRUE
Furnas,Furnas,Sao Miguel,TRUE,Macro,2009,Winter,TRUE
Furnas,Furnas,Sao Miguel,TRUE,Macro,2010,Autumn,TRUE
Furnas,Furnas,Sao Miguel,TRUE,Macro,2010,Spring,TRUE
Furnas,Furnas,Sao Miguel,TRUE,Macro,2010,Summer,TRUE
Furnas,Furnas,Sao Miguel,TRUE,Macro,2010,Winter,TRUE
Furnas,Furnas,Sao Miguel,TRUE,Macro,2011,Autumn,TRUE
Furnas,Furnas,Sao Miguel,TRUE,Macro,2011,Spring,TRUE
Furnas,Furnas,Sao Miguel,TRUE,Macro,2011,Summer,TRUE
Furnas,Furnas,Sao Miguel,TRUE,Macro,2011,Winter,TRUE
Furnas,Furnas,Sao Miguel,TRUE,Macro,2012,Autumn,TRUE
Furnas,Furnas,Sao Miguel,TRUE,Macro,2012,Spring,TRUE
Furnas,Furnas,Sao Miguel,TRUE,Macro,2012,Summer,TRUE
Furnas,Furnas,Sao Miguel,TRUE,Macro,2012,Winter,TRUE
Furnas,Furnas,Sao Miguel,TRUE,Macro,2013,Autumn,FALSE
Furnas,Furnas,Sao Miguel,TRUE,Macro,2013,Spring,FALSE
Furnas,Furnas,Sao Miguel,TRUE,Macro,2013,Summer,FALSE
Furnas,Furnas,Sao Miguel,TRUE,Macro,2013,Winter,FALSE
Furnas,Furnas,Sao Miguel,TRUE,Macro,2014,Autumn,FALSE
Furnas,Furnas,Sao Miguel,TRUE,Macro,2014,Spring,FALSE
Furnas,Furnas,Sao Miguel,TRUE,Macro,2014,Summer,FALSE
Furnas,Furnas,Sao Miguel,TRUE,Macro,2014,Winter,FALSE
Furnas,Furnas,Sao Miguel,TRUE,Macro,2015,Autumn,FALSE
Furnas,Furnas,Sao Miguel,TRUE,Macro,2015,Spring,FALSE
Furnas,Furnas,Sao Miguel,TRUE,Macro,2015,Summer,FALSE
Furnas,Furnas,Sao Miguel,TRUE,Macro,2015,Winter,FALSE
Furnas,Furnas,Sao Miguel,TRUE,Macro,2016,Autumn,FALSE
Furnas,Furnas,Sao Miguel,TRUE,Macro,2016,Spring,FALSE
Furnas,Furnas,Sao Miguel,TRUE,Macro,2016,Summer,FALSE
Furnas,Furnas,Sao Miguel,TRUE,Macro,2016,Winter,FALSE
Furnas,Furnas,Sao Miguel,TRUE,Macro,2017,Autumn,FALSE
Furnas,Furnas,Sao Miguel,TRUE,Macro,2017,Spring,FALSE
Furnas,Furnas,Sao Miguel,TRUE,Macro,2017,Summer,FALSE
Furnas,Furnas,Sao Miguel,TRUE,Macro,2017,Winter,FALSE
Furnas,Furnas,Sao Miguel,TRUE,Macro,2018,Autumn,FALSE
Furnas,Furnas,Sao Miguel,TRUE,Macro,2018,Spring,TRUE
Furnas,Furnas,Sao Miguel,TRUE,Macro,2018,Summer,FALSE
Furnas,Furnas,Sao Miguel,TRUE,Macro,2018,Winter,FALSE
Furnas,Furnas,Sao Miguel,TRUE,Macro,2019,Autumn,FALSE
Furnas,Furnas,Sao Miguel,TRUE,Macro,2019,Spring,FALSE
Furnas,Furnas,Sao Miguel,TRUE,Macro,2019,Summer,FALSE
Furnas,Furnas,Sao Miguel,TRUE,Macro,2019,Winter,FALSE
Furnas,Furnas,Sao Miguel,TRUE,Macro,2020,Autumn,FALSE
Furnas,Furnas,Sao Miguel,TRUE,Macro,2020,Spring,FALSE
Furnas,Furnas,Sao Miguel,TRUE,Macro,2020,Summer,FALSE
Furnas,Furnas,Sao Miguel,TRUE,Macro,2020,Winter,FALSE
Furnas,Furnas,Sao Miguel,TRUE,Macro,2021,Autumn,FALSE
Furnas,Furnas,Sao Miguel,TRUE,Macro,2021,Spring,FALSE
Furnas,Furnas,Sao Miguel,TRUE,Macro,2021,Summer,FALSE
Furnas,Furnas,Sao Miguel,TRUE,Macro,2021,Winter,FALSE
Furnas,Furnas,Sao Miguel,TRUE,Macro,2022,Autumn,FALSE
Furnas,Furnas,Sao Miguel,TRUE,Macro,2022,Spring,FALSE
Furnas,Furnas,Sao Miguel,TRUE,Macro,2022,Summer,FALSE
Furnas,Furnas,Sao Miguel,TRUE,Macro,2022,Winter,FALSE
Furnas,Furnas,Sao Miguel,TRUE,Macro,2023,Autumn,FALSE
Furnas,Furnas,Sao Miguel,TRUE,Macro,2023,Spring,FALSE
Furnas,Furnas,Sao Miguel,TRUE,Macro,2023,Summer,FALSE
Furnas,Furnas,Sao Miguel,TRUE,Macro,2023,Winter,FALSE
Furnas,Furnas,Sao Miguel,TRUE,Macro,2024,Autumn,TRUE
Furnas,Furnas,Sao Miguel,TRUE,Macro,2024,Spring,TRUE
Furnas,Furnas,Sao Miguel,TRUE,Macro,2024,Summer,TRUE
Furnas,Furnas,Sao Miguel,TRUE,Macro,2024,Winter,TRUE
Furnas,Furnas,Sao Miguel,TRUE,Macro,2025,Autumn,TRUE
Furnas,Furnas,Sao Miguel,TRUE,Macro,2025,Spring,TRUE
Furnas,Furnas,Sao Miguel,TRUE,Macro,2025,Summer,TRUE
Furnas,Furnas,Sao Miguel,TRUE,Macro,2025,Winter,TRUE
Furnas,Furnas,Sao Miguel,TRUE,Phyto,2003,Autumn,TRUE
Furnas,Furnas,Sao Miguel,TRUE,Phyto,2003,Spring,FALSE
Furnas,Furnas,Sao Miguel,TRUE,Phyto,2003,Summer,FALSE
Furnas,Furnas,Sao Miguel,TRUE,Phyto,2003,Winter,FALSE
Furnas,Furnas,Sao Miguel,TRUE,Phyto,2004,Autumn,FALSE
Furnas,Furnas,Sao Miguel,TRUE,Phyto,2004,Spring,TRUE
Furnas,Furnas,Sao Miguel,TRUE,Phyto,2004,Summer,TRUE
Furnas,Furnas,Sao Miguel,TRUE,Phyto,2004,Winter,TRUE
Furnas,Furnas,Sao Miguel,TRUE,Phyto,2005,Autumn,FALSE
Furnas,Furnas,Sao Miguel,TRUE,Phyto,2005,Spring,TRUE
Furnas,Furnas,Sao Miguel,TRUE,Phyto,2005,Summer,TRUE
Furnas,Furnas,Sao Miguel,TRUE,Phyto,2005,Winter,TRUE
Furnas,Furnas,Sao Miguel,TRUE,Phyto,2006,Autumn,FALSE
Furnas,Furnas,Sao Miguel,TRUE,Phyto,2006,Spring,TRUE
Furnas,Furnas,Sao Miguel,TRUE,Phyto,2006,Summer,TRUE
Furnas,Furnas,Sao Miguel,TRUE,Phyto,2006,Winter,TRUE
Furnas,Furnas,Sao Miguel,TRUE,Phyto,2007,Autumn,FALSE
Furnas,Furnas,Sao Miguel,TRUE,Phyto,2007,Spring,FALSE
Furnas,Furnas,Sao Miguel,TRUE,Phyto,2007,Summer,FALSE
Furnas,Furnas,Sao Miguel,TRUE,Phyto,2007,Winter,TRUE
Furnas,Furnas,Sao Miguel,TRUE,Phyto,2008,Autumn,TRUE
Furnas,Furnas,Sao Miguel,TRUE,Phyto,2008,Spring,TRUE
Furnas,Furnas,Sao Miguel,TRUE,Phyto,2008,Summer,TRUE
Furnas,Furnas,Sao Miguel,TRUE,Phyto,2008,Winter,TRUE
Furnas,Furnas,Sao Miguel,TRUE,Phyto,2009,Autumn,FALSE
Furnas,Furnas,Sao Miguel,TRUE,Phyto,2009,Spring,FALSE
Furnas,Furnas,Sao Miguel,TRUE,Phyto,2009,Summer,TRUE
Furnas,Furnas,Sao Miguel,TRUE,Phyto,2009,Winter,TRUE
Furnas,Furnas,Sao Miguel,TRUE,Phyto,2010,Autumn,TRUE
Furnas,Furnas,Sao Miguel,TRUE,Phyto,2010,Spring,TRUE
Furnas,Furnas,Sao Miguel,TRUE,Phyto,2010,Summer,TRUE
Furnas,Furnas,Sao Miguel,TRUE,Phyto,2010,Winter,TRUE
Furnas,Furnas,Sao Miguel,TRUE,Phyto,2011,Autumn,TRUE
Furnas,Furnas,Sao Miguel,TRUE,Phyto,2011,Spring,TRUE
Furnas,Furnas,Sao Miguel,TRUE,Phyto,2011,Summer,TRUE
Furnas,Furnas,Sao Miguel,TRUE,Phyto,2011,Winter,TRUE
Furnas,Furnas,Sao Miguel,TRUE,Phyto,2012,Autumn,TRUE
Furnas,Furnas,Sao Miguel,TRUE,Phyto,2012,Spring,TRUE
Furnas,Furnas,Sao Miguel,TRUE,Phyto,2012,Summer,TRUE
Furnas,Furnas,Sao Miguel,TRUE,Phyto,2012,Winter,TRUE
Furnas,Furnas,Sao Miguel,TRUE,Phyto,2013,Autumn,FALSE
Furnas,Furnas,Sao Miguel,TRUE,Phyto,2013,Spring,FALSE
Furnas,Furnas,Sao Miguel,TRUE,Phyto,2013,Summer,FALSE
Furnas,Furnas,Sao Miguel,TRUE,Phyto,2013,Winter,FALSE
Furnas,Furnas,Sao Miguel,TRUE,Phyto,2014,Autumn,FALSE
Furnas,Furnas,Sao Miguel,TRUE,Phyto,2014,Spring,FALSE
Furnas,Furnas,Sao Miguel,TRUE,Phyto,2014,Summer,FALSE
Furnas,Furnas,Sao Miguel,TRUE,Phyto,2014,Winter,FALSE
Furnas,Furnas,Sao Miguel,TRUE,Phyto,2015,Autumn,FALSE
Furnas,Furnas,Sao Miguel,TRUE,Phyto,2015,Spring,FALSE
Furnas,Furnas,Sao Miguel,TRUE,Phyto,2015,Summer,FALSE
Furnas,Furnas,Sao Miguel,TRUE,Phyto,2015,Winter,FALSE
Furnas,Furnas,Sao Miguel,TRUE,Phyto,2016,Autumn,FALSE
Furnas,Furnas,Sao Miguel,TRUE,Phyto,2016,Spring,FALSE
Furnas,Furnas,Sao Miguel,TRUE,Phyto,2016,Summer,FALSE
Furnas,Furnas,Sao Miguel,TRUE,Phyto,2016,Winter,FALSE
Furnas,Furnas,Sao Miguel,TRUE,Phyto,2017,Autumn,FALSE
Furnas,Furnas,Sao Miguel,TRUE,Phyto,2017,Spring,FALSE
Furnas,Furnas,Sao Miguel,TRUE,Phyto,2017,Summer,FALSE
Furnas,Furnas,Sao Miguel,TRUE,Phyto,2017,Winter,FALSE
Furnas,Furnas,Sao Miguel,TRUE,Phyto,2018,Autumn,TRUE
Furnas,Furnas,Sao Miguel,TRUE,Phyto,2018,Spring,TRUE
Furnas,Furnas,Sao Miguel,TRUE,Phyto,2018,Summer,TRUE
Furnas,Furnas,Sao Miguel,TRUE,Phyto,2018,Winter,TRUE
Furnas,Furnas,Sao Miguel,TRUE,Phyto,2019,Autumn,FALSE
Furnas,Furnas,Sao Miguel,TRUE,Phyto,2019,Spring,FALSE
Furnas,Furnas,Sao Miguel,TRUE,Phyto,2019,Summer,FALSE
Furnas,Furnas,Sao Miguel,TRUE,Phyto,2019,Winter,FALSE
Furnas,Furnas,Sao Miguel,TRUE,Phyto,2020,Autumn,FALSE
Furnas,Furnas,Sao Miguel,TRUE,Phyto,2020,Spring,FALSE
Furnas,Furnas,Sao Miguel,TRUE,Phyto,2020,Summer,FALSE
Furnas,Furnas,Sao Miguel,TRUE,Phyto,2020,Winter,FALSE
Furnas,Furnas,Sao Miguel,TRUE,Phyto,2021,Autumn,FALSE
Furnas,Furnas,Sao Miguel,TRUE,Phyto,2021,Spring,FALSE
Furnas,Furnas,Sao Miguel,TRUE,Phyto,2021,Summer,FALSE
Furnas,Furnas,Sao Miguel,TRUE,Phyto,2021,Winter,FALSE
Furnas,Furnas,Sao Miguel,TRUE,Phyto,2022,Autumn,FALSE
Furnas,Furnas,Sao Miguel,TRUE,Phyto,2022,Spring,FALSE
Furnas,Furnas,Sao Miguel,TRUE,Phyto,2022,Summer,FALSE
Furnas,Furnas,Sao Miguel,TRUE,Phyto,2022,Winter,FALSE
Furnas,Furnas,Sao Miguel,TRUE,Phyto,2023,Autumn,FALSE
Furnas,Furnas,Sao Miguel,TRUE,Phyto,2023,Spring,FALSE
Furnas,Furnas,Sao Miguel,TRUE,Phyto,2023,Summer,FALSE
Furnas,Furnas,Sao Miguel,TRUE,Phyto,2023,Winter,FALSE
Furnas,Furnas,Sao Miguel,TRUE,Phyto,2024,Autumn,TRUE
Furnas,Furnas,Sao Miguel,TRUE,Phyto,2024,Spring,TRUE
Furnas,Furnas,Sao Miguel,TRUE,Phyto,2024,Summer,TRUE
Furnas,Furnas,Sao Miguel,TRUE,Phyto,2024,Winter,TRUE
Furnas,Furnas,Sao Miguel,TRUE,Phyto,2025,Autumn,TRUE
Furnas,Furnas,Sao Miguel,TRUE,Phyto,2025,Spring,TRUE
Furnas,Furnas,Sao Miguel,TRUE,Phyto,2025,Summer,TRUE
Furnas,Furnas,Sao Miguel,TRUE,Phyto,2025,Winter,TRUE
Furnas,Furnas,Sao Miguel,TRUE,Zoo,2003,Autumn,FALSE
Furnas,Furnas,Sao Miguel,TRUE,Zoo,2003,Spring,FALSE
Furnas,Furnas,Sao Miguel,TRUE,Zoo,2003,Summer,FALSE
Furnas,Furnas,Sao Miguel,TRUE,Zoo,2003,Winter,FALSE
Furnas,Furnas,Sao Miguel,TRUE,Zoo,2004,Autumn,FALSE
Furnas,Furnas,Sao Miguel,TRUE,Zoo,2004,Spring,FALSE
Furnas,Furnas,Sao Miguel,TRUE,Zoo,2004,Summer,FALSE
Furnas,Furnas,Sao Miguel,TRUE,Zoo,2004,Winter,FALSE
Furnas,Furnas,Sao Miguel,TRUE,Zoo,2005,Autumn,FALSE
Furnas,Furnas,Sao Miguel,TRUE,Zoo,2005,Spring,FALSE
Furnas,Furnas,Sao Miguel,TRUE,Zoo,2005,Summer,FALSE
Furnas,Furnas,Sao Miguel,TRUE,Zoo,2005,Winter,FALSE
Furnas,Furnas,Sao Miguel,TRUE,Zoo,2006,Autumn,FALSE
Furnas,Furnas,Sao Miguel,TRUE,Zoo,2006,Spring,FALSE
Furnas,Furnas,Sao Miguel,TRUE,Zoo,2006,Summer,FALSE
Furnas,Furnas,Sao Miguel,TRUE,Zoo,2006,Winter,FALSE
Furnas,Furnas,Sao Miguel,TRUE,Zoo,2007,Autumn,FALSE
Furnas,Furnas,Sao Miguel,TRUE,Zoo,2007,Spring,FALSE
Furnas,Furnas,Sao Miguel,TRUE,Zoo,2007,Summer,FALSE
Furnas,Furnas,Sao Miguel,TRUE,Zoo,2007,Winter,FALSE
Furnas,Furnas,Sao Miguel,TRUE,Zoo,2008,Autumn,FALSE
Furnas,Furnas,Sao Miguel,TRUE,Zoo,2008,Spring,FALSE
Furnas,Furnas,Sao Miguel,TRUE,Zoo,2008,Summer,FALSE
Furnas,Furnas,Sao Miguel,TRUE,Zoo,2008,Winter,FALSE
Furnas,Furnas,Sao Miguel,TRUE,Zoo,2009,Autumn,FALSE
Furnas,Furnas,Sao Miguel,TRUE,Zoo,2009,Spring,FALSE
Furnas,Furnas,Sao Miguel,TRUE,Zoo,2009,Summer,FALSE
Furnas,Furnas,Sao Miguel,TRUE,Zoo,2009,Winter,FALSE
Furnas,Furnas,Sao Miguel,TRUE,Zoo,2010,Autumn,FALSE
Furnas,Furnas,Sao Miguel,TRUE,Zoo,2010,Spring,FALSE
Furnas,Furnas,Sao Miguel,TRUE,Zoo,2010,Summer,FALSE
Furnas,Furnas,Sao Miguel,TRUE,Zoo,2010,Winter,FALSE
Furnas,Furnas,Sao Miguel,TRUE,Zoo,2011,Autumn,TRUE
Furnas,Furnas,Sao Miguel,TRUE,Zoo,2011,Spring,FALSE
Furnas,Furnas,Sao Miguel,TRUE,Zoo,2011,Summer,TRUE
Furnas,Furnas,Sao Miguel,TRUE,Zoo,2011,Winter,FALSE
Furnas,Furnas,Sao Miguel,TRUE,Zoo,2012,Autumn,FALSE
Furnas,Furnas,Sao Miguel,TRUE,Zoo,2012,Spring,TRUE
Furnas,Furnas,Sao Miguel,TRUE,Zoo,2012,Summer,FALSE
Furnas,Furnas,Sao Miguel,TRUE,Zoo,2012,Winter,TRUE
Furnas,Furnas,Sao Miguel,TRUE,Zoo,2013,Autumn,FALSE
Furnas,Furnas,Sao Miguel,TRUE,Zoo,2013,Spring,FALSE
Furnas,Furnas,Sao Miguel,TRUE,Zoo,2013,Summer,FALSE
Furnas,Furnas,Sao Miguel,TRUE,Zoo,2013,Winter,FALSE
Furnas,Furnas,Sao Miguel,TRUE,Zoo,2014,Autumn,FALSE
Furnas,Furnas,Sao Miguel,TRUE,Zoo,2014,Spring,FALSE
Furnas,Furnas,Sao Miguel,TRUE,Zoo,2014,Summer,FALSE
Furnas,Furnas,Sao Miguel,TRUE,Zoo,2014,Winter,FALSE
Furnas,Furnas,Sao Miguel,TRUE,Zoo,2015,Autumn,FALSE
Furnas,Furnas,Sao Miguel,TRUE,Zoo,2015,Spring,FALSE
Furnas,Furnas,Sao Miguel,TRUE,Zoo,2015,Summer,FALSE
Furnas,Furnas,Sao Miguel,TRUE,Zoo,2015,Winter,FALSE
Furnas,Furnas,Sao Miguel,TRUE,Zoo,2016,Autumn,FALSE
Furnas,Furnas,Sao Miguel,TRUE,Zoo,2016,Spring,FALSE
Furnas,Furnas,Sao Miguel,TRUE,Zoo,2016,Summer,FALSE
Furnas,Furnas,Sao Miguel,TRUE,Zoo,2016,Winter,FALSE
Furnas,Furnas,Sao Miguel,TRUE,Zoo,2017,Autumn,FALSE
Furnas,Furnas,Sao Miguel,TRUE,Zoo,2017,Spring,FALSE
Furnas,Furnas,Sao Miguel,TRUE,Zoo,2017,Summer,FALSE
Furnas,Furnas,Sao Miguel,TRUE,Zoo,2017,Winter,FALSE
Furnas,Furnas,Sao Miguel,TRUE,Zoo,2018,Autumn,FALSE
Furnas,Furnas,Sao Miguel,TRUE,Zoo,2018,Spring,FALSE
Furnas,Furnas,Sao Miguel,TRUE,Zoo,2018,Summer,FALSE
Furnas,Furnas,Sao Miguel,TRUE,Zoo,2018,Winter,FALSE
Furnas,Furnas,Sao Miguel,TRUE,Zoo,2019,Autumn,FALSE
Furnas,Furnas,Sao Miguel,TRUE,Zoo,2019,Spring,FALSE
Furnas,Furnas,Sao Miguel,TRUE,Zoo,2019,Summer,FALSE
Furnas,Furnas,Sao Miguel,TRUE,Zoo,2019,Winter,FALSE
Furnas,Furnas,Sao Miguel,TRUE,Zoo,2020,Autumn,FALSE
Furnas,Furnas,Sao Miguel,TRUE,Zoo,2020,Spring,FALSE
Furnas,Furnas,Sao Miguel,TRUE,Zoo,2020,Summer,FALSE
Furnas,Furnas,Sao Miguel,TRUE,Zoo,2020,Winter,FALSE
Furnas,Furnas,Sao Miguel,TRUE,Zoo,2021,Autumn,FALSE
Furnas,Furnas,Sao Miguel,TRUE,Zoo,2021,Spring,FALSE
Furnas,Furnas,Sao Miguel,TRUE,Zoo,2021,Summer,FALSE
Furnas,Furnas,Sao Miguel,TRUE,Zoo,2021,Winter,FALSE
Furnas,Furnas,Sao Miguel,TRUE,Zoo,2022,Autumn,FALSE
Furnas,Furnas,Sao Miguel,TRUE,Zoo,2022,Spring,FALSE
Furnas,Furnas,Sao Miguel,TRUE,Zoo,2022,Summer,FALSE
Furnas,Furnas,Sao Miguel,TRUE,Zoo,2022,Winter,FALSE
Furnas,Furnas,Sao Miguel,TRUE,Zoo,2023,Autumn,FALSE
Furnas,Furnas,Sao Miguel,TRUE,Zoo,2023,Spring,FALSE
Furnas,Furnas,Sao Miguel,TRUE,Zoo,2023,Summer,FALSE
Furnas,Furnas,Sao Miguel,TRUE,Zoo,2023,Winter,FALSE
Furnas,Furnas,Sao Miguel,TRUE,Zoo,2024,Autumn,FALSE
Furnas,Furnas,Sao Miguel,TRUE,Zoo,2024,Spring,FALSE
Furnas,Furnas,Sao Miguel,TRUE,Zoo,2024,Summer,FALSE
Furnas,Furnas,Sao Miguel,TRUE,Zoo,2024,Winter,FALSE
Furnas,Furnas,Sao Miguel,TRUE,Zoo,2025,Autumn,FALSE
Furnas,Furnas,Sao Miguel,TRUE,Zoo,2025,Spring,TRUE
Furnas,Furnas,Sao Miguel,TRUE,Zoo,2025,Summer,FALSE
Furnas,Furnas,Sao Miguel,TRUE,Zoo,2025,Winter,FALSE
Lomba,Lomba,Flores,TRUE,Diatom,2003,Autumn,FALSE
Lomba,Lomba,Flores,TRUE,Diatom,2003,Spring,FALSE
Lomba,Lomba,Flores,TRUE,Diatom,2003,Summer,FALSE
Lomba,Lomba,Flores,TRUE,Diatom,2003,Winter,FALSE
Lomba,Lomba,Flores,TRUE,Diatom,2004,Autumn,TRUE
Lomba,Lomba,Flores,TRUE,Diatom,2004,Spring,TRUE
Lomba,Lomba,Flores,TRUE,Diatom,2004,Summer,FALSE
Lomba,Lomba,Flores,TRUE,Diatom,2004,Winter,FALSE
Lomba,Lomba,Flores,TRUE,Diatom,2005,Autumn,FALSE
Lomba,Lomba,Flores,TRUE,Diatom,2005,Spring,FALSE
Lomba,Lomba,Flores,TRUE,Diatom,2005,Summer,FALSE
Lomba,Lomba,Flores,TRUE,Diatom,2005,Winter,FALSE
Lomba,Lomba,Flores,TRUE,Diatom,2006,Autumn,FALSE
Lomba,Lomba,Flores,TRUE,Diatom,2006,Spring,FALSE
Lomba,Lomba,Flores,TRUE,Diatom,2006,Summer,TRUE
Lomba,Lomba,Flores,TRUE,Diatom,2006,Winter,TRUE
Lomba,Lomba,Flores,TRUE,Diatom,2007,Autumn,FALSE
Lomba,Lomba,Flores,TRUE,Diatom,2007,Spring,FALSE
Lomba,Lomba,Flores,TRUE,Diatom,2007,Summer,FALSE
Lomba,Lomba,Flores,TRUE,Diatom,2007,Winter,FALSE
Lomba,Lomba,Flores,TRUE,Diatom,2008,Autumn,TRUE
Lomba,Lomba,Flores,TRUE,Diatom,2008,Spring,TRUE
Lomba,Lomba,Flores,TRUE,Diatom,2008,Summer,FALSE
Lomba,Lomba,Flores,TRUE,Diatom,2008,Winter,FALSE
Lomba,Lomba,Flores,TRUE,Diatom,2009,Autumn,FALSE
Lomba,Lomba,Flores,TRUE,Diatom,2009,Spring,TRUE
Lomba,Lomba,Flores,TRUE,Diatom,2009,Summer,TRUE
Lomba,Lomba,Flores,TRUE,Diatom,2009,Winter,FALSE
Lomba,Lomba,Flores,TRUE,Diatom,2010,Autumn,FALSE
Lomba,Lomba,Flores,TRUE,Diatom,2010,Spring,FALSE
Lomba,Lomba,Flores,TRUE,Diatom,2010,Summer,TRUE
Lomba,Lomba,Flores,TRUE,Diatom,2010,Winter,TRUE
Lomba,Lomba,Flores,TRUE,Diatom,2011,Autumn,TRUE
Lomba,Lomba,Flores,TRUE,Diatom,2011,Spring,TRUE
Lomba,Lomba,Flores,TRUE,Diatom,2011,Summer,TRUE
Lomba,Lomba,Flores,TRUE,Diatom,2011,Winter,TRUE
Lomba,Lomba,Flores,TRUE,Diatom,2012,Autumn,TRUE
Lomba,Lomba,Flores,TRUE,Diatom,2012,Spring,TRUE
Lomba,Lomba,Flores,TRUE,Diatom,2012,Summer,TRUE
Lomba,Lomba,Flores,TRUE,Diatom,2012,Winter,TRUE
Lomba,Lomba,Flores,TRUE,Diatom,2013,Autumn,FALSE
Lomba,Lomba,Flores,TRUE,Diatom,2013,Spring,FALSE
Lomba,Lomba,Flores,TRUE,Diatom,2013,Summer,FALSE
Lomba,Lomba,Flores,TRUE,Diatom,2013,Winter,FALSE
Lomba,Lomba,Flores,TRUE,Diatom,2014,Autumn,FALSE
Lomba,Lomba,Flores,TRUE,Diatom,2014,Spring,FALSE
Lomba,Lomba,Flores,TRUE,Diatom,2014,Summer,FALSE
Lomba,Lomba,Flores,TRUE,Diatom,2014,Winter,FALSE
Lomba,Lomba,Flores,TRUE,Diatom,2015,Autumn,TRUE
Lomba,Lomba,Flores,TRUE,Diatom,2015,Spring,FALSE
Lomba,Lomba,Flores,TRUE,Diatom,2015,Summer,FALSE
Lomba,Lomba,Flores,TRUE,Diatom,2015,Winter,FALSE
Lomba,Lomba,Flores,TRUE,Diatom,2016,Autumn,TRUE
Lomba,Lomba,Flores,TRUE,Diatom,2016,Spring,TRUE
Lomba,Lomba,Flores,TRUE,Diatom,2016,Summer,TRUE
Lomba,Lomba,Flores,TRUE,Diatom,2016,Winter,FALSE
Lomba,Lomba,Flores,TRUE,Diatom,2017,Autumn,TRUE
Lomba,Lomba,Flores,TRUE,Diatom,2017,Spring,FALSE
Lomba,Lomba,Flores,TRUE,Diatom,2017,Summer,FALSE
Lomba,Lomba,Flores,TRUE,Diatom,2017,Winter,TRUE
Lomba,Lomba,Flores,TRUE,Diatom,2018,Autumn,FALSE
Lomba,Lomba,Flores,TRUE,Diatom,2018,Spring,TRUE
Lomba,Lomba,Flores,TRUE,Diatom,2018,Summer,FALSE
Lomba,Lomba,Flores,TRUE,Diatom,2018,Winter,TRUE
Lomba,Lomba,Flores,TRUE,Diatom,2019,Autumn,FALSE
Lomba,Lomba,Flores,TRUE,Diatom,2019,Spring,FALSE
Lomba,Lomba,Flores,TRUE,Diatom,2019,Summer,FALSE
Lomba,Lomba,Flores,TRUE,Diatom,2019,Winter,FALSE
Lomba,Lomba,Flores,TRUE,Diatom,2020,Autumn,FALSE
Lomba,Lomba,Flores,TRUE,Diatom,2020,Spring,FALSE
Lomba,Lomba,Flores,TRUE,Diatom,2020,Summer,FALSE
Lomba,Lomba,Flores,TRUE,Diatom,2020,Winter,FALSE
Lomba,Lomba,Flores,TRUE,Diatom,2021,Autumn,FALSE
Lomba,Lomba,Flores,TRUE,Diatom,2021,Spring,FALSE
Lomba,Lomba,Flores,TRUE,Diatom,2021,Summer,FALSE
Lomba,Lomba,Flores,TRUE,Diatom,2021,Winter,FALSE
Lomba,Lomba,Flores,TRUE,Diatom,2022,Autumn,FALSE
Lomba,Lomba,Flores,TRUE,Diatom,2022,Spring,FALSE
Lomba,Lomba,Flores,TRUE,Diatom,2022,Summer,FALSE
Lomba,Lomba,Flores,TRUE,Diatom,2022,Winter,FALSE
Lomba,Lomba,Flores,TRUE,Diatom,2023,Autumn,FALSE
Lomba,Lomba,Flores,TRUE,Diatom,2023,Spring,FALSE
Lomba,Lomba,Flores,TRUE,Diatom,2023,Summer,FALSE
Lomba,Lomba,Flores,TRUE,Diatom,2023,Winter,FALSE
Lomba,Lomba,Flores,TRUE,Diatom,2024,Autumn,TRUE
Lomba,Lomba,Flores,TRUE,Diatom,2024,Spring,TRUE
Lomba,Lomba,Flores,TRUE,Diatom,2024,Summer,TRUE
Lomba,Lomba,Flores,TRUE,Diatom,2024,Winter,TRUE
Lomba,Lomba,Flores,TRUE,Diatom,2025,Autumn,TRUE
Lomba,Lomba,Flores,TRUE,Diatom,2025,Spring,TRUE
Lomba,Lomba,Flores,TRUE,Diatom,2025,Summer,TRUE
Lomba,Lomba,Flores,TRUE,Diatom,2025,Winter,TRUE
Lomba,Lomba,Flores,TRUE,Env,2003,Autumn,FALSE
Lomba,Lomba,Flores,TRUE,Env,2003,Spring,FALSE
Lomba,Lomba,Flores,TRUE,Env,2003,Summer,FALSE
Lomba,Lomba,Flores,TRUE,Env,2003,Winter,FALSE
Lomba,Lomba,Flores,TRUE,Env,2004,Autumn,TRUE
Lomba,Lomba,Flores,TRUE,Env,2004,Spring,FALSE
Lomba,Lomba,Flores,TRUE,Env,2004,Summer,FALSE
Lomba,Lomba,Flores,TRUE,Env,2004,Winter,FALSE
Lomba,Lomba,Flores,TRUE,Env,2005,Autumn,FALSE
Lomba,Lomba,Flores,TRUE,Env,2005,Spring,TRUE
Lomba,Lomba,Flores,TRUE,Env,2005,Summer,FALSE
Lomba,Lomba,Flores,TRUE,Env,2005,Winter,FALSE
Lomba,Lomba,Flores,TRUE,Env,2006,Autumn,FALSE
Lomba,Lomba,Flores,TRUE,Env,2006,Spring,FALSE
Lomba,Lomba,Flores,TRUE,Env,2006,Summer,TRUE
Lomba,Lomba,Flores,TRUE,Env,2006,Winter,TRUE
Lomba,Lomba,Flores,TRUE,Env,2007,Autumn,FALSE
Lomba,Lomba,Flores,TRUE,Env,2007,Spring,FALSE
Lomba,Lomba,Flores,TRUE,Env,2007,Summer,FALSE
Lomba,Lomba,Flores,TRUE,Env,2007,Winter,FALSE
Lomba,Lomba,Flores,TRUE,Env,2008,Autumn,TRUE
Lomba,Lomba,Flores,TRUE,Env,2008,Spring,TRUE
Lomba,Lomba,Flores,TRUE,Env,2008,Summer,TRUE
Lomba,Lomba,Flores,TRUE,Env,2008,Winter,TRUE
Lomba,Lomba,Flores,TRUE,Env,2009,Autumn,FALSE
Lomba,Lomba,Flores,TRUE,Env,2009,Spring,FALSE
Lomba,Lomba,Flores,TRUE,Env,2009,Summer,FALSE
Lomba,Lomba,Flores,TRUE,Env,2009,Winter,FALSE
Lomba,Lomba,Flores,TRUE,Env,2010,Autumn,TRUE
Lomba,Lomba,Flores,TRUE,Env,2010,Spring,TRUE
Lomba,Lomba,Flores,TRUE,Env,2010,Summer,TRUE
Lomba,Lomba,Flores,TRUE,Env,2010,Winter,TRUE
Lomba,Lomba,Flores,TRUE,Env,2011,Autumn,TRUE
Lomba,Lomba,Flores,TRUE,Env,2011,Spring,TRUE
Lomba,Lomba,Flores,TRUE,Env,2011,Summer,TRUE
Lomba,Lomba,Flores,TRUE,Env,2011,Winter,TRUE
Lomba,Lomba,Flores,TRUE,Env,2012,Autumn,TRUE
Lomba,Lomba,Flores,TRUE,Env,2012,Spring,TRUE
Lomba,Lomba,Flores,TRUE,Env,2012,Summer,TRUE
Lomba,Lomba,Flores,TRUE,Env,2012,Winter,TRUE
Lomba,Lomba,Flores,TRUE,Env,2013,Autumn,FALSE
Lomba,Lomba,Flores,TRUE,Env,2013,Spring,FALSE
Lomba,Lomba,Flores,TRUE,Env,2013,Summer,FALSE
Lomba,Lomba,Flores,TRUE,Env,2013,Winter,FALSE
Lomba,Lomba,Flores,TRUE,Env,2014,Autumn,FALSE
Lomba,Lomba,Flores,TRUE,Env,2014,Spring,FALSE
Lomba,Lomba,Flores,TRUE,Env,2014,Summer,FALSE
Lomba,Lomba,Flores,TRUE,Env,2014,Winter,FALSE
Lomba,Lomba,Flores,TRUE,Env,2015,Autumn,FALSE
Lomba,Lomba,Flores,TRUE,Env,2015,Spring,FALSE
Lomba,Lomba,Flores,TRUE,Env,2015,Summer,FALSE
Lomba,Lomba,Flores,TRUE,Env,2015,Winter,FALSE
Lomba,Lomba,Flores,TRUE,Env,2016,Autumn,FALSE
Lomba,Lomba,Flores,TRUE,Env,2016,Spring,FALSE
Lomba,Lomba,Flores,TRUE,Env,2016,Summer,FALSE
Lomba,Lomba,Flores,TRUE,Env,2016,Winter,FALSE
Lomba,Lomba,Flores,TRUE,Env,2017,Autumn,FALSE
Lomba,Lomba,Flores,TRUE,Env,2017,Spring,FALSE
Lomba,Lomba,Flores,TRUE,Env,2017,Summer,FALSE
Lomba,Lomba,Flores,TRUE,Env,2017,Winter,FALSE
Lomba,Lomba,Flores,TRUE,Env,2018,Autumn,FALSE
Lomba,Lomba,Flores,TRUE,Env,2018,Spring,TRUE
Lomba,Lomba,Flores,TRUE,Env,2018,Summer,FALSE
Lomba,Lomba,Flores,TRUE,Env,2018,Winter,FALSE
Lomba,Lomba,Flores,TRUE,Env,2019,Autumn,FALSE
Lomba,Lomba,Flores,TRUE,Env,2019,Spring,FALSE
Lomba,Lomba,Flores,TRUE,Env,2019,Summer,FALSE
Lomba,Lomba,Flores,TRUE,Env,2019,Winter,FALSE
Lomba,Lomba,Flores,TRUE,Env,2020,Autumn,FALSE
Lomba,Lomba,Flores,TRUE,Env,2020,Spring,FALSE
Lomba,Lomba,Flores,TRUE,Env,2020,Summer,FALSE
Lomba,Lomba,Flores,TRUE,Env,2020,Winter,FALSE
Lomba,Lomba,Flores,TRUE,Env,2021,Autumn,FALSE
Lomba,Lomba,Flores,TRUE,Env,2021,Spring,FALSE
Lomba,Lomba,Flores,TRUE,Env,2021,Summer,FALSE
Lomba,Lomba,Flores,TRUE,Env,2021,Winter,FALSE
Lomba,Lomba,Flores,TRUE,Env,2022,Autumn,FALSE
Lomba,Lomba,Flores,TRUE,Env,2022,Spring,FALSE
Lomba,Lomba,Flores,TRUE,Env,2022,Summer,FALSE
Lomba,Lomba,Flores,TRUE,Env,2022,Winter,FALSE
Lomba,Lomba,Flores,TRUE,Env,2023,Autumn,FALSE
Lomba,Lomba,Flores,TRUE,Env,2023,Spring,FALSE
Lomba,Lomba,Flores,TRUE,Env,2023,Summer,FALSE
Lomba,Lomba,Flores,TRUE,Env,2023,Winter,FALSE
Lomba,Lomba,Flores,TRUE,Env,2024,Autumn,TRUE
Lomba,Lomba,Flores,TRUE,Env,2024,Spring,TRUE
Lomba,Lomba,Flores,TRUE,Env,2024,Summer,TRUE
Lomba,Lomba,Flores,TRUE,Env,2024,Winter,TRUE
Lomba,Lomba,Flores,TRUE,Env,2025,Autumn,FALSE
Lomba,Lomba,Flores,TRUE,Env,2025,Spring,TRUE
Lomba,Lomba,Flores,TRUE,Env,2025,Summer,TRUE
Lomba,Lomba,Flores,TRUE,Env,2025,Winter,TRUE
Lomba,Lomba,Flores,TRUE,Macro,2003,Autumn,FALSE
Lomba,Lomba,Flores,TRUE,Macro,2003,Spring,FALSE
Lomba,Lomba,Flores,TRUE,Macro,2003,Summer,FALSE
Lomba,Lomba,Flores,TRUE,Macro,2003,Winter,FALSE
Lomba,Lomba,Flores,TRUE,Macro,2004,Autumn,TRUE
Lomba,Lomba,Flores,TRUE,Macro,2004,Spring,FALSE
Lomba,Lomba,Flores,TRUE,Macro,2004,Summer,FALSE
Lomba,Lomba,Flores,TRUE,Macro,2004,Winter,FALSE
Lomba,Lomba,Flores,TRUE,Macro,2005,Autumn,FALSE
Lomba,Lomba,Flores,TRUE,Macro,2005,Spring,TRUE
Lomba,Lomba,Flores,TRUE,Macro,2005,Summer,FALSE
Lomba,Lomba,Flores,TRUE,Macro,2005,Winter,FALSE
Lomba,Lomba,Flores,TRUE,Macro,2006,Autumn,FALSE
Lomba,Lomba,Flores,TRUE,Macro,2006,Spring,FALSE
Lomba,Lomba,Flores,TRUE,Macro,2006,Summer,FALSE
Lomba,Lomba,Flores,TRUE,Macro,2006,Winter,TRUE
Lomba,Lomba,Flores,TRUE,Macro,2007,Autumn,FALSE
Lomba,Lomba,Flores,TRUE,Macro,2007,Spring,FALSE
Lomba,Lomba,Flores,TRUE,Macro,2007,Summer,FALSE
Lomba,Lomba,Flores,TRUE,Macro,2007,Winter,FALSE
Lomba,Lomba,Flores,TRUE,Macro,2008,Autumn,TRUE
Lomba,Lomba,Flores,TRUE,Macro,2008,Spring,TRUE
Lomba,Lomba,Flores,TRUE,Macro,2008,Summer,FALSE
Lomba,Lomba,Flores,TRUE,Macro,2008,Winter,FALSE
Lomba,Lomba,Flores,TRUE,Macro,2009,Autumn,FALSE
Lomba,Lomba,Flores,TRUE,Macro,2009,Spring,FALSE
Lomba,Lomba,Flores,TRUE,Macro,2009,Summer,FALSE
Lomba,Lomba,Flores,TRUE,Macro,2009,Winter,FALSE
Lomba,Lomba,Flores,TRUE,Macro,2010,Autumn,FALSE
Lomba,Lomba,Flores,TRUE,Macro,2010,Spring,FALSE
Lomba,Lomba,Flores,TRUE,Macro,2010,Summer,TRUE
Lomba,Lomba,Flores,TRUE,Macro,2010,Winter,TRUE
Lomba,Lomba,Flores,TRUE,Macro,2011,Autumn,TRUE
Lomba,Lomba,Flores,TRUE,Macro,2011,Spring,TRUE
Lomba,Lomba,Flores,TRUE,Macro,2011,Summer,TRUE
Lomba,Lomba,Flores,TRUE,Macro,2011,Winter,TRUE
Lomba,Lomba,Flores,TRUE,Macro,2012,Autumn,TRUE
Lomba,Lomba,Flores,TRUE,Macro,2012,Spring,TRUE
Lomba,Lomba,Flores,TRUE,Macro,2012,Summer,TRUE
Lomba,Lomba,Flores,TRUE,Macro,2012,Winter,TRUE
Lomba,Lomba,Flores,TRUE,Macro,2013,Autumn,FALSE
Lomba,Lomba,Flores,TRUE,Macro,2013,Spring,FALSE
Lomba,Lomba,Flores,TRUE,Macro,2013,Summer,FALSE
Lomba,Lomba,Flores,TRUE,Macro,2013,Winter,FALSE
Lomba,Lomba,Flores,TRUE,Macro,2014,Autumn,FALSE
Lomba,Lomba,Flores,TRUE,Macro,2014,Spring,FALSE
Lomba,Lomba,Flores,TRUE,Macro,2014,Summer,FALSE
Lomba,Lomba,Flores,TRUE,Macro,2014,Winter,FALSE
Lomba,Lomba,Flores,TRUE,Macro,2015,Autumn,FALSE
Lomba,Lomba,Flores,TRUE,Macro,2015,Spring,FALSE
Lomba,Lomba,Flores,TRUE,Macro,2015,Summer,FALSE
Lomba,Lomba,Flores,TRUE,Macro,2015,Winter,FALSE
Lomba,Lomba,Flores,TRUE,Macro,2016,Autumn,FALSE
Lomba,Lomba,Flores,TRUE,Macro,2016,Spring,FALSE
Lomba,Lomba,Flores,TRUE,Macro,2016,Summer,FALSE
Lomba,Lomba,Flores,TRUE,Macro,2016,Winter,FALSE
Lomba,Lomba,Flores,TRUE,Macro,2017,Autumn,FALSE
Lomba,Lomba,Flores,TRUE,Macro,2017,Spring,FALSE
Lomba,Lomba,Flores,TRUE,Macro,2017,Summer,FALSE
Lomba,Lomba,Flores,TRUE,Macro,2017,Winter,FALSE
Lomba,Lomba,Flores,TRUE,Macro,2018,Autumn,FALSE
Lomba,Lomba,Flores,TRUE,Macro,2018,Spring,TRUE
Lomba,Lomba,Flores,TRUE,Macro,2018,Summer,FALSE
Lomba,Lomba,Flores,TRUE,Macro,2018,Winter,FALSE
Lomba,Lomba,Flores,TRUE,Macro,2019,Autumn,FALSE
Lomba,Lomba,Flores,TRUE,Macro,2019,Spring,FALSE
Lomba,Lomba,Flores,TRUE,Macro,2019,Summer,FALSE
Lomba,Lomba,Flores,TRUE,Macro,2019,Winter,FALSE
Lomba,Lomba,Flores,TRUE,Macro,2020,Autumn,FALSE
Lomba,Lomba,Flores,TRUE,Macro,2020,Spring,FALSE
Lomba,Lomba,Flores,TRUE,Macro,2020,Summer,FALSE
Lomba,Lomba,Flores,TRUE,Macro,2020,Winter,FALSE
Lomba,Lomba,Flores,TRUE,Macro,2021,Autumn,FALSE
Lomba,Lomba,Flores,TRUE,Macro,2021,Spring,FALSE
Lomba,Lomba,Flores,TRUE,Macro,2021,Summer,FALSE
Lomba,Lomba,Flores,TRUE,Macro,2021,Winter,FALSE
Lomba,Lomba,Flores,TRUE,Macro,2022,Autumn,FALSE
Lomba,Lomba,Flores,TRUE,Macro,2022,Spring,FALSE
Lomba,Lomba,Flores,TRUE,Macro,2022,Summer,FALSE
Lomba,Lomba,Flores,TRUE,Macro,2022,Winter,FALSE
Lomba,Lomba,Flores,TRUE,Macro,2023,Autumn,FALSE
Lomba,Lomba,Flores,TRUE,Macro,2023,Spring,FALSE
Lomba,Lomba,Flores,TRUE,Macro,2023,Summer,FALSE
Lomba,Lomba,Flores,TRUE,Macro,2023,Winter,FALSE
Lomba,Lomba,Flores,TRUE,Macro,2024,Autumn,TRUE
Lomba,Lomba,Flores,TRUE,Macro,2024,Spring,TRUE
Lomba,Lomba,Flores,TRUE,Macro,2024,Summer,TRUE
Lomba,Lomba,Flores,TRUE,Macro,2024,Winter,TRUE
Lomba,Lomba,Flores,TRUE,Macro,2025,Autumn,TRUE
Lomba,Lomba,Flores,TRUE,Macro,2025,Spring,TRUE
Lomba,Lomba,Flores,TRUE,Macro,2025,Summer,TRUE
Lomba,Lomba,Flores,TRUE,Macro,2025,Winter,TRUE
Lomba,Lomba,Flores,TRUE,Phyto,2003,Autumn,FALSE
Lomba,Lomba,Flores,TRUE,Phyto,2003,Spring,FALSE
Lomba,Lomba,Flores,TRUE,Phyto,2003,Summer,FALSE
Lomba,Lomba,Flores,TRUE,Phyto,2003,Winter,FALSE
Lomba,Lomba,Flores,TRUE,Phyto,2004,Autumn,TRUE
Lomba,Lomba,Flores,TRUE,Phyto,2004,Spring,FALSE
Lomba,Lomba,Flores,TRUE,Phyto,2004,Summer,FALSE
Lomba,Lomba,Flores,TRUE,Phyto,2004,Winter,FALSE
Lomba,Lomba,Flores,TRUE,Phyto,2005,Autumn,FALSE
Lomba,Lomba,Flores,TRUE,Phyto,2005,Spring,TRUE
Lomba,Lomba,Flores,TRUE,Phyto,2005,Summer,FALSE
Lomba,Lomba,Flores,TRUE,Phyto,2005,Winter,FALSE
Lomba,Lomba,Flores,TRUE,Phyto,2006,Autumn,FALSE
Lomba,Lomba,Flores,TRUE,Phyto,2006,Spring,FALSE
Lomba,Lomba,Flores,TRUE,Phyto,2006,Summer,TRUE
Lomba,Lomba,Flores,TRUE,Phyto,2006,Winter,TRUE
Lomba,Lomba,Flores,TRUE,Phyto,2007,Autumn,FALSE
Lomba,Lomba,Flores,TRUE,Phyto,2007,Spring,FALSE
Lomba,Lomba,Flores,TRUE,Phyto,2007,Summer,FALSE
Lomba,Lomba,Flores,TRUE,Phyto,2007,Winter,FALSE
Lomba,Lomba,Flores,TRUE,Phyto,2008,Autumn,TRUE
Lomba,Lomba,Flores,TRUE,Phyto,2008,Spring,TRUE
Lomba,Lomba,Flores,TRUE,Phyto,2008,Summer,FALSE
Lomba,Lomba,Flores,TRUE,Phyto,2008,Winter,FALSE
Lomba,Lomba,Flores,TRUE,Phyto,2009,Autumn,FALSE
Lomba,Lomba,Flores,TRUE,Phyto,2009,Spring,FALSE
Lomba,Lomba,Flores,TRUE,Phyto,2009,Summer,TRUE
Lomba,Lomba,Flores,TRUE,Phyto,2009,Winter,TRUE
Lomba,Lomba,Flores,TRUE,Phyto,2010,Autumn,FALSE
Lomba,Lomba,Flores,TRUE,Phyto,2010,Spring,FALSE
Lomba,Lomba,Flores,TRUE,Phyto,2010,Summer,TRUE
Lomba,Lomba,Flores,TRUE,Phyto,2010,Winter,TRUE
Lomba,Lomba,Flores,TRUE,Phyto,2011,Autumn,TRUE
Lomba,Lomba,Flores,TRUE,Phyto,2011,Spring,TRUE
Lomba,Lomba,Flores,TRUE,Phyto,2011,Summer,TRUE
Lomba,Lomba,Flores,TRUE,Phyto,2011,Winter,TRUE
Lomba,Lomba,Flores,TRUE,Phyto,2012,Autumn,TRUE
Lomba,Lomba,Flores,TRUE,Phyto,2012,Spring,TRUE
Lomba,Lomba,Flores,TRUE,Phyto,2012,Summer,TRUE
Lomba,Lomba,Flores,TRUE,Phyto,2012,Winter,TRUE
Lomba,Lomba,Flores,TRUE,Phyto,2013,Autumn,FALSE
Lomba,Lomba,Flores,TRUE,Phyto,2013,Spring,FALSE
Lomba,Lomba,Flores,TRUE,Phyto,2013,Summer,FALSE
Lomba,Lomba,Flores,TRUE,Phyto,2013,Winter,FALSE
Lomba,Lomba,Flores,TRUE,Phyto,2014,Autumn,FALSE
Lomba,Lomba,Flores,TRUE,Phyto,2014,Spring,FALSE
Lomba,Lomba,Flores,TRUE,Phyto,2014,Summer,FALSE
Lomba,Lomba,Flores,TRUE,Phyto,2014,Winter,FALSE
Lomba,Lomba,Flores,TRUE,Phyto,2015,Autumn,FALSE
Lomba,Lomba,Flores,TRUE,Phyto,2015,Spring,FALSE
Lomba,Lomba,Flores,TRUE,Phyto,2015,Summer,FALSE
Lomba,Lomba,Flores,TRUE,Phyto,2015,Winter,FALSE
Lomba,Lomba,Flores,TRUE,Phyto,2016,Autumn,FALSE
Lomba,Lomba,Flores,TRUE,Phyto,2016,Spring,FALSE
Lomba,Lomba,Flores,TRUE,Phyto,2016,Summer,FALSE
Lomba,Lomba,Flores,TRUE,Phyto,2016,Winter,FALSE
Lomba,Lomba,Flores,TRUE,Phyto,2017,Autumn,FALSE
Lomba,Lomba,Flores,TRUE,Phyto,2017,Spring,FALSE
Lomba,Lomba,Flores,TRUE,Phyto,2017,Summer,FALSE
Lomba,Lomba,Flores,TRUE,Phyto,2017,Winter,FALSE
Lomba,Lomba,Flores,TRUE,Phyto,2018,Autumn,TRUE
Lomba,Lomba,Flores,TRUE,Phyto,2018,Spring,TRUE
Lomba,Lomba,Flores,TRUE,Phyto,2018,Summer,TRUE
Lomba,Lomba,Flores,TRUE,Phyto,2018,Winter,TRUE
Lomba,Lomba,Flores,TRUE,Phyto,2019,Autumn,FALSE
Lomba,Lomba,Flores,TRUE,Phyto,2019,Spring,FALSE
Lomba,Lomba,Flores,TRUE,Phyto,2019,Summer,FALSE
Lomba,Lomba,Flores,TRUE,Phyto,2019,Winter,FALSE
Lomba,Lomba,Flores,TRUE,Phyto,2020,Autumn,FALSE
Lomba,Lomba,Flores,TRUE,Phyto,2020,Spring,FALSE
Lomba,Lomba,Flores,TRUE,Phyto,2020,Summer,FALSE
Lomba,Lomba,Flores,TRUE,Phyto,2020,Winter,FALSE
Lomba,Lomba,Flores,TRUE,Phyto,2021,Autumn,FALSE
Lomba,Lomba,Flores,TRUE,Phyto,2021,Spring,FALSE
Lomba,Lomba,Flores,TRUE,Phyto,2021,Summer,FALSE
Lomba,Lomba,Flores,TRUE,Phyto,2021,Winter,FALSE
Lomba,Lomba,Flores,TRUE,Phyto,2022,Autumn,FALSE
Lomba,Lomba,Flores,TRUE,Phyto,2022,Spring,FALSE
Lomba,Lomba,Flores,TRUE,Phyto,2022,Summer,FALSE
Lomba,Lomba,Flores,TRUE,Phyto,2022,Winter,FALSE
Lomba,Lomba,Flores,TRUE,Phyto,2023,Autumn,FALSE
Lomba,Lomba,Flores,TRUE,Phyto,2023,Spring,FALSE
Lomba,Lomba,Flores,TRUE,Phyto,2023,Summer,FALSE
Lomba,Lomba,Flores,TRUE,Phyto,2023,Winter,FALSE
Lomba,Lomba,Flores,TRUE,Phyto,2024,Autumn,TRUE
Lomba,Lomba,Flores,TRUE,Phyto,2024,Spring,TRUE
Lomba,Lomba,Flores,TRUE,Phyto,2024,Summer,TRUE
Lomba,Lomba,Flores,TRUE,Phyto,2024,Winter,TRUE
Lomba,Lomba,Flores,TRUE,Phyto,2025,Autumn,TRUE
Lomba,Lomba,Flores,TRUE,Phyto,2025,Spring,TRUE
Lomba,Lomba,Flores,TRUE,Phyto,2025,Summer,TRUE
Lomba,Lomba,Flores,TRUE,Phyto,2025,Winter,TRUE
Lomba,Lomba,Flores,TRUE,Zoo,2003,Autumn,FALSE
Lomba,Lomba,Flores,TRUE,Zoo,2003,Spring,FALSE
Lomba,Lomba,Flores,TRUE,Zoo,2003,Summer,FALSE
Lomba,Lomba,Flores,TRUE,Zoo,2003,Winter,FALSE
Lomba,Lomba,Flores,TRUE,Zoo,2004,Autumn,FALSE
Lomba,Lomba,Flores,TRUE,Zoo,2004,Spring,FALSE
Lomba,Lomba,Flores,TRUE,Zoo,2004,Summer,FALSE
Lomba,Lomba,Flores,TRUE,Zoo,2004,Winter,FALSE
Lomba,Lomba,Flores,TRUE,Zoo,2005,Autumn,FALSE
Lomba,Lomba,Flores,TRUE,Zoo,2005,Spring,FALSE
Lomba,Lomba,Flores,TRUE,Zoo,2005,Summer,FALSE
Lomba,Lomba,Flores,TRUE,Zoo,2005,Winter,FALSE
Lomba,Lomba,Flores,TRUE,Zoo,2006,Autumn,FALSE
Lomba,Lomba,Flores,TRUE,Zoo,2006,Spring,FALSE
Lomba,Lomba,Flores,TRUE,Zoo,2006,Summer,FALSE
Lomba,Lomba,Flores,TRUE,Zoo,2006,Winter,FALSE
Lomba,Lomba,Flores,TRUE,Zoo,2007,Autumn,FALSE
Lomba,Lomba,Flores,TRUE,Zoo,2007,Spring,FALSE
Lomba,Lomba,Flores,TRUE,Zoo,2007,Summer,FALSE
Lomba,Lomba,Flores,TRUE,Zoo,2007,Winter,FALSE
Lomba,Lomba,Flores,TRUE,Zoo,2008,Autumn,FALSE
Lomba,Lomba,Flores,TRUE,Zoo,2008,Spring,FALSE
Lomba,Lomba,Flores,TRUE,Zoo,2008,Summer,FALSE
Lomba,Lomba,Flores,TRUE,Zoo,2008,Winter,FALSE
Lomba,Lomba,Flores,TRUE,Zoo,2009,Autumn,FALSE
Lomba,Lomba,Flores,TRUE,Zoo,2009,Spring,FALSE
Lomba,Lomba,Flores,TRUE,Zoo,2009,Summer,FALSE
Lomba,Lomba,Flores,TRUE,Zoo,2009,Winter,FALSE
Lomba,Lomba,Flores,TRUE,Zoo,2010,Autumn,FALSE
Lomba,Lomba,Flores,TRUE,Zoo,2010,Spring,FALSE
Lomba,Lomba,Flores,TRUE,Zoo,2010,Summer,FALSE
Lomba,Lomba,Flores,TRUE,Zoo,2010,Winter,FALSE
Lomba,Lomba,Flores,TRUE,Zoo,2011,Autumn,TRUE
Lomba,Lomba,Flores,TRUE,Zoo,2011,Spring,FALSE
Lomba,Lomba,Flores,TRUE,Zoo,2011,Summer,TRUE
Lomba,Lomba,Flores,TRUE,Zoo,2011,Winter,FALSE
Lomba,Lomba,Flores,TRUE,Zoo,2012,Autumn,FALSE
Lomba,Lomba,Flores,TRUE,Zoo,2012,Spring,TRUE
Lomba,Lomba,Flores,TRUE,Zoo,2012,Summer,FALSE
Lomba,Lomba,Flores,TRUE,Zoo,2012,Winter,FALSE
Lomba,Lomba,Flores,TRUE,Zoo,2013,Autumn,FALSE
Lomba,Lomba,Flores,TRUE,Zoo,2013,Spring,FALSE
Lomba,Lomba,Flores,TRUE,Zoo,2013,Summer,FALSE
Lomba,Lomba,Flores,TRUE,Zoo,2013,Winter,FALSE
Lomba,Lomba,Flores,TRUE,Zoo,2014,Autumn,FALSE
Lomba,Lomba,Flores,TRUE,Zoo,2014,Spring,FALSE
Lomba,Lomba,Flores,TRUE,Zoo,2014,Summer,FALSE
Lomba,Lomba,Flores,TRUE,Zoo,2014,Winter,FALSE
Lomba,Lomba,Flores,TRUE,Zoo,2015,Autumn,FALSE
Lomba,Lomba,Flores,TRUE,Zoo,2015,Spring,FALSE
Lomba,Lomba,Flores,TRUE,Zoo,2015,Summer,FALSE
Lomba,Lomba,Flores,TRUE,Zoo,2015,Winter,FALSE
Lomba,Lomba,Flores,TRUE,Zoo,2016,Autumn,FALSE
Lomba,Lomba,Flores,TRUE,Zoo,2016,Spring,FALSE
Lomba,Lomba,Flores,TRUE,Zoo,2016,Summer,FALSE
Lomba,Lomba,Flores,TRUE,Zoo,2016,Winter,FALSE
Lomba,Lomba,Flores,TRUE,Zoo,2017,Autumn,FALSE
Lomba,Lomba,Flores,TRUE,Zoo,2017,Spring,FALSE
Lomba,Lomba,Flores,TRUE,Zoo,2017,Summer,FALSE
Lomba,Lomba,Flores,TRUE,Zoo,2017,Winter,FALSE
Lomba,Lomba,Flores,TRUE,Zoo,2018,Autumn,FALSE
Lomba,Lomba,Flores,TRUE,Zoo,2018,Spring,FALSE
Lomba,Lomba,Flores,TRUE,Zoo,2018,Summer,FALSE
Lomba,Lomba,Flores,TRUE,Zoo,2018,Winter,FALSE
Lomba,Lomba,Flores,TRUE,Zoo,2019,Autumn,FALSE
Lomba,Lomba,Flores,TRUE,Zoo,2019,Spring,FALSE
Lomba,Lomba,Flores,TRUE,Zoo,2019,Summer,FALSE
Lomba,Lomba,Flores,TRUE,Zoo,2019,Winter,FALSE
Lomba,Lomba,Flores,TRUE,Zoo,2020,Autumn,FALSE
Lomba,Lomba,Flores,TRUE,Zoo,2020,Spring,FALSE
Lomba,Lomba,Flores,TRUE,Zoo,2020,Summer,FALSE
Lomba,Lomba,Flores,TRUE,Zoo,2020,Winter,FALSE
Lomba,Lomba,Flores,TRUE,Zoo,2021,Autumn,FALSE
Lomba,Lomba,Flores,TRUE,Zoo,2021,Spring,FALSE
Lomba,Lomba,Flores,TRUE,Zoo,2021,Summer,FALSE
Lomba,Lomba,Flores,TRUE,Zoo,2021,Winter,FALSE
Lomba,Lomba,Flores,TRUE,Zoo,2022,Autumn,FALSE
Lomba,Lomba,Flores,TRUE,Zoo,2022,Spring,FALSE
Lomba,Lomba,Flores,TRUE,Zoo,2022,Summer,FALSE
Lomba,Lomba,Flores,TRUE,Zoo,2022,Winter,FALSE
Lomba,Lomba,Flores,TRUE,Zoo,2023,Autumn,FALSE
Lomba,Lomba,Flores,TRUE,Zoo,2023,Spring,FALSE
Lomba,Lomba,Flores,TRUE,Zoo,2023,Summer,FALSE
Lomba,Lomba,Flores,TRUE,Zoo,2023,Winter,FALSE
Lomba,Lomba,Flores,TRUE,Zoo,2024,Autumn,FALSE
Lomba,Lomba,Flores,TRUE,Zoo,2024,Spring,FALSE
Lomba,Lomba,Flores,TRUE,Zoo,2024,Summer,FALSE
Lomba,Lomba,Flores,TRUE,Zoo,2024,Winter,FALSE
Lomba,Lomba,Flores,TRUE,Zoo,2025,Autumn,FALSE
Lomba,Lomba,Flores,TRUE,Zoo,2025,Spring,TRUE
Lomba,Lomba,Flores,TRUE,Zoo,2025,Summer,FALSE
Lomba,Lomba,Flores,TRUE,Zoo,2025,Winter,FALSE
Negra,Negra,Flores,FALSE,Diatom,2003,Autumn,FALSE
Negra,Negra,Flores,FALSE,Diatom,2003,Spring,FALSE
Negra,Negra,Flores,FALSE,Diatom,2003,Summer,FALSE
Negra,Negra,Flores,FALSE,Diatom,2003,Winter,FALSE
Negra,Negra,Flores,FALSE,Diatom,2004,Autumn,FALSE
Negra,Negra,Flores,FALSE,Diatom,2004,Spring,FALSE
Negra,Negra,Flores,FALSE,Diatom,2004,Summer,FALSE
Negra,Negra,Flores,FALSE,Diatom,2004,Winter,FALSE
Negra,Negra,Flores,FALSE,Diatom,2005,Autumn,FALSE
Negra,Negra,Flores,FALSE,Diatom,2005,Spring,FALSE
Negra,Negra,Flores,FALSE,Diatom,2005,Summer,FALSE
Negra,Negra,Flores,FALSE,Diatom,2005,Winter,FALSE
Negra,Negra,Flores,FALSE,Diatom,2006,Autumn,FALSE
Negra,Negra,Flores,FALSE,Diatom,2006,Spring,FALSE
Negra,Negra,Flores,FALSE,Diatom,2006,Summer,FALSE
Negra,Negra,Flores,FALSE,Diatom,2006,Winter,FALSE
Negra,Negra,Flores,FALSE,Diatom,2007,Autumn,FALSE
Negra,Negra,Flores,FALSE,Diatom,2007,Spring,FALSE
Negra,Negra,Flores,FALSE,Diatom,2007,Summer,FALSE
Negra,Negra,Flores,FALSE,Diatom,2007,Winter,FALSE
Negra,Negra,Flores,FALSE,Diatom,2008,Autumn,FALSE
Negra,Negra,Flores,FALSE,Diatom,2008,Spring,FALSE
Negra,Negra,Flores,FALSE,Diatom,2008,Summer,FALSE
Negra,Negra,Flores,FALSE,Diatom,2008,Winter,FALSE
Negra,Negra,Flores,FALSE,Diatom,2009,Autumn,FALSE
Negra,Negra,Flores,FALSE,Diatom,2009,Spring,TRUE
Negra,Negra,Flores,FALSE,Diatom,2009,Summer,TRUE
Negra,Negra,Flores,FALSE,Diatom,2009,Winter,FALSE
Negra,Negra,Flores,FALSE,Diatom,2010,Autumn,FALSE
Negra,Negra,Flores,FALSE,Diatom,2010,Spring,FALSE
Negra,Negra,Flores,FALSE,Diatom,2010,Summer,FALSE
Negra,Negra,Flores,FALSE,Diatom,2010,Winter,FALSE
Negra,Negra,Flores,FALSE,Diatom,2011,Autumn,TRUE
Negra,Negra,Flores,FALSE,Diatom,2011,Spring,TRUE
Negra,Negra,Flores,FALSE,Diatom,2011,Summer,FALSE
Negra,Negra,Flores,FALSE,Diatom,2011,Winter,FALSE
Negra,Negra,Flores,FALSE,Diatom,2012,Autumn,TRUE
Negra,Negra,Flores,FALSE,Diatom,2012,Spring,TRUE
Negra,Negra,Flores,FALSE,Diatom,2012,Summer,FALSE
Negra,Negra,Flores,FALSE,Diatom,2012,Winter,TRUE
Negra,Negra,Flores,FALSE,Diatom,2013,Autumn,FALSE
Negra,Negra,Flores,FALSE,Diatom,2013,Spring,FALSE
Negra,Negra,Flores,FALSE,Diatom,2013,Summer,FALSE
Negra,Negra,Flores,FALSE,Diatom,2013,Winter,FALSE
Negra,Negra,Flores,FALSE,Diatom,2014,Autumn,FALSE
Negra,Negra,Flores,FALSE,Diatom,2014,Spring,FALSE
Negra,Negra,Flores,FALSE,Diatom,2014,Summer,FALSE
Negra,Negra,Flores,FALSE,Diatom,2014,Winter,FALSE
Negra,Negra,Flores,FALSE,Diatom,2015,Autumn,FALSE
Negra,Negra,Flores,FALSE,Diatom,2015,Spring,FALSE
Negra,Negra,Flores,FALSE,Diatom,2015,Summer,FALSE
Negra,Negra,Flores,FALSE,Diatom,2015,Winter,FALSE
Negra,Negra,Flores,FALSE,Diatom,2016,Autumn,FALSE
Negra,Negra,Flores,FALSE,Diatom,2016,Spring,FALSE
Negra,Negra,Flores,FALSE,Diatom,2016,Summer,FALSE
Negra,Negra,Flores,FALSE,Diatom,2016,Winter,FALSE
Negra,Negra,Flores,FALSE,Diatom,2017,Autumn,TRUE
Negra,Negra,Flores,FALSE,Diatom,2017,Spring,FALSE
Negra,Negra,Flores,FALSE,Diatom,2017,Summer,FALSE
Negra,Negra,Flores,FALSE,Diatom,2017,Winter,FALSE
Negra,Negra,Flores,FALSE,Diatom,2018,Autumn,FALSE
Negra,Negra,Flores,FALSE,Diatom,2018,Spring,TRUE
Negra,Negra,Flores,FALSE,Diatom,2018,Summer,FALSE
Negra,Negra,Flores,FALSE,Diatom,2018,Winter,TRUE
Negra,Negra,Flores,FALSE,Diatom,2019,Autumn,FALSE
Negra,Negra,Flores,FALSE,Diatom,2019,Spring,FALSE
Negra,Negra,Flores,FALSE,Diatom,2019,Summer,FALSE
Negra,Negra,Flores,FALSE,Diatom,2019,Winter,FALSE
Negra,Negra,Flores,FALSE,Diatom,2020,Autumn,FALSE
Negra,Negra,Flores,FALSE,Diatom,2020,Spring,FALSE
Negra,Negra,Flores,FALSE,Diatom,2020,Summer,FALSE
Negra,Negra,Flores,FALSE,Diatom,2020,Winter,FALSE
Negra,Negra,Flores,FALSE,Diatom,2021,Autumn,FALSE
Negra,Negra,Flores,FALSE,Diatom,2021,Spring,FALSE
Negra,Negra,Flores,FALSE,Diatom,2021,Summer,FALSE
Negra,Negra,Flores,FALSE,Diatom,2021,Winter,FALSE
Negra,Negra,Flores,FALSE,Diatom,2022,Autumn,FALSE
Negra,Negra,Flores,FALSE,Diatom,2022,Spring,FALSE
Negra,Negra,Flores,FALSE,Diatom,2022,Summer,FALSE
Negra,Negra,Flores,FALSE,Diatom,2022,Winter,FALSE
Negra,Negra,Flores,FALSE,Diatom,2023,Autumn,FALSE
Negra,Negra,Flores,FALSE,Diatom,2023,Spring,FALSE
Negra,Negra,Flores,FALSE,Diatom,2023,Summer,FALSE
Negra,Negra,Flores,FALSE,Diatom,2023,Winter,FALSE
Negra,Negra,Flores,FALSE,Diatom,2024,Autumn,TRUE
Negra,Negra,Flores,FALSE,Diatom,2024,Spring,TRUE
Negra,Negra,Flores,FALSE,Diatom,2024,Summer,TRUE
Negra,Negra,Flores,FALSE,Diatom,2024,Winter,TRUE
Negra,Negra,Flores,FALSE,Diatom,2025,Autumn,FALSE
Negra,Negra,Flores,FALSE,Diatom,2025,Spring,TRUE
Negra,Negra,Flores,FALSE,Diatom,2025,Summer,TRUE
Negra,Negra,Flores,FALSE,Diatom,2025,Winter,TRUE
Negra,Negra,Flores,FALSE,Env,2003,Autumn,FALSE
Negra,Negra,Flores,FALSE,Env,2003,Spring,FALSE
Negra,Negra,Flores,FALSE,Env,2003,Summer,FALSE
Negra,Negra,Flores,FALSE,Env,2003,Winter,FALSE
Negra,Negra,Flores,FALSE,Env,2004,Autumn,FALSE
Negra,Negra,Flores,FALSE,Env,2004,Spring,FALSE
Negra,Negra,Flores,FALSE,Env,2004,Summer,FALSE
Negra,Negra,Flores,FALSE,Env,2004,Winter,FALSE
Negra,Negra,Flores,FALSE,Env,2005,Autumn,FALSE
Negra,Negra,Flores,FALSE,Env,2005,Spring,FALSE
Negra,Negra,Flores,FALSE,Env,2005,Summer,FALSE
Negra,Negra,Flores,FALSE,Env,2005,Winter,FALSE
Negra,Negra,Flores,FALSE,Env,2006,Autumn,TRUE
Negra,Negra,Flores,FALSE,Env,2006,Spring,FALSE
Negra,Negra,Flores,FALSE,Env,2006,Summer,FALSE
Negra,Negra,Flores,FALSE,Env,2006,Winter,TRUE
Negra,Negra,Flores,FALSE,Env,2007,Autumn,FALSE
Negra,Negra,Flores,FALSE,Env,2007,Spring,FALSE
Negra,Negra,Flores,FALSE,Env,2007,Summer,FALSE
Negra,Negra,Flores,FALSE,Env,2007,Winter,FALSE
Negra,Negra,Flores,FALSE,Env,2008,Autumn,TRUE
Negra,Negra,Flores,FALSE,Env,2008,Spring,TRUE
Negra,Negra,Flores,FALSE,Env,2008,Summer,TRUE
Negra,Negra,Flores,FALSE,Env,2008,Winter,TRUE
Negra,Negra,Flores,FALSE,Env,2009,Autumn,FALSE
Negra,Negra,Flores,FALSE,Env,2009,Spring,FALSE
Negra,Negra,Flores,FALSE,Env,2009,Summer,FALSE
Negra,Negra,Flores,FALSE,Env,2009,Winter,FALSE
Negra,Negra,Flores,FALSE,Env,2010,Autumn,TRUE
Negra,Negra,Flores,FALSE,Env,2010,Spring,TRUE
Negra,Negra,Flores,FALSE,Env,2010,Summer,TRUE
Negra,Negra,Flores,FALSE,Env,2010,Winter,TRUE
Negra,Negra,Flores,FALSE,Env,2011,Autumn,TRUE
Negra,Negra,Flores,FALSE,Env,2011,Spring,TRUE
Negra,Negra,Flores,FALSE,Env,2011,Summer,TRUE
Negra,Negra,Flores,FALSE,Env,2011,Winter,TRUE
Negra,Negra,Flores,FALSE,Env,2012,Autumn,TRUE
Negra,Negra,Flores,FALSE,Env,2012,Spring,TRUE
Negra,Negra,Flores,FALSE,Env,2012,Summer,TRUE
Negra,Negra,Flores,FALSE,Env,2012,Winter,TRUE
Negra,Negra,Flores,FALSE,Env,2013,Autumn,FALSE
Negra,Negra,Flores,FALSE,Env,2013,Spring,FALSE
Negra,Negra,Flores,FALSE,Env,2013,Summer,FALSE
Negra,Negra,Flores,FALSE,Env,2013,Winter,FALSE
Negra,Negra,Flores,FALSE,Env,2014,Autumn,FALSE
Negra,Negra,Flores,FALSE,Env,2014,Spring,FALSE
Negra,Negra,Flores,FALSE,Env,2014,Summer,FALSE
Negra,Negra,Flores,FALSE,Env,2014,Winter,FALSE
Negra,Negra,Flores,FALSE,Env,2015,Autumn,FALSE
Negra,Negra,Flores,FALSE,Env,2015,Spring,FALSE
Negra,Negra,Flores,FALSE,Env,2015,Summer,FALSE
Negra,Negra,Flores,FALSE,Env,2015,Winter,FALSE
Negra,Negra,Flores,FALSE,Env,2016,Autumn,FALSE
Negra,Negra,Flores,FALSE,Env,2016,Spring,FALSE
Negra,Negra,Flores,FALSE,Env,2016,Summer,FALSE
Negra,Negra,Flores,FALSE,Env,2016,Winter,FALSE
Negra,Negra,Flores,FALSE,Env,2017,Autumn,FALSE
Negra,Negra,Flores,FALSE,Env,2017,Spring,FALSE
Negra,Negra,Flores,FALSE,Env,2017,Summer,FALSE
Negra,Negra,Flores,FALSE,Env,2017,Winter,FALSE
Negra,Negra,Flores,FALSE,Env,2018,Autumn,FALSE
Negra,Negra,Flores,FALSE,Env,2018,Spring,TRUE
Negra,Negra,Flores,FALSE,Env,2018,Summer,FALSE
Negra,Negra,Flores,FALSE,Env,2018,Winter,FALSE
Negra,Negra,Flores,FALSE,Env,2019,Autumn,FALSE
Negra,Negra,Flores,FALSE,Env,2019,Spring,FALSE
Negra,Negra,Flores,FALSE,Env,2019,Summer,FALSE
Negra,Negra,Flores,FALSE,Env,2019,Winter,FALSE
Negra,Negra,Flores,FALSE,Env,2020,Autumn,FALSE
Negra,Negra,Flores,FALSE,Env,2020,Spring,FALSE
Negra,Negra,Flores,FALSE,Env,2020,Summer,FALSE
Negra,Negra,Flores,FALSE,Env,2020,Winter,FALSE
Negra,Negra,Flores,FALSE,Env,2021,Autumn,FALSE
Negra,Negra,Flores,FALSE,Env,2021,Spring,FALSE
Negra,Negra,Flores,FALSE,Env,2021,Summer,FALSE
Negra,Negra,Flores,FALSE,Env,2021,Winter,FALSE
Negra,Negra,Flores,FALSE,Env,2022,Autumn,FALSE
Negra,Negra,Flores,FALSE,Env,2022,Spring,FALSE
Negra,Negra,Flores,FALSE,Env,2022,Summer,FALSE
Negra,Negra,Flores,FALSE,Env,2022,Winter,FALSE
Negra,Negra,Flores,FALSE,Env,2023,Autumn,FALSE
Negra,Negra,Flores,FALSE,Env,2023,Spring,FALSE
Negra,Negra,Flores,FALSE,Env,2023,Summer,FALSE
Negra,Negra,Flores,FALSE,Env,2023,Winter,FALSE
Negra,Negra,Flores,FALSE,Env,2024,Autumn,FALSE
Negra,Negra,Flores,FALSE,Env,2024,Spring,TRUE
Negra,Negra,Flores,FALSE,Env,2024,Summer,TRUE
Negra,Negra,Flores,FALSE,Env,2024,Winter,TRUE
Negra,Negra,Flores,FALSE,Env,2025,Autumn,FALSE
Negra,Negra,Flores,FALSE,Env,2025,Spring,TRUE
Negra,Negra,Flores,FALSE,Env,2025,Summer,TRUE
Negra,Negra,Flores,FALSE,Env,2025,Winter,TRUE
Negra,Negra,Flores,FALSE,Macro,2003,Autumn,FALSE
Negra,Negra,Flores,FALSE,Macro,2003,Spring,FALSE
Negra,Negra,Flores,FALSE,Macro,2003,Summer,FALSE
Negra,Negra,Flores,FALSE,Macro,2003,Winter,FALSE
Negra,Negra,Flores,FALSE,Macro,2004,Autumn,FALSE
Negra,Negra,Flores,FALSE,Macro,2004,Spring,FALSE
Negra,Negra,Flores,FALSE,Macro,2004,Summer,FALSE
Negra,Negra,Flores,FALSE,Macro,2004,Winter,FALSE
Negra,Negra,Flores,FALSE,Macro,2005,Autumn,FALSE
Negra,Negra,Flores,FALSE,Macro,2005,Spring,FALSE
Negra,Negra,Flores,FALSE,Macro,2005,Summer,FALSE
Negra,Negra,Flores,FALSE,Macro,2005,Winter,FALSE
Negra,Negra,Flores,FALSE,Macro,2006,Autumn,FALSE
Negra,Negra,Flores,FALSE,Macro,2006,Spring,FALSE
Negra,Negra,Flores,FALSE,Macro,2006,Summer,FALSE
Negra,Negra,Flores,FALSE,Macro,2006,Winter,FALSE
Negra,Negra,Flores,FALSE,Macro,2007,Autumn,FALSE
Negra,Negra,Flores,FALSE,Macro,2007,Spring,FALSE
Negra,Negra,Flores,FALSE,Macro,2007,Summer,FALSE
Negra,Negra,Flores,FALSE,Macro,2007,Winter,FALSE
Negra,Negra,Flores,FALSE,Macro,2008,Autumn,FALSE
Negra,Negra,Flores,FALSE,Macro,2008,Spring,FALSE
Negra,Negra,Flores,FALSE,Macro,2008,Summer,FALSE
Negra,Negra,Flores,FALSE,Macro,2008,Winter,FALSE
Negra,Negra,Flores,FALSE,Macro,2009,Autumn,FALSE
Negra,Negra,Flores,FALSE,Macro,2009,Spring,FALSE
Negra,Negra,Flores,FALSE,Macro,2009,Summer,FALSE
Negra,Negra,Flores,FALSE,Macro,2009,Winter,FALSE
Negra,Negra,Flores,FALSE,Macro,2010,Autumn,FALSE
Negra,Negra,Flores,FALSE,Macro,2010,Spring,FALSE
Negra,Negra,Flores,FALSE,Macro,2010,Summer,FALSE
Negra,Negra,Flores,FALSE,Macro,2010,Winter,FALSE
Negra,Negra,Flores,FALSE,Macro,2011,Autumn,FALSE
Negra,Negra,Flores,FALSE,Macro,2011,Spring,FALSE
Negra,Negra,Flores,FALSE,Macro,2011,Summer,FALSE
Negra,Negra,Flores,FALSE,Macro,2011,Winter,FALSE
Negra,Negra,Flores,FALSE,Macro,2012,Autumn,FALSE
Negra,Negra,Flores,FALSE,Macro,2012,Spring,TRUE
Negra,Negra,Flores,FALSE,Macro,2012,Summer,FALSE
Negra,Negra,Flores,FALSE,Macro,2012,Winter,FALSE
Negra,Negra,Flores,FALSE,Macro,2013,Autumn,FALSE
Negra,Negra,Flores,FALSE,Macro,2013,Spring,FALSE
Negra,Negra,Flores,FALSE,Macro,2013,Summer,FALSE
Negra,Negra,Flores,FALSE,Macro,2013,Winter,FALSE
Negra,Negra,Flores,FALSE,Macro,2014,Autumn,FALSE
Negra,Negra,Flores,FALSE,Macro,2014,Spring,FALSE
Negra,Negra,Flores,FALSE,Macro,2014,Summer,FALSE
Negra,Negra,Flores,FALSE,Macro,2014,Winter,FALSE
Negra,Negra,Flores,FALSE,Macro,2015,Autumn,FALSE
Negra,Negra,Flores,FALSE,Macro,2015,Spring,FALSE
Negra,Negra,Flores,FALSE,Macro,2015,Summer,FALSE
Negra,Negra,Flores,FALSE,Macro,2015,Winter,FALSE
Negra,Negra,Flores,FALSE,Macro,2016,Autumn,FALSE
Negra,Negra,Flores,FALSE,Macro,2016,Spring,FALSE
Negra,Negra,Flores,FALSE,Macro,2016,Summer,FALSE
Negra,Negra,Flores,FALSE,Macro,2016,Winter,FALSE
Negra,Negra,Flores,FALSE,Macro,2017,Autumn,FALSE
Negra,Negra,Flores,FALSE,Macro,2017,Spring,FALSE
Negra,Negra,Flores,FALSE,Macro,2017,Summer,FALSE
Negra,Negra,Flores,FALSE,Macro,2017,Winter,FALSE
Negra,Negra,Flores,FALSE,Macro,2018,Autumn,FALSE
Negra,Negra,Flores,FALSE,Macro,2018,Spring,TRUE
Negra,Negra,Flores,FALSE,Macro,2018,Summer,FALSE
Negra,Negra,Flores,FALSE,Macro,2018,Winter,FALSE
Negra,Negra,Flores,FALSE,Macro,2019,Autumn,FALSE
Negra,Negra,Flores,FALSE,Macro,2019,Spring,FALSE
Negra,Negra,Flores,FALSE,Macro,2019,Summer,FALSE
Negra,Negra,Flores,FALSE,Macro,2019,Winter,FALSE
Negra,Negra,Flores,FALSE,Macro,2020,Autumn,FALSE
Negra,Negra,Flores,FALSE,Macro,2020,Spring,FALSE
Negra,Negra,Flores,FALSE,Macro,2020,Summer,FALSE
Negra,Negra,Flores,FALSE,Macro,2020,Winter,FALSE
Negra,Negra,Flores,FALSE,Macro,2021,Autumn,FALSE
Negra,Negra,Flores,FALSE,Macro,2021,Spring,FALSE
Negra,Negra,Flores,FALSE,Macro,2021,Summer,FALSE
Negra,Negra,Flores,FALSE,Macro,2021,Winter,FALSE
Negra,Negra,Flores,FALSE,Macro,2022,Autumn,FALSE
Negra,Negra,Flores,FALSE,Macro,2022,Spring,FALSE
Negra,Negra,Flores,FALSE,Macro,2022,Summer,FALSE
Negra,Negra,Flores,FALSE,Macro,2022,Winter,FALSE
Negra,Negra,Flores,FALSE,Macro,2023,Autumn,FALSE
Negra,Negra,Flores,FALSE,Macro,2023,Spring,FALSE
Negra,Negra,Flores,FALSE,Macro,2023,Summer,FALSE
Negra,Negra,Flores,FALSE,Macro,2023,Winter,FALSE
Negra,Negra,Flores,FALSE,Macro,2024,Autumn,TRUE
Negra,Negra,Flores,FALSE,Macro,2024,Spring,TRUE
Negra,Negra,Flores,FALSE,Macro,2024,Summer,TRUE
Negra,Negra,Flores,FALSE,Macro,2024,Winter,TRUE
Negra,Negra,Flores,FALSE,Macro,2025,Autumn,FALSE
Negra,Negra,Flores,FALSE,Macro,2025,Spring,FALSE
Negra,Negra,Flores,FALSE,Macro,2025,Summer,TRUE
Negra,Negra,Flores,FALSE,Macro,2025,Winter,FALSE
Negra,Negra,Flores,FALSE,Phyto,2003,Autumn,FALSE
Negra,Negra,Flores,FALSE,Phyto,2003,Spring,FALSE
Negra,Negra,Flores,FALSE,Phyto,2003,Summer,FALSE
Negra,Negra,Flores,FALSE,Phyto,2003,Winter,FALSE
Negra,Negra,Flores,FALSE,Phyto,2004,Autumn,FALSE
Negra,Negra,Flores,FALSE,Phyto,2004,Spring,FALSE
Negra,Negra,Flores,FALSE,Phyto,2004,Summer,FALSE
Negra,Negra,Flores,FALSE,Phyto,2004,Winter,FALSE
Negra,Negra,Flores,FALSE,Phyto,2005,Autumn,FALSE
Negra,Negra,Flores,FALSE,Phyto,2005,Spring,FALSE
Negra,Negra,Flores,FALSE,Phyto,2005,Summer,FALSE
Negra,Negra,Flores,FALSE,Phyto,2005,Winter,FALSE
Negra,Negra,Flores,FALSE,Phyto,2006,Autumn,TRUE
Negra,Negra,Flores,FALSE,Phyto,2006,Spring,FALSE
Negra,Negra,Flores,FALSE,Phyto,2006,Summer,FALSE
Negra,Negra,Flores,FALSE,Phyto,2006,Winter,TRUE
Negra,Negra,Flores,FALSE,Phyto,2007,Autumn,FALSE
Negra,Negra,Flores,FALSE,Phyto,2007,Spring,FALSE
Negra,Negra,Flores,FALSE,Phyto,2007,Summer,FALSE
Negra,Negra,Flores,FALSE,Phyto,2007,Winter,FALSE
Negra,Negra,Flores,FALSE,Phyto,2008,Autumn,TRUE
Negra,Negra,Flores,FALSE,Phyto,2008,Spring,TRUE
Negra,Negra,Flores,FALSE,Phyto,2008,Summer,FALSE
Negra,Negra,Flores,FALSE,Phyto,2008,Winter,FALSE
Negra,Negra,Flores,FALSE,Phyto,2009,Autumn,FALSE
Negra,Negra,Flores,FALSE,Phyto,2009,Spring,FALSE
Negra,Negra,Flores,FALSE,Phyto,2009,Summer,TRUE
Negra,Negra,Flores,FALSE,Phyto,2009,Winter,TRUE
Negra,Negra,Flores,FALSE,Phyto,2010,Autumn,FALSE
Negra,Negra,Flores,FALSE,Phyto,2010,Spring,FALSE
Negra,Negra,Flores,FALSE,Phyto,2010,Summer,TRUE
Negra,Negra,Flores,FALSE,Phyto,2010,Winter,TRUE
Negra,Negra,Flores,FALSE,Phyto,2011,Autumn,TRUE
Negra,Negra,Flores,FALSE,Phyto,2011,Spring,TRUE
Negra,Negra,Flores,FALSE,Phyto,2011,Summer,TRUE
Negra,Negra,Flores,FALSE,Phyto,2011,Winter,TRUE
Negra,Negra,Flores,FALSE,Phyto,2012,Autumn,TRUE
Negra,Negra,Flores,FALSE,Phyto,2012,Spring,TRUE
Negra,Negra,Flores,FALSE,Phyto,2012,Summer,TRUE
Negra,Negra,Flores,FALSE,Phyto,2012,Winter,TRUE
Negra,Negra,Flores,FALSE,Phyto,2013,Autumn,FALSE
Negra,Negra,Flores,FALSE,Phyto,2013,Spring,FALSE
Negra,Negra,Flores,FALSE,Phyto,2013,Summer,FALSE
Negra,Negra,Flores,FALSE,Phyto,2013,Winter,FALSE
Negra,Negra,Flores,FALSE,Phyto,2014,Autumn,FALSE
Negra,Negra,Flores,FALSE,Phyto,2014,Spring,FALSE
Negra,Negra,Flores,FALSE,Phyto,2014,Summer,FALSE
Negra,Negra,Flores,FALSE,Phyto,2014,Winter,FALSE
Negra,Negra,Flores,FALSE,Phyto,2015,Autumn,FALSE
Negra,Negra,Flores,FALSE,Phyto,2015,Spring,FALSE
Negra,Negra,Flores,FALSE,Phyto,2015,Summer,FALSE
Negra,Negra,Flores,FALSE,Phyto,2015,Winter,FALSE
Negra,Negra,Flores,FALSE,Phyto,2016,Autumn,FALSE
Negra,Negra,Flores,FALSE,Phyto,2016,Spring,FALSE
Negra,Negra,Flores,FALSE,Phyto,2016,Summer,FALSE
Negra,Negra,Flores,FALSE,Phyto,2016,Winter,FALSE
Negra,Negra,Flores,FALSE,Phyto,2017,Autumn,FALSE
Negra,Negra,Flores,FALSE,Phyto,2017,Spring,FALSE
Negra,Negra,Flores,FALSE,Phyto,2017,Summer,FALSE
Negra,Negra,Flores,FALSE,Phyto,2017,Winter,FALSE
Negra,Negra,Flores,FALSE,Phyto,2018,Autumn,TRUE
Negra,Negra,Flores,FALSE,Phyto,2018,Spring,FALSE
Negra,Negra,Flores,FALSE,Phyto,2018,Summer,TRUE
Negra,Negra,Flores,FALSE,Phyto,2018,Winter,TRUE
Negra,Negra,Flores,FALSE,Phyto,2019,Autumn,FALSE
Negra,Negra,Flores,FALSE,Phyto,2019,Spring,FALSE
Negra,Negra,Flores,FALSE,Phyto,2019,Summer,FALSE
Negra,Negra,Flores,FALSE,Phyto,2019,Winter,FALSE
Negra,Negra,Flores,FALSE,Phyto,2020,Autumn,FALSE
Negra,Negra,Flores,FALSE,Phyto,2020,Spring,FALSE
Negra,Negra,Flores,FALSE,Phyto,2020,Summer,FALSE
Negra,Negra,Flores,FALSE,Phyto,2020,Winter,FALSE
Negra,Negra,Flores,FALSE,Phyto,2021,Autumn,FALSE
Negra,Negra,Flores,FALSE,Phyto,2021,Spring,FALSE
Negra,Negra,Flores,FALSE,Phyto,2021,Summer,FALSE
Negra,Negra,Flores,FALSE,Phyto,2021,Winter,FALSE
Negra,Negra,Flores,FALSE,Phyto,2022,Autumn,FALSE
Negra,Negra,Flores,FALSE,Phyto,2022,Spring,FALSE
Negra,Negra,Flores,FALSE,Phyto,2022,Summer,FALSE
Negra,Negra,Flores,FALSE,Phyto,2022,Winter,FALSE
Negra,Negra,Flores,FALSE,Phyto,2023,Autumn,FALSE
Negra,Negra,Flores,FALSE,Phyto,2023,Spring,FALSE
Negra,Negra,Flores,FALSE,Phyto,2023,Summer,FALSE
Negra,Negra,Flores,FALSE,Phyto,2023,Winter,FALSE
Negra,Negra,Flores,FALSE,Phyto,2024,Autumn,TRUE
Negra,Negra,Flores,FALSE,Phyto,2024,Spring,TRUE
Negra,Negra,Flores,FALSE,Phyto,2024,Summer,TRUE
Negra,Negra,Flores,FALSE,Phyto,2024,Winter,TRUE
Negra,Negra,Flores,FALSE,Phyto,2025,Autumn,FALSE
Negra,Negra,Flores,FALSE,Phyto,2025,Spring,TRUE
Negra,Negra,Flores,FALSE,Phyto,2025,Summer,TRUE
Negra,Negra,Flores,FALSE,Phyto,2025,Winter,TRUE
Negra,Negra,Flores,FALSE,Zoo,2003,Autumn,FALSE
Negra,Negra,Flores,FALSE,Zoo,2003,Spring,FALSE
Negra,Negra,Flores,FALSE,Zoo,2003,Summer,FALSE
Negra,Negra,Flores,FALSE,Zoo,2003,Winter,FALSE
Negra,Negra,Flores,FALSE,Zoo,2004,Autumn,FALSE
Negra,Negra,Flores,FALSE,Zoo,2004,Spring,FALSE
Negra,Negra,Flores,FALSE,Zoo,2004,Summer,FALSE
Negra,Negra,Flores,FALSE,Zoo,2004,Winter,FALSE
Negra,Negra,Flores,FALSE,Zoo,2005,Autumn,FALSE
Negra,Negra,Flores,FALSE,Zoo,2005,Spring,FALSE
Negra,Negra,Flores,FALSE,Zoo,2005,Summer,FALSE
Negra,Negra,Flores,FALSE,Zoo,2005,Winter,FALSE
Negra,Negra,Flores,FALSE,Zoo,2006,Autumn,FALSE
Negra,Negra,Flores,FALSE,Zoo,2006,Spring,FALSE
Negra,Negra,Flores,FALSE,Zoo,2006,Summer,FALSE
Negra,Negra,Flores,FALSE,Zoo,2006,Winter,FALSE
Negra,Negra,Flores,FALSE,Zoo,2007,Autumn,FALSE
Negra,Negra,Flores,FALSE,Zoo,2007,Spring,FALSE
Negra,Negra,Flores,FALSE,Zoo,2007,Summer,FALSE
Negra,Negra,Flores,FALSE,Zoo,2007,Winter,FALSE
Negra,Negra,Flores,FALSE,Zoo,2008,Autumn,FALSE
Negra,Negra,Flores,FALSE,Zoo,2008,Spring,FALSE
Negra,Negra,Flores,FALSE,Zoo,2008,Summer,FALSE
Negra,Negra,Flores,FALSE,Zoo,2008,Winter,FALSE
Negra,Negra,Flores,FALSE,Zoo,2009,Autumn,FALSE
Negra,Negra,Flores,FALSE,Zoo,2009,Spring,FALSE
Negra,Negra,Flores,FALSE,Zoo,2009,Summer,FALSE
Negra,Negra,Flores,FALSE,Zoo,2009,Winter,FALSE
Negra,Negra,Flores,FALSE,Zoo,2010,Autumn,FALSE
Negra,Negra,Flores,FALSE,Zoo,2010,Spring,FALSE
Negra,Negra,Flores,FALSE,Zoo,2010,Summer,FALSE
Negra,Negra,Flores,FALSE,Zoo,2010,Winter,FALSE
Negra,Negra,Flores,FALSE,Zoo,2011,Autumn,FALSE
Negra,Negra,Flores,FALSE,Zoo,2011,Spring,FALSE
Negra,Negra,Flores,FALSE,Zoo,2011,Summer,FALSE
Negra,Negra,Flores,FALSE,Zoo,2011,Winter,FALSE
Negra,Negra,Flores,FALSE,Zoo,2012,Autumn,FALSE
Negra,Negra,Flores,FALSE,Zoo,2012,Spring,FALSE
Negra,Negra,Flores,FALSE,Zoo,2012,Summer,FALSE
Negra,Negra,Flores,FALSE,Zoo,2012,Winter,FALSE
Negra,Negra,Flores,FALSE,Zoo,2013,Autumn,FALSE
Negra,Negra,Flores,FALSE,Zoo,2013,Spring,FALSE
Negra,Negra,Flores,FALSE,Zoo,2013,Summer,FALSE
Negra,Negra,Flores,FALSE,Zoo,2013,Winter,FALSE
Negra,Negra,Flores,FALSE,Zoo,2014,Autumn,FALSE
Negra,Negra,Flores,FALSE,Zoo,2014,Spring,FALSE
Negra,Negra,Flores,FALSE,Zoo,2014,Summer,FALSE
Negra,Negra,Flores,FALSE,Zoo,2014,Winter,FALSE
Negra,Negra,Flores,FALSE,Zoo,2015,Autumn,FALSE
Negra,Negra,Flores,FALSE,Zoo,2015,Spring,FALSE
Negra,Negra,Flores,FALSE,Zoo,2015,Summer,FALSE
Negra,Negra,Flores,FALSE,Zoo,2015,Winter,FALSE
Negra,Negra,Flores,FALSE,Zoo,2016,Autumn,FALSE
Negra,Negra,Flores,FALSE,Zoo,2016,Spring,FALSE
Negra,Negra,Flores,FALSE,Zoo,2016,Summer,FALSE
Negra,Negra,Flores,FALSE,Zoo,2016,Winter,FALSE
Negra,Negra,Flores,FALSE,Zoo,2017,Autumn,FALSE
Negra,Negra,Flores,FALSE,Zoo,2017,Spring,FALSE
Negra,Negra,Flores,FALSE,Zoo,2017,Summer,FALSE
Negra,Negra,Flores,FALSE,Zoo,2017,Winter,FALSE
Negra,Negra,Flores,FALSE,Zoo,2018,Autumn,FALSE
Negra,Negra,Flores,FALSE,Zoo,2018,Spring,FALSE
Negra,Negra,Flores,FALSE,Zoo,2018,Summer,FALSE
Negra,Negra,Flores,FALSE,Zoo,2018,Winter,FALSE
Negra,Negra,Flores,FALSE,Zoo,2019,Autumn,FALSE
Negra,Negra,Flores,FALSE,Zoo,2019,Spring,FALSE
Negra,Negra,Flores,FALSE,Zoo,2019,Summer,FALSE
Negra,Negra,Flores,FALSE,Zoo,2019,Winter,FALSE
Negra,Negra,Flores,FALSE,Zoo,2020,Autumn,FALSE
Negra,Negra,Flores,FALSE,Zoo,2020,Spring,FALSE
Negra,Negra,Flores,FALSE,Zoo,2020,Summer,FALSE
Negra,Negra,Flores,FALSE,Zoo,2020,Winter,FALSE
Negra,Negra,Flores,FALSE,Zoo,2021,Autumn,FALSE
Negra,Negra,Flores,FALSE,Zoo,2021,Spring,FALSE
Negra,Negra,Flores,FALSE,Zoo,2021,Summer,FALSE
Negra,Negra,Flores,FALSE,Zoo,2021,Winter,FALSE
Negra,Negra,Flores,FALSE,Zoo,2022,Autumn,FALSE
Negra,Negra,Flores,FALSE,Zoo,2022,Spring,FALSE
Negra,Negra,Flores,FALSE,Zoo,2022,Summer,FALSE
Negra,Negra,Flores,FALSE,Zoo,2022,Winter,FALSE
Negra,Negra,Flores,FALSE,Zoo,2023,Autumn,FALSE
Negra,Negra,Flores,FALSE,Zoo,2023,Spring,FALSE
Negra,Negra,Flores,FALSE,Zoo,2023,Summer,FALSE
Negra,Negra,Flores,FALSE,Zoo,2023,Winter,FALSE
Negra,Negra,Flores,FALSE,Zoo,2024,Autumn,FALSE
Negra,Negra,Flores,FALSE,Zoo,2024,Spring,FALSE
Negra,Negra,Flores,FALSE,Zoo,2024,Summer,FALSE
Negra,Negra,Flores,FALSE,Zoo,2024,Winter,FALSE
Negra,Negra,Flores,FALSE,Zoo,2025,Autumn,FALSE
Negra,Negra,Flores,FALSE,Zoo,2025,Spring,TRUE
Negra,Negra,Flores,FALSE,Zoo,2025,Summer,FALSE
Negra,Negra,Flores,FALSE,Zoo,2025,Winter,FALSE
Paul,Paúl,Pico,FALSE,Diatom,2003,Autumn,FALSE
Paul,Paúl,Pico,FALSE,Diatom,2003,Spring,FALSE
Paul,Paúl,Pico,FALSE,Diatom,2003,Summer,FALSE
Paul,Paúl,Pico,FALSE,Diatom,2003,Winter,FALSE
Paul,Paúl,Pico,FALSE,Diatom,2004,Autumn,FALSE
Paul,Paúl,Pico,FALSE,Diatom,2004,Spring,FALSE
Paul,Paúl,Pico,FALSE,Diatom,2004,Summer,FALSE
Paul,Paúl,Pico,FALSE,Diatom,2004,Winter,FALSE
Paul,Paúl,Pico,FALSE,Diatom,2005,Autumn,FALSE
Paul,Paúl,Pico,FALSE,Diatom,2005,Spring,FALSE
Paul,Paúl,Pico,FALSE,Diatom,2005,Summer,FALSE
Paul,Paúl,Pico,FALSE,Diatom,2005,Winter,FALSE
Paul,Paúl,Pico,FALSE,Diatom,2006,Autumn,FALSE
Paul,Paúl,Pico,FALSE,Diatom,2006,Spring,FALSE
Paul,Paúl,Pico,FALSE,Diatom,2006,Summer,FALSE
Paul,Paúl,Pico,FALSE,Diatom,2006,Winter,TRUE
Paul,Paúl,Pico,FALSE,Diatom,2007,Autumn,FALSE
Paul,Paúl,Pico,FALSE,Diatom,2007,Spring,FALSE
Paul,Paúl,Pico,FALSE,Diatom,2007,Summer,FALSE
Paul,Paúl,Pico,FALSE,Diatom,2007,Winter,FALSE
Paul,Paúl,Pico,FALSE,Diatom,2008,Autumn,TRUE
Paul,Paúl,Pico,FALSE,Diatom,2008,Spring,TRUE
Paul,Paúl,Pico,FALSE,Diatom,2008,Summer,FALSE
Paul,Paúl,Pico,FALSE,Diatom,2008,Winter,FALSE
Paul,Paúl,Pico,FALSE,Diatom,2009,Autumn,FALSE
Paul,Paúl,Pico,FALSE,Diatom,2009,Spring,TRUE
Paul,Paúl,Pico,FALSE,Diatom,2009,Summer,TRUE
Paul,Paúl,Pico,FALSE,Diatom,2009,Winter,FALSE
Paul,Paúl,Pico,FALSE,Diatom,2010,Autumn,FALSE
Paul,Paúl,Pico,FALSE,Diatom,2010,Spring,FALSE
Paul,Paúl,Pico,FALSE,Diatom,2010,Summer,FALSE
Paul,Paúl,Pico,FALSE,Diatom,2010,Winter,FALSE
Paul,Paúl,Pico,FALSE,Diatom,2011,Autumn,TRUE
Paul,Paúl,Pico,FALSE,Diatom,2011,Spring,TRUE
Paul,Paúl,Pico,FALSE,Diatom,2011,Summer,TRUE
Paul,Paúl,Pico,FALSE,Diatom,2011,Winter,FALSE
Paul,Paúl,Pico,FALSE,Diatom,2012,Autumn,TRUE
Paul,Paúl,Pico,FALSE,Diatom,2012,Spring,TRUE
Paul,Paúl,Pico,FALSE,Diatom,2012,Summer,TRUE
Paul,Paúl,Pico,FALSE,Diatom,2012,Winter,TRUE
Paul,Paúl,Pico,FALSE,Diatom,2013,Autumn,FALSE
Paul,Paúl,Pico,FALSE,Diatom,2013,Spring,FALSE
Paul,Paúl,Pico,FALSE,Diatom,2013,Summer,FALSE
Paul,Paúl,Pico,FALSE,Diatom,2013,Winter,FALSE
Paul,Paúl,Pico,FALSE,Diatom,2014,Autumn,FALSE
Paul,Paúl,Pico,FALSE,Diatom,2014,Spring,FALSE
Paul,Paúl,Pico,FALSE,Diatom,2014,Summer,FALSE
Paul,Paúl,Pico,FALSE,Diatom,2014,Winter,FALSE
Paul,Paúl,Pico,FALSE,Diatom,2015,Autumn,TRUE
Paul,Paúl,Pico,FALSE,Diatom,2015,Spring,FALSE
Paul,Paúl,Pico,FALSE,Diatom,2015,Summer,FALSE
Paul,Paúl,Pico,FALSE,Diatom,2015,Winter,FALSE
Paul,Paúl,Pico,FALSE,Diatom,2016,Autumn,TRUE
Paul,Paúl,Pico,FALSE,Diatom,2016,Spring,TRUE
Paul,Paúl,Pico,FALSE,Diatom,2016,Summer,TRUE
Paul,Paúl,Pico,FALSE,Diatom,2016,Winter,FALSE
Paul,Paúl,Pico,FALSE,Diatom,2017,Autumn,TRUE
Paul,Paúl,Pico,FALSE,Diatom,2017,Spring,FALSE
Paul,Paúl,Pico,FALSE,Diatom,2017,Summer,FALSE
Paul,Paúl,Pico,FALSE,Diatom,2017,Winter,TRUE
Paul,Paúl,Pico,FALSE,Diatom,2018,Autumn,FALSE
Paul,Paúl,Pico,FALSE,Diatom,2018,Spring,TRUE
Paul,Paúl,Pico,FALSE,Diatom,2018,Summer,FALSE
Paul,Paúl,Pico,FALSE,Diatom,2018,Winter,TRUE
Paul,Paúl,Pico,FALSE,Diatom,2019,Autumn,FALSE
Paul,Paúl,Pico,FALSE,Diatom,2019,Spring,FALSE
Paul,Paúl,Pico,FALSE,Diatom,2019,Summer,FALSE
Paul,Paúl,Pico,FALSE,Diatom,2019,Winter,FALSE
Paul,Paúl,Pico,FALSE,Diatom,2020,Autumn,FALSE
Paul,Paúl,Pico,FALSE,Diatom,2020,Spring,FALSE
Paul,Paúl,Pico,FALSE,Diatom,2020,Summer,FALSE
Paul,Paúl,Pico,FALSE,Diatom,2020,Winter,FALSE
Paul,Paúl,Pico,FALSE,Diatom,2021,Autumn,FALSE
Paul,Paúl,Pico,FALSE,Diatom,2021,Spring,FALSE
Paul,Paúl,Pico,FALSE,Diatom,2021,Summer,FALSE
Paul,Paúl,Pico,FALSE,Diatom,2021,Winter,FALSE
Paul,Paúl,Pico,FALSE,Diatom,2022,Autumn,FALSE
Paul,Paúl,Pico,FALSE,Diatom,2022,Spring,FALSE
Paul,Paúl,Pico,FALSE,Diatom,2022,Summer,FALSE
Paul,Paúl,Pico,FALSE,Diatom,2022,Winter,FALSE
Paul,Paúl,Pico,FALSE,Diatom,2023,Autumn,FALSE
Paul,Paúl,Pico,FALSE,Diatom,2023,Spring,FALSE
Paul,Paúl,Pico,FALSE,Diatom,2023,Summer,FALSE
Paul,Paúl,Pico,FALSE,Diatom,2023,Winter,FALSE
Paul,Paúl,Pico,FALSE,Diatom,2024,Autumn,TRUE
Paul,Paúl,Pico,FALSE,Diatom,2024,Spring,FALSE
Paul,Paúl,Pico,FALSE,Diatom,2024,Summer,TRUE
Paul,Paúl,Pico,FALSE,Diatom,2024,Winter,TRUE
Paul,Paúl,Pico,FALSE,Diatom,2025,Autumn,TRUE
Paul,Paúl,Pico,FALSE,Diatom,2025,Spring,TRUE
Paul,Paúl,Pico,FALSE,Diatom,2025,Summer,FALSE
Paul,Paúl,Pico,FALSE,Diatom,2025,Winter,TRUE
Paul,Paúl,Pico,FALSE,Env,2003,Autumn,FALSE
Paul,Paúl,Pico,FALSE,Env,2003,Spring,FALSE
Paul,Paúl,Pico,FALSE,Env,2003,Summer,FALSE
Paul,Paúl,Pico,FALSE,Env,2003,Winter,FALSE
Paul,Paúl,Pico,FALSE,Env,2004,Autumn,FALSE
Paul,Paúl,Pico,FALSE,Env,2004,Spring,FALSE
Paul,Paúl,Pico,FALSE,Env,2004,Summer,FALSE
Paul,Paúl,Pico,FALSE,Env,2004,Winter,FALSE
Paul,Paúl,Pico,FALSE,Env,2005,Autumn,FALSE
Paul,Paúl,Pico,FALSE,Env,2005,Spring,FALSE
Paul,Paúl,Pico,FALSE,Env,2005,Summer,FALSE
Paul,Paúl,Pico,FALSE,Env,2005,Winter,FALSE
Paul,Paúl,Pico,FALSE,Env,2006,Autumn,FALSE
Paul,Paúl,Pico,FALSE,Env,2006,Spring,FALSE
Paul,Paúl,Pico,FALSE,Env,2006,Summer,FALSE
Paul,Paúl,Pico,FALSE,Env,2006,Winter,TRUE
Paul,Paúl,Pico,FALSE,Env,2007,Autumn,FALSE
Paul,Paúl,Pico,FALSE,Env,2007,Spring,FALSE
Paul,Paúl,Pico,FALSE,Env,2007,Summer,FALSE
Paul,Paúl,Pico,FALSE,Env,2007,Winter,FALSE
Paul,Paúl,Pico,FALSE,Env,2008,Autumn,TRUE
Paul,Paúl,Pico,FALSE,Env,2008,Spring,FALSE
Paul,Paúl,Pico,FALSE,Env,2008,Summer,TRUE
Paul,Paúl,Pico,FALSE,Env,2008,Winter,TRUE
Paul,Paúl,Pico,FALSE,Env,2009,Autumn,FALSE
Paul,Paúl,Pico,FALSE,Env,2009,Spring,FALSE
Paul,Paúl,Pico,FALSE,Env,2009,Summer,FALSE
Paul,Paúl,Pico,FALSE,Env,2009,Winter,FALSE
Paul,Paúl,Pico,FALSE,Env,2010,Autumn,TRUE
Paul,Paúl,Pico,FALSE,Env,2010,Spring,TRUE
Paul,Paúl,Pico,FALSE,Env,2010,Summer,TRUE
Paul,Paúl,Pico,FALSE,Env,2010,Winter,TRUE
Paul,Paúl,Pico,FALSE,Env,2011,Autumn,TRUE
Paul,Paúl,Pico,FALSE,Env,2011,Spring,TRUE
Paul,Paúl,Pico,FALSE,Env,2011,Summer,TRUE
Paul,Paúl,Pico,FALSE,Env,2011,Winter,FALSE
Paul,Paúl,Pico,FALSE,Env,2012,Autumn,FALSE
Paul,Paúl,Pico,FALSE,Env,2012,Spring,TRUE
Paul,Paúl,Pico,FALSE,Env,2012,Summer,TRUE
Paul,Paúl,Pico,FALSE,Env,2012,Winter,TRUE
Paul,Paúl,Pico,FALSE,Env,2013,Autumn,FALSE
Paul,Paúl,Pico,FALSE,Env,2013,Spring,FALSE
Paul,Paúl,Pico,FALSE,Env,2013,Summer,FALSE
Paul,Paúl,Pico,FALSE,Env,2013,Winter,FALSE
Paul,Paúl,Pico,FALSE,Env,2014,Autumn,FALSE
Paul,Paúl,Pico,FALSE,Env,2014,Spring,FALSE
Paul,Paúl,Pico,FALSE,Env,2014,Summer,FALSE
Paul,Paúl,Pico,FALSE,Env,2014,Winter,FALSE
Paul,Paúl,Pico,FALSE,Env,2015,Autumn,FALSE
Paul,Paúl,Pico,FALSE,Env,2015,Spring,FALSE
Paul,Paúl,Pico,FALSE,Env,2015,Summer,FALSE
Paul,Paúl,Pico,FALSE,Env,2015,Winter,FALSE
Paul,Paúl,Pico,FALSE,Env,2016,Autumn,FALSE
Paul,Paúl,Pico,FALSE,Env,2016,Spring,FALSE
Paul,Paúl,Pico,FALSE,Env,2016,Summer,FALSE
Paul,Paúl,Pico,FALSE,Env,2016,Winter,FALSE
Paul,Paúl,Pico,FALSE,Env,2017,Autumn,FALSE
Paul,Paúl,Pico,FALSE,Env,2017,Spring,FALSE
Paul,Paúl,Pico,FALSE,Env,2017,Summer,FALSE
Paul,Paúl,Pico,FALSE,Env,2017,Winter,FALSE
Paul,Paúl,Pico,FALSE,Env,2018,Autumn,FALSE
Paul,Paúl,Pico,FALSE,Env,2018,Spring,FALSE
Paul,Paúl,Pico,FALSE,Env,2018,Summer,FALSE
Paul,Paúl,Pico,FALSE,Env,2018,Winter,FALSE
Paul,Paúl,Pico,FALSE,Env,2019,Autumn,FALSE
Paul,Paúl,Pico,FALSE,Env,2019,Spring,FALSE
Paul,Paúl,Pico,FALSE,Env,2019,Summer,FALSE
Paul,Paúl,Pico,FALSE,Env,2019,Winter,FALSE
Paul,Paúl,Pico,FALSE,Env,2020,Autumn,FALSE
Paul,Paúl,Pico,FALSE,Env,2020,Spring,FALSE
Paul,Paúl,Pico,FALSE,Env,2020,Summer,FALSE
Paul,Paúl,Pico,FALSE,Env,2020,Winter,FALSE
Paul,Paúl,Pico,FALSE,Env,2021,Autumn,FALSE
Paul,Paúl,Pico,FALSE,Env,2021,Spring,FALSE
Paul,Paúl,Pico,FALSE,Env,2021,Summer,FALSE
Paul,Paúl,Pico,FALSE,Env,2021,Winter,FALSE
Paul,Paúl,Pico,FALSE,Env,2022,Autumn,FALSE
Paul,Paúl,Pico,FALSE,Env,2022,Spring,FALSE
Paul,Paúl,Pico,FALSE,Env,2022,Summer,FALSE
Paul,Paúl,Pico,FALSE,Env,2022,Winter,FALSE
Paul,Paúl,Pico,FALSE,Env,2023,Autumn,FALSE
Paul,Paúl,Pico,FALSE,Env,2023,Spring,FALSE
Paul,Paúl,Pico,FALSE,Env,2023,Summer,FALSE
Paul,Paúl,Pico,FALSE,Env,2023,Winter,FALSE
Paul,Paúl,Pico,FALSE,Env,2024,Autumn,TRUE
Paul,Paúl,Pico,FALSE,Env,2024,Spring,TRUE
Paul,Paúl,Pico,FALSE,Env,2024,Summer,TRUE
Paul,Paúl,Pico,FALSE,Env,2024,Winter,TRUE
Paul,Paúl,Pico,FALSE,Env,2025,Autumn,TRUE
Paul,Paúl,Pico,FALSE,Env,2025,Spring,TRUE
Paul,Paúl,Pico,FALSE,Env,2025,Summer,FALSE
Paul,Paúl,Pico,FALSE,Env,2025,Winter,TRUE
Paul,Paúl,Pico,FALSE,Macro,2003,Autumn,FALSE
Paul,Paúl,Pico,FALSE,Macro,2003,Spring,FALSE
Paul,Paúl,Pico,FALSE,Macro,2003,Summer,FALSE
Paul,Paúl,Pico,FALSE,Macro,2003,Winter,FALSE
Paul,Paúl,Pico,FALSE,Macro,2004,Autumn,FALSE
Paul,Paúl,Pico,FALSE,Macro,2004,Spring,FALSE
Paul,Paúl,Pico,FALSE,Macro,2004,Summer,FALSE
Paul,Paúl,Pico,FALSE,Macro,2004,Winter,FALSE
Paul,Paúl,Pico,FALSE,Macro,2005,Autumn,FALSE
Paul,Paúl,Pico,FALSE,Macro,2005,Spring,FALSE
Paul,Paúl,Pico,FALSE,Macro,2005,Summer,FALSE
Paul,Paúl,Pico,FALSE,Macro,2005,Winter,FALSE
Paul,Paúl,Pico,FALSE,Macro,2006,Autumn,FALSE
Paul,Paúl,Pico,FALSE,Macro,2006,Spring,FALSE
Paul,Paúl,Pico,FALSE,Macro,2006,Summer,FALSE
Paul,Paúl,Pico,FALSE,Macro,2006,Winter,TRUE
Paul,Paúl,Pico,FALSE,Macro,2007,Autumn,FALSE
Paul,Paúl,Pico,FALSE,Macro,2007,Spring,FALSE
Paul,Paúl,Pico,FALSE,Macro,2007,Summer,FALSE
Paul,Paúl,Pico,FALSE,Macro,2007,Winter,FALSE
Paul,Paúl,Pico,FALSE,Macro,2008,Autumn,TRUE
Paul,Paúl,Pico,FALSE,Macro,2008,Spring,TRUE
Paul,Paúl,Pico,FALSE,Macro,2008,Summer,FALSE
Paul,Paúl,Pico,FALSE,Macro,2008,Winter,FALSE
Paul,Paúl,Pico,FALSE,Macro,2009,Autumn,FALSE
Paul,Paúl,Pico,FALSE,Macro,2009,Spring,FALSE
Paul,Paúl,Pico,FALSE,Macro,2009,Summer,TRUE
Paul,Paúl,Pico,FALSE,Macro,2009,Winter,TRUE
Paul,Paúl,Pico,FALSE,Macro,2010,Autumn,FALSE
Paul,Paúl,Pico,FALSE,Macro,2010,Spring,FALSE
Paul,Paúl,Pico,FALSE,Macro,2010,Summer,TRUE
Paul,Paúl,Pico,FALSE,Macro,2010,Winter,TRUE
Paul,Paúl,Pico,FALSE,Macro,2011,Autumn,TRUE
Paul,Paúl,Pico,FALSE,Macro,2011,Spring,TRUE
Paul,Paúl,Pico,FALSE,Macro,2011,Summer,TRUE
Paul,Paúl,Pico,FALSE,Macro,2011,Winter,TRUE
Paul,Paúl,Pico,FALSE,Macro,2012,Autumn,TRUE
Paul,Paúl,Pico,FALSE,Macro,2012,Spring,TRUE
Paul,Paúl,Pico,FALSE,Macro,2012,Summer,TRUE
Paul,Paúl,Pico,FALSE,Macro,2012,Winter,TRUE
Paul,Paúl,Pico,FALSE,Macro,2013,Autumn,FALSE
Paul,Paúl,Pico,FALSE,Macro,2013,Spring,FALSE
Paul,Paúl,Pico,FALSE,Macro,2013,Summer,FALSE
Paul,Paúl,Pico,FALSE,Macro,2013,Winter,FALSE
Paul,Paúl,Pico,FALSE,Macro,2014,Autumn,FALSE
Paul,Paúl,Pico,FALSE,Macro,2014,Spring,FALSE
Paul,Paúl,Pico,FALSE,Macro,2014,Summer,FALSE
Paul,Paúl,Pico,FALSE,Macro,2014,Winter,FALSE
Paul,Paúl,Pico,FALSE,Macro,2015,Autumn,FALSE
Paul,Paúl,Pico,FALSE,Macro,2015,Spring,FALSE
Paul,Paúl,Pico,FALSE,Macro,2015,Summer,FALSE
Paul,Paúl,Pico,FALSE,Macro,2015,Winter,FALSE
Paul,Paúl,Pico,FALSE,Macro,2016,Autumn,FALSE
Paul,Paúl,Pico,FALSE,Macro,2016,Spring,FALSE
Paul,Paúl,Pico,FALSE,Macro,2016,Summer,FALSE
Paul,Paúl,Pico,FALSE,Macro,2016,Winter,FALSE
Paul,Paúl,Pico,FALSE,Macro,2017,Autumn,FALSE
Paul,Paúl,Pico,FALSE,Macro,2017,Spring,FALSE
Paul,Paúl,Pico,FALSE,Macro,2017,Summer,FALSE
Paul,Paúl,Pico,FALSE,Macro,2017,Winter,FALSE
Paul,Paúl,Pico,FALSE,Macro,2018,Autumn,FALSE
Paul,Paúl,Pico,FALSE,Macro,2018,Spring,FALSE
Paul,Paúl,Pico,FALSE,Macro,2018,Summer,FALSE
Paul,Paúl,Pico,FALSE,Macro,2018,Winter,FALSE
Paul,Paúl,Pico,FALSE,Macro,2019,Autumn,FALSE
Paul,Paúl,Pico,FALSE,Macro,2019,Spring,FALSE
Paul,Paúl,Pico,FALSE,Macro,2019,Summer,FALSE
Paul,Paúl,Pico,FALSE,Macro,2019,Winter,FALSE
Paul,Paúl,Pico,FALSE,Macro,2020,Autumn,FALSE
Paul,Paúl,Pico,FALSE,Macro,2020,Spring,FALSE
Paul,Paúl,Pico,FALSE,Macro,2020,Summer,FALSE
Paul,Paúl,Pico,FALSE,Macro,2020,Winter,FALSE
Paul,Paúl,Pico,FALSE,Macro,2021,Autumn,FALSE
Paul,Paúl,Pico,FALSE,Macro,2021,Spring,FALSE
Paul,Paúl,Pico,FALSE,Macro,2021,Summer,FALSE
Paul,Paúl,Pico,FALSE,Macro,2021,Winter,FALSE
Paul,Paúl,Pico,FALSE,Macro,2022,Autumn,FALSE
Paul,Paúl,Pico,FALSE,Macro,2022,Spring,FALSE
Paul,Paúl,Pico,FALSE,Macro,2022,Summer,FALSE
Paul,Paúl,Pico,FALSE,Macro,2022,Winter,FALSE
Paul,Paúl,Pico,FALSE,Macro,2023,Autumn,FALSE
Paul,Paúl,Pico,FALSE,Macro,2023,Spring,FALSE
Paul,Paúl,Pico,FALSE,Macro,2023,Summer,FALSE
Paul,Paúl,Pico,FALSE,Macro,2023,Winter,FALSE
Paul,Paúl,Pico,FALSE,Macro,2024,Autumn,TRUE
Paul,Paúl,Pico,FALSE,Macro,2024,Spring,TRUE
Paul,Paúl,Pico,FALSE,Macro,2024,Summer,TRUE
Paul,Paúl,Pico,FALSE,Macro,2024,Winter,TRUE
Paul,Paúl,Pico,FALSE,Macro,2025,Autumn,TRUE
Paul,Paúl,Pico,FALSE,Macro,2025,Spring,TRUE
Paul,Paúl,Pico,FALSE,Macro,2025,Summer,FALSE
Paul,Paúl,Pico,FALSE,Macro,2025,Winter,TRUE
Paul,Paúl,Pico,FALSE,Phyto,2003,Autumn,FALSE
Paul,Paúl,Pico,FALSE,Phyto,2003,Spring,FALSE
Paul,Paúl,Pico,FALSE,Phyto,2003,Summer,FALSE
Paul,Paúl,Pico,FALSE,Phyto,2003,Winter,FALSE
Paul,Paúl,Pico,FALSE,Phyto,2004,Autumn,FALSE
Paul,Paúl,Pico,FALSE,Phyto,2004,Spring,FALSE
Paul,Paúl,Pico,FALSE,Phyto,2004,Summer,FALSE
Paul,Paúl,Pico,FALSE,Phyto,2004,Winter,FALSE
Paul,Paúl,Pico,FALSE,Phyto,2005,Autumn,FALSE
Paul,Paúl,Pico,FALSE,Phyto,2005,Spring,FALSE
Paul,Paúl,Pico,FALSE,Phyto,2005,Summer,FALSE
Paul,Paúl,Pico,FALSE,Phyto,2005,Winter,FALSE
Paul,Paúl,Pico,FALSE,Phyto,2006,Autumn,FALSE
Paul,Paúl,Pico,FALSE,Phyto,2006,Spring,FALSE
Paul,Paúl,Pico,FALSE,Phyto,2006,Summer,FALSE
Paul,Paúl,Pico,FALSE,Phyto,2006,Winter,TRUE
Paul,Paúl,Pico,FALSE,Phyto,2007,Autumn,FALSE
Paul,Paúl,Pico,FALSE,Phyto,2007,Spring,FALSE
Paul,Paúl,Pico,FALSE,Phyto,2007,Summer,FALSE
Paul,Paúl,Pico,FALSE,Phyto,2007,Winter,FALSE
Paul,Paúl,Pico,FALSE,Phyto,2008,Autumn,TRUE
Paul,Paúl,Pico,FALSE,Phyto,2008,Spring,TRUE
Paul,Paúl,Pico,FALSE,Phyto,2008,Summer,FALSE
Paul,Paúl,Pico,FALSE,Phyto,2008,Winter,FALSE
Paul,Paúl,Pico,FALSE,Phyto,2009,Autumn,FALSE
Paul,Paúl,Pico,FALSE,Phyto,2009,Spring,FALSE
Paul,Paúl,Pico,FALSE,Phyto,2009,Summer,TRUE
Paul,Paúl,Pico,FALSE,Phyto,2009,Winter,TRUE
Paul,Paúl,Pico,FALSE,Phyto,2010,Autumn,FALSE
Paul,Paúl,Pico,FALSE,Phyto,2010,Spring,FALSE
Paul,Paúl,Pico,FALSE,Phyto,2010,Summer,TRUE
Paul,Paúl,Pico,FALSE,Phyto,2010,Winter,TRUE
Paul,Paúl,Pico,FALSE,Phyto,2011,Autumn,TRUE
Paul,Paúl,Pico,FALSE,Phyto,2011,Spring,TRUE
Paul,Paúl,Pico,FALSE,Phyto,2011,Summer,TRUE
Paul,Paúl,Pico,FALSE,Phyto,2011,Winter,TRUE
Paul,Paúl,Pico,FALSE,Phyto,2012,Autumn,TRUE
Paul,Paúl,Pico,FALSE,Phyto,2012,Spring,TRUE
Paul,Paúl,Pico,FALSE,Phyto,2012,Summer,TRUE
Paul,Paúl,Pico,FALSE,Phyto,2012,Winter,TRUE
Paul,Paúl,Pico,FALSE,Phyto,2013,Autumn,FALSE
Paul,Paúl,Pico,FALSE,Phyto,2013,Spring,FALSE
Paul,Paúl,Pico,FALSE,Phyto,2013,Summer,FALSE
Paul,Paúl,Pico,FALSE,Phyto,2013,Winter,FALSE
Paul,Paúl,Pico,FALSE,Phyto,2014,Autumn,FALSE
Paul,Paúl,Pico,FALSE,Phyto,2014,Spring,FALSE
Paul,Paúl,Pico,FALSE,Phyto,2014,Summer,FALSE
Paul,Paúl,Pico,FALSE,Phyto,2014,Winter,FALSE
Paul,Paúl,Pico,FALSE,Phyto,2015,Autumn,FALSE
Paul,Paúl,Pico,FALSE,Phyto,2015,Spring,FALSE
Paul,Paúl,Pico,FALSE,Phyto,2015,Summer,FALSE
Paul,Paúl,Pico,FALSE,Phyto,2015,Winter,FALSE
Paul,Paúl,Pico,FALSE,Phyto,2016,Autumn,FALSE
Paul,Paúl,Pico,FALSE,Phyto,2016,Spring,FALSE
Paul,Paúl,Pico,FALSE,Phyto,2016,Summer,FALSE
Paul,Paúl,Pico,FALSE,Phyto,2016,Winter,FALSE
Paul,Paúl,Pico,FALSE,Phyto,2017,Autumn,FALSE
Paul,Paúl,Pico,FALSE,Phyto,2017,Spring,FALSE
Paul,Paúl,Pico,FALSE,Phyto,2017,Summer,FALSE
Paul,Paúl,Pico,FALSE,Phyto,2017,Winter,FALSE
Paul,Paúl,Pico,FALSE,Phyto,2018,Autumn,TRUE
Paul,Paúl,Pico,FALSE,Phyto,2018,Spring,TRUE
Paul,Paúl,Pico,FALSE,Phyto,2018,Summer,FALSE
Paul,Paúl,Pico,FALSE,Phyto,2018,Winter,TRUE
Paul,Paúl,Pico,FALSE,Phyto,2019,Autumn,FALSE
Paul,Paúl,Pico,FALSE,Phyto,2019,Spring,FALSE
Paul,Paúl,Pico,FALSE,Phyto,2019,Summer,FALSE
Paul,Paúl,Pico,FALSE,Phyto,2019,Winter,FALSE
Paul,Paúl,Pico,FALSE,Phyto,2020,Autumn,FALSE
Paul,Paúl,Pico,FALSE,Phyto,2020,Spring,FALSE
Paul,Paúl,Pico,FALSE,Phyto,2020,Summer,FALSE
Paul,Paúl,Pico,FALSE,Phyto,2020,Winter,FALSE
Paul,Paúl,Pico,FALSE,Phyto,2021,Autumn,FALSE
Paul,Paúl,Pico,FALSE,Phyto,2021,Spring,FALSE
Paul,Paúl,Pico,FALSE,Phyto,2021,Summer,FALSE
Paul,Paúl,Pico,FALSE,Phyto,2021,Winter,FALSE
Paul,Paúl,Pico,FALSE,Phyto,2022,Autumn,FALSE
Paul,Paúl,Pico,FALSE,Phyto,2022,Spring,FALSE
Paul,Paúl,Pico,FALSE,Phyto,2022,Summer,FALSE
Paul,Paúl,Pico,FALSE,Phyto,2022,Winter,FALSE
Paul,Paúl,Pico,FALSE,Phyto,2023,Autumn,FALSE
Paul,Paúl,Pico,FALSE,Phyto,2023,Spring,FALSE
Paul,Paúl,Pico,FALSE,Phyto,2023,Summer,FALSE
Paul,Paúl,Pico,FALSE,Phyto,2023,Winter,FALSE
Paul,Paúl,Pico,FALSE,Phyto,2024,Autumn,TRUE
Paul,Paúl,Pico,FALSE,Phyto,2024,Spring,TRUE
Paul,Paúl,Pico,FALSE,Phyto,2024,Summer,TRUE
Paul,Paúl,Pico,FALSE,Phyto,2024,Winter,TRUE
Paul,Paúl,Pico,FALSE,Phyto,2025,Autumn,TRUE
Paul,Paúl,Pico,FALSE,Phyto,2025,Spring,TRUE
Paul,Paúl,Pico,FALSE,Phyto,2025,Summer,FALSE
Paul,Paúl,Pico,FALSE,Phyto,2025,Winter,TRUE
Paul,Paúl,Pico,FALSE,Zoo,2003,Autumn,FALSE
Paul,Paúl,Pico,FALSE,Zoo,2003,Spring,FALSE
Paul,Paúl,Pico,FALSE,Zoo,2003,Summer,FALSE
Paul,Paúl,Pico,FALSE,Zoo,2003,Winter,FALSE
Paul,Paúl,Pico,FALSE,Zoo,2004,Autumn,FALSE
Paul,Paúl,Pico,FALSE,Zoo,2004,Spring,FALSE
Paul,Paúl,Pico,FALSE,Zoo,2004,Summer,FALSE
Paul,Paúl,Pico,FALSE,Zoo,2004,Winter,FALSE
Paul,Paúl,Pico,FALSE,Zoo,2005,Autumn,FALSE
Paul,Paúl,Pico,FALSE,Zoo,2005,Spring,FALSE
Paul,Paúl,Pico,FALSE,Zoo,2005,Summer,FALSE
Paul,Paúl,Pico,FALSE,Zoo,2005,Winter,FALSE
Paul,Paúl,Pico,FALSE,Zoo,2006,Autumn,FALSE
Paul,Paúl,Pico,FALSE,Zoo,2006,Spring,FALSE
Paul,Paúl,Pico,FALSE,Zoo,2006,Summer,FALSE
Paul,Paúl,Pico,FALSE,Zoo,2006,Winter,FALSE
Paul,Paúl,Pico,FALSE,Zoo,2007,Autumn,FALSE
Paul,Paúl,Pico,FALSE,Zoo,2007,Spring,FALSE
Paul,Paúl,Pico,FALSE,Zoo,2007,Summer,FALSE
Paul,Paúl,Pico,FALSE,Zoo,2007,Winter,FALSE
Paul,Paúl,Pico,FALSE,Zoo,2008,Autumn,FALSE
Paul,Paúl,Pico,FALSE,Zoo,2008,Spring,FALSE
Paul,Paúl,Pico,FALSE,Zoo,2008,Summer,FALSE
Paul,Paúl,Pico,FALSE,Zoo,2008,Winter,FALSE
Paul,Paúl,Pico,FALSE,Zoo,2009,Autumn,FALSE
Paul,Paúl,Pico,FALSE,Zoo,2009,Spring,FALSE
Paul,Paúl,Pico,FALSE,Zoo,2009,Summer,FALSE
Paul,Paúl,Pico,FALSE,Zoo,2009,Winter,FALSE
Paul,Paúl,Pico,FALSE,Zoo,2010,Autumn,FALSE
Paul,Paúl,Pico,FALSE,Zoo,2010,Spring,FALSE
Paul,Paúl,Pico,FALSE,Zoo,2010,Summer,FALSE
Paul,Paúl,Pico,FALSE,Zoo,2010,Winter,FALSE
Paul,Paúl,Pico,FALSE,Zoo,2011,Autumn,FALSE
Paul,Paúl,Pico,FALSE,Zoo,2011,Spring,FALSE
Paul,Paúl,Pico,FALSE,Zoo,2011,Summer,FALSE
Paul,Paúl,Pico,FALSE,Zoo,2011,Winter,FALSE
Paul,Paúl,Pico,FALSE,Zoo,2012,Autumn,FALSE
Paul,Paúl,Pico,FALSE,Zoo,2012,Spring,FALSE
Paul,Paúl,Pico,FALSE,Zoo,2012,Summer,FALSE
Paul,Paúl,Pico,FALSE,Zoo,2012,Winter,FALSE
Paul,Paúl,Pico,FALSE,Zoo,2013,Autumn,FALSE
Paul,Paúl,Pico,FALSE,Zoo,2013,Spring,FALSE
Paul,Paúl,Pico,FALSE,Zoo,2013,Summer,FALSE
Paul,Paúl,Pico,FALSE,Zoo,2013,Winter,FALSE
Paul,Paúl,Pico,FALSE,Zoo,2014,Autumn,FALSE
Paul,Paúl,Pico,FALSE,Zoo,2014,Spring,FALSE
Paul,Paúl,Pico,FALSE,Zoo,2014,Summer,FALSE
Paul,Paúl,Pico,FALSE,Zoo,2014,Winter,FALSE
Paul,Paúl,Pico,FALSE,Zoo,2015,Autumn,FALSE
Paul,Paúl,Pico,FALSE,Zoo,2015,Spring,FALSE
Paul,Paúl,Pico,FALSE,Zoo,2015,Summer,FALSE
Paul,Paúl,Pico,FALSE,Zoo,2015,Winter,FALSE
Paul,Paúl,Pico,FALSE,Zoo,2016,Autumn,FALSE
Paul,Paúl,Pico,FALSE,Zoo,2016,Spring,FALSE
Paul,Paúl,Pico,FALSE,Zoo,2016,Summer,FALSE
Paul,Paúl,Pico,FALSE,Zoo,2016,Winter,FALSE
Paul,Paúl,Pico,FALSE,Zoo,2017,Autumn,FALSE
Paul,Paúl,Pico,FALSE,Zoo,2017,Spring,FALSE
Paul,Paúl,Pico,FALSE,Zoo,2017,Summer,FALSE
Paul,Paúl,Pico,FALSE,Zoo,2017,Winter,FALSE
Paul,Paúl,Pico,FALSE,Zoo,2018,Autumn,FALSE
Paul,Paúl,Pico,FALSE,Zoo,2018,Spring,FALSE
Paul,Paúl,Pico,FALSE,Zoo,2018,Summer,FALSE
Paul,Paúl,Pico,FALSE,Zoo,2018,Winter,FALSE
Paul,Paúl,Pico,FALSE,Zoo,2019,Autumn,FALSE
Paul,Paúl,Pico,FALSE,Zoo,2019,Spring,FALSE
Paul,Paúl,Pico,FALSE,Zoo,2019,Summer,FALSE
Paul,Paúl,Pico,FALSE,Zoo,2019,Winter,FALSE
Paul,Paúl,Pico,FALSE,Zoo,2020,Autumn,FALSE
Paul,Paúl,Pico,FALSE,Zoo,2020,Spring,FALSE
Paul,Paúl,Pico,FALSE,Zoo,2020,Summer,FALSE
Paul,Paúl,Pico,FALSE,Zoo,2020,Winter,FALSE
Paul,Paúl,Pico,FALSE,Zoo,2021,Autumn,FALSE
Paul,Paúl,Pico,FALSE,Zoo,2021,Spring,FALSE
Paul,Paúl,Pico,FALSE,Zoo,2021,Summer,FALSE
Paul,Paúl,Pico,FALSE,Zoo,2021,Winter,FALSE
Paul,Paúl,Pico,FALSE,Zoo,2022,Autumn,FALSE
Paul,Paúl,Pico,FALSE,Zoo,2022,Spring,FALSE
Paul,Paúl,Pico,FALSE,Zoo,2022,Summer,FALSE
Paul,Paúl,Pico,FALSE,Zoo,2022,Winter,FALSE
Paul,Paúl,Pico,FALSE,Zoo,2023,Autumn,FALSE
Paul,Paúl,Pico,FALSE,Zoo,2023,Spring,FALSE
Paul,Paúl,Pico,FALSE,Zoo,2023,Summer,FALSE
Paul,Paúl,Pico,FALSE,Zoo,2023,Winter,FALSE
Paul,Paúl,Pico,FALSE,Zoo,2024,Autumn,FALSE
Paul,Paúl,Pico,FALSE,Zoo,2024,Spring,FALSE
Paul,Paúl,Pico,FALSE,Zoo,2024,Summer,FALSE
Paul,Paúl,Pico,FALSE,Zoo,2024,Winter,FALSE
Paul,Paúl,Pico,FALSE,Zoo,2025,Autumn,FALSE
Paul,Paúl,Pico,FALSE,Zoo,2025,Spring,TRUE
Paul,Paúl,Pico,FALSE,Zoo,2025,Summer,FALSE
Paul,Paúl,Pico,FALSE,Zoo,2025,Winter,FALSE
Peixinho,Peixinho,Pico,TRUE,Diatom,2003,Autumn,FALSE
Peixinho,Peixinho,Pico,TRUE,Diatom,2003,Spring,FALSE
Peixinho,Peixinho,Pico,TRUE,Diatom,2003,Summer,FALSE
Peixinho,Peixinho,Pico,TRUE,Diatom,2003,Winter,FALSE
Peixinho,Peixinho,Pico,TRUE,Diatom,2004,Autumn,FALSE
Peixinho,Peixinho,Pico,TRUE,Diatom,2004,Spring,FALSE
Peixinho,Peixinho,Pico,TRUE,Diatom,2004,Summer,FALSE
Peixinho,Peixinho,Pico,TRUE,Diatom,2004,Winter,FALSE
Peixinho,Peixinho,Pico,TRUE,Diatom,2005,Autumn,FALSE
Peixinho,Peixinho,Pico,TRUE,Diatom,2005,Spring,FALSE
Peixinho,Peixinho,Pico,TRUE,Diatom,2005,Summer,FALSE
Peixinho,Peixinho,Pico,TRUE,Diatom,2005,Winter,FALSE
Peixinho,Peixinho,Pico,TRUE,Diatom,2006,Autumn,FALSE
Peixinho,Peixinho,Pico,TRUE,Diatom,2006,Spring,FALSE
Peixinho,Peixinho,Pico,TRUE,Diatom,2006,Summer,FALSE
Peixinho,Peixinho,Pico,TRUE,Diatom,2006,Winter,FALSE
Peixinho,Peixinho,Pico,TRUE,Diatom,2007,Autumn,FALSE
Peixinho,Peixinho,Pico,TRUE,Diatom,2007,Spring,FALSE
Peixinho,Peixinho,Pico,TRUE,Diatom,2007,Summer,FALSE
Peixinho,Peixinho,Pico,TRUE,Diatom,2007,Winter,FALSE
Peixinho,Peixinho,Pico,TRUE,Diatom,2008,Autumn,TRUE
Peixinho,Peixinho,Pico,TRUE,Diatom,2008,Spring,TRUE
Peixinho,Peixinho,Pico,TRUE,Diatom,2008,Summer,FALSE
Peixinho,Peixinho,Pico,TRUE,Diatom,2008,Winter,FALSE
Peixinho,Peixinho,Pico,TRUE,Diatom,2009,Autumn,FALSE
Peixinho,Peixinho,Pico,TRUE,Diatom,2009,Spring,TRUE
Peixinho,Peixinho,Pico,TRUE,Diatom,2009,Summer,FALSE
Peixinho,Peixinho,Pico,TRUE,Diatom,2009,Winter,FALSE
Peixinho,Peixinho,Pico,TRUE,Diatom,2010,Autumn,FALSE
Peixinho,Peixinho,Pico,TRUE,Diatom,2010,Spring,FALSE
Peixinho,Peixinho,Pico,TRUE,Diatom,2010,Summer,TRUE
Peixinho,Peixinho,Pico,TRUE,Diatom,2010,Winter,TRUE
Peixinho,Peixinho,Pico,TRUE,Diatom,2011,Autumn,TRUE
Peixinho,Peixinho,Pico,TRUE,Diatom,2011,Spring,TRUE
Peixinho,Peixinho,Pico,TRUE,Diatom,2011,Summer,TRUE
Peixinho,Peixinho,Pico,TRUE,Diatom,2011,Winter,TRUE
Peixinho,Peixinho,Pico,TRUE,Diatom,2012,Autumn,TRUE
Peixinho,Peixinho,Pico,TRUE,Diatom,2012,Spring,TRUE
Peixinho,Peixinho,Pico,TRUE,Diatom,2012,Summer,TRUE
Peixinho,Peixinho,Pico,TRUE,Diatom,2012,Winter,TRUE
Peixinho,Peixinho,Pico,TRUE,Diatom,2013,Autumn,FALSE
Peixinho,Peixinho,Pico,TRUE,Diatom,2013,Spring,FALSE
Peixinho,Peixinho,Pico,TRUE,Diatom,2013,Summer,FALSE
Peixinho,Peixinho,Pico,TRUE,Diatom,2013,Winter,FALSE
Peixinho,Peixinho,Pico,TRUE,Diatom,2014,Autumn,FALSE
Peixinho,Peixinho,Pico,TRUE,Diatom,2014,Spring,FALSE
Peixinho,Peixinho,Pico,TRUE,Diatom,2014,Summer,FALSE
Peixinho,Peixinho,Pico,TRUE,Diatom,2014,Winter,FALSE
Peixinho,Peixinho,Pico,TRUE,Diatom,2015,Autumn,TRUE
Peixinho,Peixinho,Pico,TRUE,Diatom,2015,Spring,FALSE
Peixinho,Peixinho,Pico,TRUE,Diatom,2015,Summer,FALSE
Peixinho,Peixinho,Pico,TRUE,Diatom,2015,Winter,FALSE
Peixinho,Peixinho,Pico,TRUE,Diatom,2016,Autumn,TRUE
Peixinho,Peixinho,Pico,TRUE,Diatom,2016,Spring,TRUE
Peixinho,Peixinho,Pico,TRUE,Diatom,2016,Summer,TRUE
Peixinho,Peixinho,Pico,TRUE,Diatom,2016,Winter,FALSE
Peixinho,Peixinho,Pico,TRUE,Diatom,2017,Autumn,FALSE
Peixinho,Peixinho,Pico,TRUE,Diatom,2017,Spring,FALSE
Peixinho,Peixinho,Pico,TRUE,Diatom,2017,Summer,FALSE
Peixinho,Peixinho,Pico,TRUE,Diatom,2017,Winter,TRUE
Peixinho,Peixinho,Pico,TRUE,Diatom,2018,Autumn,FALSE
Peixinho,Peixinho,Pico,TRUE,Diatom,2018,Spring,TRUE
Peixinho,Peixinho,Pico,TRUE,Diatom,2018,Summer,FALSE
Peixinho,Peixinho,Pico,TRUE,Diatom,2018,Winter,TRUE
Peixinho,Peixinho,Pico,TRUE,Diatom,2019,Autumn,FALSE
Peixinho,Peixinho,Pico,TRUE,Diatom,2019,Spring,FALSE
Peixinho,Peixinho,Pico,TRUE,Diatom,2019,Summer,FALSE
Peixinho,Peixinho,Pico,TRUE,Diatom,2019,Winter,FALSE
Peixinho,Peixinho,Pico,TRUE,Diatom,2020,Autumn,FALSE
Peixinho,Peixinho,Pico,TRUE,Diatom,2020,Spring,FALSE
Peixinho,Peixinho,Pico,TRUE,Diatom,2020,Summer,FALSE
Peixinho,Peixinho,Pico,TRUE,Diatom,2020,Winter,FALSE
Peixinho,Peixinho,Pico,TRUE,Diatom,2021,Autumn,FALSE
Peixinho,Peixinho,Pico,TRUE,Diatom,2021,Spring,FALSE
Peixinho,Peixinho,Pico,TRUE,Diatom,2021,Summer,FALSE
Peixinho,Peixinho,Pico,TRUE,Diatom,2021,Winter,FALSE
Peixinho,Peixinho,Pico,TRUE,Diatom,2022,Autumn,FALSE
Peixinho,Peixinho,Pico,TRUE,Diatom,2022,Spring,FALSE
Peixinho,Peixinho,Pico,TRUE,Diatom,2022,Summer,FALSE
Peixinho,Peixinho,Pico,TRUE,Diatom,2022,Winter,FALSE
Peixinho,Peixinho,Pico,TRUE,Diatom,2023,Autumn,FALSE
Peixinho,Peixinho,Pico,TRUE,Diatom,2023,Spring,FALSE
Peixinho,Peixinho,Pico,TRUE,Diatom,2023,Summer,FALSE
Peixinho,Peixinho,Pico,TRUE,Diatom,2023,Winter,FALSE
Peixinho,Peixinho,Pico,TRUE,Diatom,2024,Autumn,TRUE
Peixinho,Peixinho,Pico,TRUE,Diatom,2024,Spring,TRUE
Peixinho,Peixinho,Pico,TRUE,Diatom,2024,Summer,TRUE
Peixinho,Peixinho,Pico,TRUE,Diatom,2024,Winter,TRUE
Peixinho,Peixinho,Pico,TRUE,Diatom,2025,Autumn,TRUE
Peixinho,Peixinho,Pico,TRUE,Diatom,2025,Spring,TRUE
Peixinho,Peixinho,Pico,TRUE,Diatom,2025,Summer,TRUE
Peixinho,Peixinho,Pico,TRUE,Diatom,2025,Winter,TRUE
Peixinho,Peixinho,Pico,TRUE,Env,2003,Autumn,FALSE
Peixinho,Peixinho,Pico,TRUE,Env,2003,Spring,FALSE
Peixinho,Peixinho,Pico,TRUE,Env,2003,Summer,FALSE
Peixinho,Peixinho,Pico,TRUE,Env,2003,Winter,FALSE
Peixinho,Peixinho,Pico,TRUE,Env,2004,Autumn,FALSE
Peixinho,Peixinho,Pico,TRUE,Env,2004,Spring,FALSE
Peixinho,Peixinho,Pico,TRUE,Env,2004,Summer,FALSE
Peixinho,Peixinho,Pico,TRUE,Env,2004,Winter,FALSE
Peixinho,Peixinho,Pico,TRUE,Env,2005,Autumn,FALSE
Peixinho,Peixinho,Pico,TRUE,Env,2005,Spring,FALSE
Peixinho,Peixinho,Pico,TRUE,Env,2005,Summer,FALSE
Peixinho,Peixinho,Pico,TRUE,Env,2005,Winter,FALSE
Peixinho,Peixinho,Pico,TRUE,Env,2006,Autumn,FALSE
Peixinho,Peixinho,Pico,TRUE,Env,2006,Spring,FALSE
Peixinho,Peixinho,Pico,TRUE,Env,2006,Summer,TRUE
Peixinho,Peixinho,Pico,TRUE,Env,2006,Winter,TRUE
Peixinho,Peixinho,Pico,TRUE,Env,2007,Autumn,FALSE
Peixinho,Peixinho,Pico,TRUE,Env,2007,Spring,FALSE
Peixinho,Peixinho,Pico,TRUE,Env,2007,Summer,FALSE
Peixinho,Peixinho,Pico,TRUE,Env,2007,Winter,FALSE
Peixinho,Peixinho,Pico,TRUE,Env,2008,Autumn,TRUE
Peixinho,Peixinho,Pico,TRUE,Env,2008,Spring,TRUE
Peixinho,Peixinho,Pico,TRUE,Env,2008,Summer,TRUE
Peixinho,Peixinho,Pico,TRUE,Env,2008,Winter,TRUE
Peixinho,Peixinho,Pico,TRUE,Env,2009,Autumn,FALSE
Peixinho,Peixinho,Pico,TRUE,Env,2009,Spring,FALSE
Peixinho,Peixinho,Pico,TRUE,Env,2009,Summer,FALSE
Peixinho,Peixinho,Pico,TRUE,Env,2009,Winter,FALSE
Peixinho,Peixinho,Pico,TRUE,Env,2010,Autumn,TRUE
Peixinho,Peixinho,Pico,TRUE,Env,2010,Spring,TRUE
Peixinho,Peixinho,Pico,TRUE,Env,2010,Summer,TRUE
Peixinho,Peixinho,Pico,TRUE,Env,2010,Winter,TRUE
Peixinho,Peixinho,Pico,TRUE,Env,2011,Autumn,TRUE
Peixinho,Peixinho,Pico,TRUE,Env,2011,Spring,TRUE
Peixinho,Peixinho,Pico,TRUE,Env,2011,Summer,TRUE
Peixinho,Peixinho,Pico,TRUE,Env,2011,Winter,TRUE
Peixinho,Peixinho,Pico,TRUE,Env,2012,Autumn,FALSE
Peixinho,Peixinho,Pico,TRUE,Env,2012,Spring,TRUE
Peixinho,Peixinho,Pico,TRUE,Env,2012,Summer,TRUE
Peixinho,Peixinho,Pico,TRUE,Env,2012,Winter,TRUE
Peixinho,Peixinho,Pico,TRUE,Env,2013,Autumn,FALSE
Peixinho,Peixinho,Pico,TRUE,Env,2013,Spring,FALSE
Peixinho,Peixinho,Pico,TRUE,Env,2013,Summer,FALSE
Peixinho,Peixinho,Pico,TRUE,Env,2013,Winter,FALSE
Peixinho,Peixinho,Pico,TRUE,Env,2014,Autumn,FALSE
Peixinho,Peixinho,Pico,TRUE,Env,2014,Spring,FALSE
Peixinho,Peixinho,Pico,TRUE,Env,2014,Summer,FALSE
Peixinho,Peixinho,Pico,TRUE,Env,2014,Winter,FALSE
Peixinho,Peixinho,Pico,TRUE,Env,2015,Autumn,FALSE
Peixinho,Peixinho,Pico,TRUE,Env,2015,Spring,FALSE
Peixinho,Peixinho,Pico,TRUE,Env,2015,Summer,FALSE
Peixinho,Peixinho,Pico,TRUE,Env,2015,Winter,FALSE
Peixinho,Peixinho,Pico,TRUE,Env,2016,Autumn,FALSE
Peixinho,Peixinho,Pico,TRUE,Env,2016,Spring,FALSE
Peixinho,Peixinho,Pico,TRUE,Env,2016,Summer,FALSE
Peixinho,Peixinho,Pico,TRUE,Env,2016,Winter,FALSE
Peixinho,Peixinho,Pico,TRUE,Env,2017,Autumn,FALSE
Peixinho,Peixinho,Pico,TRUE,Env,2017,Spring,FALSE
Peixinho,Peixinho,Pico,TRUE,Env,2017,Summer,FALSE
Peixinho,Peixinho,Pico,TRUE,Env,2017,Winter,FALSE
Peixinho,Peixinho,Pico,TRUE,Env,2018,Autumn,FALSE
Peixinho,Peixinho,Pico,TRUE,Env,2018,Spring,TRUE
Peixinho,Peixinho,Pico,TRUE,Env,2018,Summer,FALSE
Peixinho,Peixinho,Pico,TRUE,Env,2018,Winter,FALSE
Peixinho,Peixinho,Pico,TRUE,Env,2019,Autumn,FALSE
Peixinho,Peixinho,Pico,TRUE,Env,2019,Spring,FALSE
Peixinho,Peixinho,Pico,TRUE,Env,2019,Summer,FALSE
Peixinho,Peixinho,Pico,TRUE,Env,2019,Winter,FALSE
Peixinho,Peixinho,Pico,TRUE,Env,2020,Autumn,FALSE
Peixinho,Peixinho,Pico,TRUE,Env,2020,Spring,FALSE
Peixinho,Peixinho,Pico,TRUE,Env,2020,Summer,FALSE
Peixinho,Peixinho,Pico,TRUE,Env,2020,Winter,FALSE
Peixinho,Peixinho,Pico,TRUE,Env,2021,Autumn,FALSE
Peixinho,Peixinho,Pico,TRUE,Env,2021,Spring,FALSE
Peixinho,Peixinho,Pico,TRUE,Env,2021,Summer,FALSE
Peixinho,Peixinho,Pico,TRUE,Env,2021,Winter,FALSE
Peixinho,Peixinho,Pico,TRUE,Env,2022,Autumn,FALSE
Peixinho,Peixinho,Pico,TRUE,Env,2022,Spring,FALSE
Peixinho,Peixinho,Pico,TRUE,Env,2022,Summer,FALSE
Peixinho,Peixinho,Pico,TRUE,Env,2022,Winter,FALSE
Peixinho,Peixinho,Pico,TRUE,Env,2023,Autumn,FALSE
Peixinho,Peixinho,Pico,TRUE,Env,2023,Spring,FALSE
Peixinho,Peixinho,Pico,TRUE,Env,2023,Summer,FALSE
Peixinho,Peixinho,Pico,TRUE,Env,2023,Winter,FALSE
Peixinho,Peixinho,Pico,TRUE,Env,2024,Autumn,TRUE
Peixinho,Peixinho,Pico,TRUE,Env,2024,Spring,TRUE
Peixinho,Peixinho,Pico,TRUE,Env,2024,Summer,TRUE
Peixinho,Peixinho,Pico,TRUE,Env,2024,Winter,TRUE
Peixinho,Peixinho,Pico,TRUE,Env,2025,Autumn,TRUE
Peixinho,Peixinho,Pico,TRUE,Env,2025,Spring,TRUE
Peixinho,Peixinho,Pico,TRUE,Env,2025,Summer,TRUE
Peixinho,Peixinho,Pico,TRUE,Env,2025,Winter,TRUE
Peixinho,Peixinho,Pico,TRUE,Macro,2003,Autumn,FALSE
Peixinho,Peixinho,Pico,TRUE,Macro,2003,Spring,FALSE
Peixinho,Peixinho,Pico,TRUE,Macro,2003,Summer,FALSE
Peixinho,Peixinho,Pico,TRUE,Macro,2003,Winter,FALSE
Peixinho,Peixinho,Pico,TRUE,Macro,2004,Autumn,FALSE
Peixinho,Peixinho,Pico,TRUE,Macro,2004,Spring,FALSE
Peixinho,Peixinho,Pico,TRUE,Macro,2004,Summer,FALSE
Peixinho,Peixinho,Pico,TRUE,Macro,2004,Winter,FALSE
Peixinho,Peixinho,Pico,TRUE,Macro,2005,Autumn,FALSE
Peixinho,Peixinho,Pico,TRUE,Macro,2005,Spring,FALSE
Peixinho,Peixinho,Pico,TRUE,Macro,2005,Summer,FALSE
Peixinho,Peixinho,Pico,TRUE,Macro,2005,Winter,FALSE
Peixinho,Peixinho,Pico,TRUE,Macro,2006,Autumn,FALSE
Peixinho,Peixinho,Pico,TRUE,Macro,2006,Spring,FALSE
Peixinho,Peixinho,Pico,TRUE,Macro,2006,Summer,FALSE
Peixinho,Peixinho,Pico,TRUE,Macro,2006,Winter,TRUE
Peixinho,Peixinho,Pico,TRUE,Macro,2007,Autumn,FALSE
Peixinho,Peixinho,Pico,TRUE,Macro,2007,Spring,FALSE
Peixinho,Peixinho,Pico,TRUE,Macro,2007,Summer,FALSE
Peixinho,Peixinho,Pico,TRUE,Macro,2007,Winter,FALSE
Peixinho,Peixinho,Pico,TRUE,Macro,2008,Autumn,TRUE
Peixinho,Peixinho,Pico,TRUE,Macro,2008,Spring,TRUE
Peixinho,Peixinho,Pico,TRUE,Macro,2008,Summer,FALSE
Peixinho,Peixinho,Pico,TRUE,Macro,2008,Winter,FALSE
Peixinho,Peixinho,Pico,TRUE,Macro,2009,Autumn,FALSE
Peixinho,Peixinho,Pico,TRUE,Macro,2009,Spring,FALSE
Peixinho,Peixinho,Pico,TRUE,Macro,2009,Summer,FALSE
Peixinho,Peixinho,Pico,TRUE,Macro,2009,Winter,TRUE
Peixinho,Peixinho,Pico,TRUE,Macro,2010,Autumn,FALSE
Peixinho,Peixinho,Pico,TRUE,Macro,2010,Spring,FALSE
Peixinho,Peixinho,Pico,TRUE,Macro,2010,Summer,TRUE
Peixinho,Peixinho,Pico,TRUE,Macro,2010,Winter,TRUE
Peixinho,Peixinho,Pico,TRUE,Macro,2011,Autumn,TRUE
Peixinho,Peixinho,Pico,TRUE,Macro,2011,Spring,TRUE
Peixinho,Peixinho,Pico,TRUE,Macro,2011,Summer,TRUE
Peixinho,Peixinho,Pico,TRUE,Macro,2011,Winter,TRUE
Peixinho,Peixinho,Pico,TRUE,Macro,2012,Autumn,TRUE
Peixinho,Peixinho,Pico,TRUE,Macro,2012,Spring,TRUE
Peixinho,Peixinho,Pico,TRUE,Macro,2012,Summer,TRUE
Peixinho,Peixinho,Pico,TRUE,Macro,2012,Winter,TRUE
Peixinho,Peixinho,Pico,TRUE,Macro,2013,Autumn,FALSE
Peixinho,Peixinho,Pico,TRUE,Macro,2013,Spring,FALSE
Peixinho,Peixinho,Pico,TRUE,Macro,2013,Summer,FALSE
Peixinho,Peixinho,Pico,TRUE,Macro,2013,Winter,FALSE
Peixinho,Peixinho,Pico,TRUE,Macro,2014,Autumn,FALSE
Peixinho,Peixinho,Pico,TRUE,Macro,2014,Spring,FALSE
Peixinho,Peixinho,Pico,TRUE,Macro,2014,Summer,FALSE
Peixinho,Peixinho,Pico,TRUE,Macro,2014,Winter,FALSE
Peixinho,Peixinho,Pico,TRUE,Macro,2015,Autumn,FALSE
Peixinho,Peixinho,Pico,TRUE,Macro,2015,Spring,FALSE
Peixinho,Peixinho,Pico,TRUE,Macro,2015,Summer,FALSE
Peixinho,Peixinho,Pico,TRUE,Macro,2015,Winter,FALSE
Peixinho,Peixinho,Pico,TRUE,Macro,2016,Autumn,FALSE
Peixinho,Peixinho,Pico,TRUE,Macro,2016,Spring,FALSE
Peixinho,Peixinho,Pico,TRUE,Macro,2016,Summer,FALSE
Peixinho,Peixinho,Pico,TRUE,Macro,2016,Winter,FALSE
Peixinho,Peixinho,Pico,TRUE,Macro,2017,Autumn,FALSE
Peixinho,Peixinho,Pico,TRUE,Macro,2017,Spring,FALSE
Peixinho,Peixinho,Pico,TRUE,Macro,2017,Summer,FALSE
Peixinho,Peixinho,Pico,TRUE,Macro,2017,Winter,FALSE
Peixinho,Peixinho,Pico,TRUE,Macro,2018,Autumn,FALSE
Peixinho,Peixinho,Pico,TRUE,Macro,2018,Spring,TRUE
Peixinho,Peixinho,Pico,TRUE,Macro,2018,Summer,FALSE
Peixinho,Peixinho,Pico,TRUE,Macro,2018,Winter,FALSE
Peixinho,Peixinho,Pico,TRUE,Macro,2019,Autumn,FALSE
Peixinho,Peixinho,Pico,TRUE,Macro,2019,Spring,FALSE
Peixinho,Peixinho,Pico,TRUE,Macro,2019,Summer,FALSE
Peixinho,Peixinho,Pico,TRUE,Macro,2019,Winter,FALSE
Peixinho,Peixinho,Pico,TRUE,Macro,2020,Autumn,FALSE
Peixinho,Peixinho,Pico,TRUE,Macro,2020,Spring,FALSE
Peixinho,Peixinho,Pico,TRUE,Macro,2020,Summer,FALSE
Peixinho,Peixinho,Pico,TRUE,Macro,2020,Winter,FALSE
Peixinho,Peixinho,Pico,TRUE,Macro,2021,Autumn,FALSE
Peixinho,Peixinho,Pico,TRUE,Macro,2021,Spring,FALSE
Peixinho,Peixinho,Pico,TRUE,Macro,2021,Summer,FALSE
Peixinho,Peixinho,Pico,TRUE,Macro,2021,Winter,FALSE
Peixinho,Peixinho,Pico,TRUE,Macro,2022,Autumn,FALSE
Peixinho,Peixinho,Pico,TRUE,Macro,2022,Spring,FALSE
Peixinho,Peixinho,Pico,TRUE,Macro,2022,Summer,FALSE
Peixinho,Peixinho,Pico,TRUE,Macro,2022,Winter,FALSE
Peixinho,Peixinho,Pico,TRUE,Macro,2023,Autumn,FALSE
Peixinho,Peixinho,Pico,TRUE,Macro,2023,Spring,FALSE
Peixinho,Peixinho,Pico,TRUE,Macro,2023,Summer,FALSE
Peixinho,Peixinho,Pico,TRUE,Macro,2023,Winter,FALSE
Peixinho,Peixinho,Pico,TRUE,Macro,2024,Autumn,TRUE
Peixinho,Peixinho,Pico,TRUE,Macro,2024,Spring,TRUE
Peixinho,Peixinho,Pico,TRUE,Macro,2024,Summer,TRUE
Peixinho,Peixinho,Pico,TRUE,Macro,2024,Winter,TRUE
Peixinho,Peixinho,Pico,TRUE,Macro,2025,Autumn,TRUE
Peixinho,Peixinho,Pico,TRUE,Macro,2025,Spring,TRUE
Peixinho,Peixinho,Pico,TRUE,Macro,2025,Summer,TRUE
Peixinho,Peixinho,Pico,TRUE,Macro,2025,Winter,TRUE
Peixinho,Peixinho,Pico,TRUE,Phyto,2003,Autumn,FALSE
Peixinho,Peixinho,Pico,TRUE,Phyto,2003,Spring,FALSE
Peixinho,Peixinho,Pico,TRUE,Phyto,2003,Summer,FALSE
Peixinho,Peixinho,Pico,TRUE,Phyto,2003,Winter,FALSE
Peixinho,Peixinho,Pico,TRUE,Phyto,2004,Autumn,FALSE
Peixinho,Peixinho,Pico,TRUE,Phyto,2004,Spring,FALSE
Peixinho,Peixinho,Pico,TRUE,Phyto,2004,Summer,FALSE
Peixinho,Peixinho,Pico,TRUE,Phyto,2004,Winter,FALSE
Peixinho,Peixinho,Pico,TRUE,Phyto,2005,Autumn,FALSE
Peixinho,Peixinho,Pico,TRUE,Phyto,2005,Spring,FALSE
Peixinho,Peixinho,Pico,TRUE,Phyto,2005,Summer,FALSE
Peixinho,Peixinho,Pico,TRUE,Phyto,2005,Winter,FALSE
Peixinho,Peixinho,Pico,TRUE,Phyto,2006,Autumn,FALSE
Peixinho,Peixinho,Pico,TRUE,Phyto,2006,Spring,FALSE
Peixinho,Peixinho,Pico,TRUE,Phyto,2006,Summer,TRUE
Peixinho,Peixinho,Pico,TRUE,Phyto,2006,Winter,TRUE
Peixinho,Peixinho,Pico,TRUE,Phyto,2007,Autumn,FALSE
Peixinho,Peixinho,Pico,TRUE,Phyto,2007,Spring,FALSE
Peixinho,Peixinho,Pico,TRUE,Phyto,2007,Summer,FALSE
Peixinho,Peixinho,Pico,TRUE,Phyto,2007,Winter,FALSE
Peixinho,Peixinho,Pico,TRUE,Phyto,2008,Autumn,TRUE
Peixinho,Peixinho,Pico,TRUE,Phyto,2008,Spring,TRUE
Peixinho,Peixinho,Pico,TRUE,Phyto,2008,Summer,FALSE
Peixinho,Peixinho,Pico,TRUE,Phyto,2008,Winter,FALSE
Peixinho,Peixinho,Pico,TRUE,Phyto,2009,Autumn,FALSE
Peixinho,Peixinho,Pico,TRUE,Phyto,2009,Spring,FALSE
Peixinho,Peixinho,Pico,TRUE,Phyto,2009,Summer,TRUE
Peixinho,Peixinho,Pico,TRUE,Phyto,2009,Winter,TRUE
Peixinho,Peixinho,Pico,TRUE,Phyto,2010,Autumn,FALSE
Peixinho,Peixinho,Pico,TRUE,Phyto,2010,Spring,FALSE
Peixinho,Peixinho,Pico,TRUE,Phyto,2010,Summer,TRUE
Peixinho,Peixinho,Pico,TRUE,Phyto,2010,Winter,TRUE
Peixinho,Peixinho,Pico,TRUE,Phyto,2011,Autumn,TRUE
Peixinho,Peixinho,Pico,TRUE,Phyto,2011,Spring,TRUE
Peixinho,Peixinho,Pico,TRUE,Phyto,2011,Summer,TRUE
Peixinho,Peixinho,Pico,TRUE,Phyto,2011,Winter,TRUE
Peixinho,Peixinho,Pico,TRUE,Phyto,2012,Autumn,TRUE
Peixinho,Peixinho,Pico,TRUE,Phyto,2012,Spring,TRUE
Peixinho,Peixinho,Pico,TRUE,Phyto,2012,Summer,TRUE
Peixinho,Peixinho,Pico,TRUE,Phyto,2012,Winter,TRUE
Peixinho,Peixinho,Pico,TRUE,Phyto,2013,Autumn,FALSE
Peixinho,Peixinho,Pico,TRUE,Phyto,2013,Spring,FALSE
Peixinho,Peixinho,Pico,TRUE,Phyto,2013,Summer,FALSE
Peixinho,Peixinho,Pico,TRUE,Phyto,2013,Winter,FALSE
Peixinho,Peixinho,Pico,TRUE,Phyto,2014,Autumn,FALSE
Peixinho,Peixinho,Pico,TRUE,Phyto,2014,Spring,FALSE
Peixinho,Peixinho,Pico,TRUE,Phyto,2014,Summer,FALSE
Peixinho,Peixinho,Pico,TRUE,Phyto,2014,Winter,FALSE
Peixinho,Peixinho,Pico,TRUE,Phyto,2015,Autumn,FALSE
Peixinho,Peixinho,Pico,TRUE,Phyto,2015,Spring,FALSE
Peixinho,Peixinho,Pico,TRUE,Phyto,2015,Summer,FALSE
Peixinho,Peixinho,Pico,TRUE,Phyto,2015,Winter,FALSE
Peixinho,Peixinho,Pico,TRUE,Phyto,2016,Autumn,FALSE
Peixinho,Peixinho,Pico,TRUE,Phyto,2016,Spring,FALSE
Peixinho,Peixinho,Pico,TRUE,Phyto,2016,Summer,FALSE
Peixinho,Peixinho,Pico,TRUE,Phyto,2016,Winter,FALSE
Peixinho,Peixinho,Pico,TRUE,Phyto,2017,Autumn,FALSE
Peixinho,Peixinho,Pico,TRUE,Phyto,2017,Spring,FALSE
Peixinho,Peixinho,Pico,TRUE,Phyto,2017,Summer,FALSE
Peixinho,Peixinho,Pico,TRUE,Phyto,2017,Winter,FALSE
Peixinho,Peixinho,Pico,TRUE,Phyto,2018,Autumn,TRUE
Peixinho,Peixinho,Pico,TRUE,Phyto,2018,Spring,TRUE
Peixinho,Peixinho,Pico,TRUE,Phyto,2018,Summer,TRUE
Peixinho,Peixinho,Pico,TRUE,Phyto,2018,Winter,TRUE
Peixinho,Peixinho,Pico,TRUE,Phyto,2019,Autumn,FALSE
Peixinho,Peixinho,Pico,TRUE,Phyto,2019,Spring,FALSE
Peixinho,Peixinho,Pico,TRUE,Phyto,2019,Summer,FALSE
Peixinho,Peixinho,Pico,TRUE,Phyto,2019,Winter,FALSE
Peixinho,Peixinho,Pico,TRUE,Phyto,2020,Autumn,FALSE
Peixinho,Peixinho,Pico,TRUE,Phyto,2020,Spring,FALSE
Peixinho,Peixinho,Pico,TRUE,Phyto,2020,Summer,FALSE
Peixinho,Peixinho,Pico,TRUE,Phyto,2020,Winter,FALSE
Peixinho,Peixinho,Pico,TRUE,Phyto,2021,Autumn,FALSE
Peixinho,Peixinho,Pico,TRUE,Phyto,2021,Spring,FALSE
Peixinho,Peixinho,Pico,TRUE,Phyto,2021,Summer,FALSE
Peixinho,Peixinho,Pico,TRUE,Phyto,2021,Winter,FALSE
Peixinho,Peixinho,Pico,TRUE,Phyto,2022,Autumn,FALSE
Peixinho,Peixinho,Pico,TRUE,Phyto,2022,Spring,FALSE
Peixinho,Peixinho,Pico,TRUE,Phyto,2022,Summer,FALSE
Peixinho,Peixinho,Pico,TRUE,Phyto,2022,Winter,FALSE
Peixinho,Peixinho,Pico,TRUE,Phyto,2023,Autumn,FALSE
Peixinho,Peixinho,Pico,TRUE,Phyto,2023,Spring,FALSE
Peixinho,Peixinho,Pico,TRUE,Phyto,2023,Summer,FALSE
Peixinho,Peixinho,Pico,TRUE,Phyto,2023,Winter,FALSE
Peixinho,Peixinho,Pico,TRUE,Phyto,2024,Autumn,TRUE
Peixinho,Peixinho,Pico,TRUE,Phyto,2024,Spring,TRUE
Peixinho,Peixinho,Pico,TRUE,Phyto,2024,Summer,TRUE
Peixinho,Peixinho,Pico,TRUE,Phyto,2024,Winter,TRUE
Peixinho,Peixinho,Pico,TRUE,Phyto,2025,Autumn,TRUE
Peixinho,Peixinho,Pico,TRUE,Phyto,2025,Spring,TRUE
Peixinho,Peixinho,Pico,TRUE,Phyto,2025,Summer,TRUE
Peixinho,Peixinho,Pico,TRUE,Phyto,2025,Winter,TRUE
Peixinho,Peixinho,Pico,TRUE,Zoo,2003,Autumn,FALSE
Peixinho,Peixinho,Pico,TRUE,Zoo,2003,Spring,FALSE
Peixinho,Peixinho,Pico,TRUE,Zoo,2003,Summer,FALSE
Peixinho,Peixinho,Pico,TRUE,Zoo,2003,Winter,FALSE
Peixinho,Peixinho,Pico,TRUE,Zoo,2004,Autumn,FALSE
Peixinho,Peixinho,Pico,TRUE,Zoo,2004,Spring,FALSE
Peixinho,Peixinho,Pico,TRUE,Zoo,2004,Summer,FALSE
Peixinho,Peixinho,Pico,TRUE,Zoo,2004,Winter,FALSE
Peixinho,Peixinho,Pico,TRUE,Zoo,2005,Autumn,FALSE
Peixinho,Peixinho,Pico,TRUE,Zoo,2005,Spring,FALSE
Peixinho,Peixinho,Pico,TRUE,Zoo,2005,Summer,FALSE
Peixinho,Peixinho,Pico,TRUE,Zoo,2005,Winter,FALSE
Peixinho,Peixinho,Pico,TRUE,Zoo,2006,Autumn,FALSE
Peixinho,Peixinho,Pico,TRUE,Zoo,2006,Spring,FALSE
Peixinho,Peixinho,Pico,TRUE,Zoo,2006,Summer,FALSE
Peixinho,Peixinho,Pico,TRUE,Zoo,2006,Winter,FALSE
Peixinho,Peixinho,Pico,TRUE,Zoo,2007,Autumn,FALSE
Peixinho,Peixinho,Pico,TRUE,Zoo,2007,Spring,FALSE
Peixinho,Peixinho,Pico,TRUE,Zoo,2007,Summer,FALSE
Peixinho,Peixinho,Pico,TRUE,Zoo,2007,Winter,FALSE
Peixinho,Peixinho,Pico,TRUE,Zoo,2008,Autumn,FALSE
Peixinho,Peixinho,Pico,TRUE,Zoo,2008,Spring,FALSE
Peixinho,Peixinho,Pico,TRUE,Zoo,2008,Summer,FALSE
Peixinho,Peixinho,Pico,TRUE,Zoo,2008,Winter,FALSE
Peixinho,Peixinho,Pico,TRUE,Zoo,2009,Autumn,FALSE
Peixinho,Peixinho,Pico,TRUE,Zoo,2009,Spring,FALSE
Peixinho,Peixinho,Pico,TRUE,Zoo,2009,Summer,FALSE
Peixinho,Peixinho,Pico,TRUE,Zoo,2009,Winter,FALSE
Peixinho,Peixinho,Pico,TRUE,Zoo,2010,Autumn,FALSE
Peixinho,Peixinho,Pico,TRUE,Zoo,2010,Spring,FALSE
Peixinho,Peixinho,Pico,TRUE,Zoo,2010,Summer,FALSE
Peixinho,Peixinho,Pico,TRUE,Zoo,2010,Winter,FALSE
Peixinho,Peixinho,Pico,TRUE,Zoo,2011,Autumn,FALSE
Peixinho,Peixinho,Pico,TRUE,Zoo,2011,Spring,FALSE
Peixinho,Peixinho,Pico,TRUE,Zoo,2011,Summer,TRUE
Peixinho,Peixinho,Pico,TRUE,Zoo,2011,Winter,FALSE
Peixinho,Peixinho,Pico,TRUE,Zoo,2012,Autumn,FALSE
Peixinho,Peixinho,Pico,TRUE,Zoo,2012,Spring,FALSE
Peixinho,Peixinho,Pico,TRUE,Zoo,2012,Summer,FALSE
Peixinho,Peixinho,Pico,TRUE,Zoo,2012,Winter,FALSE
Peixinho,Peixinho,Pico,TRUE,Zoo,2013,Autumn,FALSE
Peixinho,Peixinho,Pico,TRUE,Zoo,2013,Spring,FALSE
Peixinho,Peixinho,Pico,TRUE,Zoo,2013,Summer,FALSE
Peixinho,Peixinho,Pico,TRUE,Zoo,2013,Winter,FALSE
Peixinho,Peixinho,Pico,TRUE,Zoo,2014,Autumn,FALSE
Peixinho,Peixinho,Pico,TRUE,Zoo,2014,Spring,FALSE
Peixinho,Peixinho,Pico,TRUE,Zoo,2014,Summer,FALSE
Peixinho,Peixinho,Pico,TRUE,Zoo,2014,Winter,FALSE
Peixinho,Peixinho,Pico,TRUE,Zoo,2015,Autumn,FALSE
Peixinho,Peixinho,Pico,TRUE,Zoo,2015,Spring,FALSE
Peixinho,Peixinho,Pico,TRUE,Zoo,2015,Summer,FALSE
Peixinho,Peixinho,Pico,TRUE,Zoo,2015,Winter,FALSE
Peixinho,Peixinho,Pico,TRUE,Zoo,2016,Autumn,FALSE
Peixinho,Peixinho,Pico,TRUE,Zoo,2016,Spring,FALSE
Peixinho,Peixinho,Pico,TRUE,Zoo,2016,Summer,FALSE
Peixinho,Peixinho,Pico,TRUE,Zoo,2016,Winter,FALSE
Peixinho,Peixinho,Pico,TRUE,Zoo,2017,Autumn,FALSE
Peixinho,Peixinho,Pico,TRUE,Zoo,2017,Spring,FALSE
Peixinho,Peixinho,Pico,TRUE,Zoo,2017,Summer,FALSE
Peixinho,Peixinho,Pico,TRUE,Zoo,2017,Winter,FALSE
Peixinho,Peixinho,Pico,TRUE,Zoo,2018,Autumn,FALSE
Peixinho,Peixinho,Pico,TRUE,Zoo,2018,Spring,FALSE
Peixinho,Peixinho,Pico,TRUE,Zoo,2018,Summer,FALSE
Peixinho,Peixinho,Pico,TRUE,Zoo,2018,Winter,FALSE
Peixinho,Peixinho,Pico,TRUE,Zoo,2019,Autumn,FALSE
Peixinho,Peixinho,Pico,TRUE,Zoo,2019,Spring,FALSE
Peixinho,Peixinho,Pico,TRUE,Zoo,2019,Summer,FALSE
Peixinho,Peixinho,Pico,TRUE,Zoo,2019,Winter,FALSE
Peixinho,Peixinho,Pico,TRUE,Zoo,2020,Autumn,FALSE
Peixinho,Peixinho,Pico,TRUE,Zoo,2020,Spring,FALSE
Peixinho,Peixinho,Pico,TRUE,Zoo,2020,Summer,FALSE
Peixinho,Peixinho,Pico,TRUE,Zoo,2020,Winter,FALSE
Peixinho,Peixinho,Pico,TRUE,Zoo,2021,Autumn,FALSE
Peixinho,Peixinho,Pico,TRUE,Zoo,2021,Spring,FALSE
Peixinho,Peixinho,Pico,TRUE,Zoo,2021,Summer,FALSE
Peixinho,Peixinho,Pico,TRUE,Zoo,2021,Winter,FALSE
Peixinho,Peixinho,Pico,TRUE,Zoo,2022,Autumn,FALSE
Peixinho,Peixinho,Pico,TRUE,Zoo,2022,Spring,FALSE
Peixinho,Peixinho,Pico,TRUE,Zoo,2022,Summer,FALSE
Peixinho,Peixinho,Pico,TRUE,Zoo,2022,Winter,FALSE
Peixinho,Peixinho,Pico,TRUE,Zoo,2023,Autumn,FALSE
Peixinho,Peixinho,Pico,TRUE,Zoo,2023,Spring,FALSE
Peixinho,Peixinho,Pico,TRUE,Zoo,2023,Summer,FALSE
Peixinho,Peixinho,Pico,TRUE,Zoo,2023,Winter,FALSE
Peixinho,Peixinho,Pico,TRUE,Zoo,2024,Autumn,FALSE
Peixinho,Peixinho,Pico,TRUE,Zoo,2024,Spring,FALSE
Peixinho,Peixinho,Pico,TRUE,Zoo,2024,Summer,FALSE
Peixinho,Peixinho,Pico,TRUE,Zoo,2024,Winter,FALSE
Peixinho,Peixinho,Pico,TRUE,Zoo,2025,Autumn,FALSE
Peixinho,Peixinho,Pico,TRUE,Zoo,2025,Spring,TRUE
Peixinho,Peixinho,Pico,TRUE,Zoo,2025,Summer,FALSE
Peixinho,Peixinho,Pico,TRUE,Zoo,2025,Winter,FALSE
Rasa,Rasa,Flores,TRUE,Diatom,2003,Autumn,FALSE
Rasa,Rasa,Flores,TRUE,Diatom,2003,Spring,FALSE
Rasa,Rasa,Flores,TRUE,Diatom,2003,Summer,FALSE
Rasa,Rasa,Flores,TRUE,Diatom,2003,Winter,FALSE
Rasa,Rasa,Flores,TRUE,Diatom,2004,Autumn,TRUE
Rasa,Rasa,Flores,TRUE,Diatom,2004,Spring,FALSE
Rasa,Rasa,Flores,TRUE,Diatom,2004,Summer,FALSE
Rasa,Rasa,Flores,TRUE,Diatom,2004,Winter,FALSE
Rasa,Rasa,Flores,TRUE,Diatom,2005,Autumn,FALSE
Rasa,Rasa,Flores,TRUE,Diatom,2005,Spring,TRUE
Rasa,Rasa,Flores,TRUE,Diatom,2005,Summer,FALSE
Rasa,Rasa,Flores,TRUE,Diatom,2005,Winter,FALSE
Rasa,Rasa,Flores,TRUE,Diatom,2006,Autumn,FALSE
Rasa,Rasa,Flores,TRUE,Diatom,2006,Spring,FALSE
Rasa,Rasa,Flores,TRUE,Diatom,2006,Summer,TRUE
Rasa,Rasa,Flores,TRUE,Diatom,2006,Winter,TRUE
Rasa,Rasa,Flores,TRUE,Diatom,2007,Autumn,FALSE
Rasa,Rasa,Flores,TRUE,Diatom,2007,Spring,FALSE
Rasa,Rasa,Flores,TRUE,Diatom,2007,Summer,FALSE
Rasa,Rasa,Flores,TRUE,Diatom,2007,Winter,FALSE
Rasa,Rasa,Flores,TRUE,Diatom,2008,Autumn,TRUE
Rasa,Rasa,Flores,TRUE,Diatom,2008,Spring,TRUE
Rasa,Rasa,Flores,TRUE,Diatom,2008,Summer,FALSE
Rasa,Rasa,Flores,TRUE,Diatom,2008,Winter,FALSE
Rasa,Rasa,Flores,TRUE,Diatom,2009,Autumn,FALSE
Rasa,Rasa,Flores,TRUE,Diatom,2009,Spring,TRUE
Rasa,Rasa,Flores,TRUE,Diatom,2009,Summer,TRUE
Rasa,Rasa,Flores,TRUE,Diatom,2009,Winter,FALSE
Rasa,Rasa,Flores,TRUE,Diatom,2010,Autumn,FALSE
Rasa,Rasa,Flores,TRUE,Diatom,2010,Spring,FALSE
Rasa,Rasa,Flores,TRUE,Diatom,2010,Summer,TRUE
Rasa,Rasa,Flores,TRUE,Diatom,2010,Winter,TRUE
Rasa,Rasa,Flores,TRUE,Diatom,2011,Autumn,TRUE
Rasa,Rasa,Flores,TRUE,Diatom,2011,Spring,TRUE
Rasa,Rasa,Flores,TRUE,Diatom,2011,Summer,TRUE
Rasa,Rasa,Flores,TRUE,Diatom,2011,Winter,TRUE
Rasa,Rasa,Flores,TRUE,Diatom,2012,Autumn,TRUE
Rasa,Rasa,Flores,TRUE,Diatom,2012,Spring,TRUE
Rasa,Rasa,Flores,TRUE,Diatom,2012,Summer,TRUE
Rasa,Rasa,Flores,TRUE,Diatom,2012,Winter,TRUE
Rasa,Rasa,Flores,TRUE,Diatom,2013,Autumn,FALSE
Rasa,Rasa,Flores,TRUE,Diatom,2013,Spring,FALSE
Rasa,Rasa,Flores,TRUE,Diatom,2013,Summer,FALSE
Rasa,Rasa,Flores,TRUE,Diatom,2013,Winter,FALSE
Rasa,Rasa,Flores,TRUE,Diatom,2014,Autumn,FALSE
Rasa,Rasa,Flores,TRUE,Diatom,2014,Spring,FALSE
Rasa,Rasa,Flores,TRUE,Diatom,2014,Summer,FALSE
Rasa,Rasa,Flores,TRUE,Diatom,2014,Winter,FALSE
Rasa,Rasa,Flores,TRUE,Diatom,2015,Autumn,TRUE
Rasa,Rasa,Flores,TRUE,Diatom,2015,Spring,FALSE
Rasa,Rasa,Flores,TRUE,Diatom,2015,Summer,FALSE
Rasa,Rasa,Flores,TRUE,Diatom,2015,Winter,FALSE
Rasa,Rasa,Flores,TRUE,Diatom,2016,Autumn,TRUE
Rasa,Rasa,Flores,TRUE,Diatom,2016,Spring,TRUE
Rasa,Rasa,Flores,TRUE,Diatom,2016,Summer,TRUE
Rasa,Rasa,Flores,TRUE,Diatom,2016,Winter,FALSE
Rasa,Rasa,Flores,TRUE,Diatom,2017,Autumn,TRUE
Rasa,Rasa,Flores,TRUE,Diatom,2017,Spring,FALSE
Rasa,Rasa,Flores,TRUE,Diatom,2017,Summer,FALSE
Rasa,Rasa,Flores,TRUE,Diatom,2017,Winter,TRUE
Rasa,Rasa,Flores,TRUE,Diatom,2018,Autumn,FALSE
Rasa,Rasa,Flores,TRUE,Diatom,2018,Spring,TRUE
Rasa,Rasa,Flores,TRUE,Diatom,2018,Summer,FALSE
Rasa,Rasa,Flores,TRUE,Diatom,2018,Winter,TRUE
Rasa,Rasa,Flores,TRUE,Diatom,2019,Autumn,FALSE
Rasa,Rasa,Flores,TRUE,Diatom,2019,Spring,FALSE
Rasa,Rasa,Flores,TRUE,Diatom,2019,Summer,FALSE
Rasa,Rasa,Flores,TRUE,Diatom,2019,Winter,FALSE
Rasa,Rasa,Flores,TRUE,Diatom,2020,Autumn,FALSE
Rasa,Rasa,Flores,TRUE,Diatom,2020,Spring,FALSE
Rasa,Rasa,Flores,TRUE,Diatom,2020,Summer,FALSE
Rasa,Rasa,Flores,TRUE,Diatom,2020,Winter,FALSE
Rasa,Rasa,Flores,TRUE,Diatom,2021,Autumn,FALSE
Rasa,Rasa,Flores,TRUE,Diatom,2021,Spring,FALSE
Rasa,Rasa,Flores,TRUE,Diatom,2021,Summer,FALSE
Rasa,Rasa,Flores,TRUE,Diatom,2021,Winter,FALSE
Rasa,Rasa,Flores,TRUE,Diatom,2022,Autumn,FALSE
Rasa,Rasa,Flores,TRUE,Diatom,2022,Spring,FALSE
Rasa,Rasa,Flores,TRUE,Diatom,2022,Summer,FALSE
Rasa,Rasa,Flores,TRUE,Diatom,2022,Winter,FALSE
Rasa,Rasa,Flores,TRUE,Diatom,2023,Autumn,FALSE
Rasa,Rasa,Flores,TRUE,Diatom,2023,Spring,FALSE
Rasa,Rasa,Flores,TRUE,Diatom,2023,Summer,FALSE
Rasa,Rasa,Flores,TRUE,Diatom,2023,Winter,FALSE
Rasa,Rasa,Flores,TRUE,Diatom,2024,Autumn,TRUE
Rasa,Rasa,Flores,TRUE,Diatom,2024,Spring,TRUE
Rasa,Rasa,Flores,TRUE,Diatom,2024,Summer,TRUE
Rasa,Rasa,Flores,TRUE,Diatom,2024,Winter,TRUE
Rasa,Rasa,Flores,TRUE,Diatom,2025,Autumn,TRUE
Rasa,Rasa,Flores,TRUE,Diatom,2025,Spring,TRUE
Rasa,Rasa,Flores,TRUE,Diatom,2025,Summer,TRUE
Rasa,Rasa,Flores,TRUE,Diatom,2025,Winter,TRUE
Rasa,Rasa,Flores,TRUE,Env,2003,Autumn,FALSE
Rasa,Rasa,Flores,TRUE,Env,2003,Spring,FALSE
Rasa,Rasa,Flores,TRUE,Env,2003,Summer,FALSE
Rasa,Rasa,Flores,TRUE,Env,2003,Winter,FALSE
Rasa,Rasa,Flores,TRUE,Env,2004,Autumn,TRUE
Rasa,Rasa,Flores,TRUE,Env,2004,Spring,FALSE
Rasa,Rasa,Flores,TRUE,Env,2004,Summer,FALSE
Rasa,Rasa,Flores,TRUE,Env,2004,Winter,FALSE
Rasa,Rasa,Flores,TRUE,Env,2005,Autumn,FALSE
Rasa,Rasa,Flores,TRUE,Env,2005,Spring,TRUE
Rasa,Rasa,Flores,TRUE,Env,2005,Summer,FALSE
Rasa,Rasa,Flores,TRUE,Env,2005,Winter,FALSE
Rasa,Rasa,Flores,TRUE,Env,2006,Autumn,FALSE
Rasa,Rasa,Flores,TRUE,Env,2006,Spring,FALSE
Rasa,Rasa,Flores,TRUE,Env,2006,Summer,TRUE
Rasa,Rasa,Flores,TRUE,Env,2006,Winter,TRUE
Rasa,Rasa,Flores,TRUE,Env,2007,Autumn,FALSE
Rasa,Rasa,Flores,TRUE,Env,2007,Spring,FALSE
Rasa,Rasa,Flores,TRUE,Env,2007,Summer,FALSE
Rasa,Rasa,Flores,TRUE,Env,2007,Winter,FALSE
Rasa,Rasa,Flores,TRUE,Env,2008,Autumn,TRUE
Rasa,Rasa,Flores,TRUE,Env,2008,Spring,TRUE
Rasa,Rasa,Flores,TRUE,Env,2008,Summer,TRUE
Rasa,Rasa,Flores,TRUE,Env,2008,Winter,TRUE
Rasa,Rasa,Flores,TRUE,Env,2009,Autumn,FALSE
Rasa,Rasa,Flores,TRUE,Env,2009,Spring,FALSE
Rasa,Rasa,Flores,TRUE,Env,2009,Summer,FALSE
Rasa,Rasa,Flores,TRUE,Env,2009,Winter,FALSE
Rasa,Rasa,Flores,TRUE,Env,2010,Autumn,TRUE
Rasa,Rasa,Flores,TRUE,Env,2010,Spring,TRUE
Rasa,Rasa,Flores,TRUE,Env,2010,Summer,TRUE
Rasa,Rasa,Flores,TRUE,Env,2010,Winter,TRUE
Rasa,Rasa,Flores,TRUE,Env,2011,Autumn,TRUE
Rasa,Rasa,Flores,TRUE,Env,2011,Spring,TRUE
Rasa,Rasa,Flores,TRUE,Env,2011,Summer,TRUE
Rasa,Rasa,Flores,TRUE,Env,2011,Winter,TRUE
Rasa,Rasa,Flores,TRUE,Env,2012,Autumn,TRUE
Rasa,Rasa,Flores,TRUE,Env,2012,Spring,TRUE
Rasa,Rasa,Flores,TRUE,Env,2012,Summer,TRUE
Rasa,Rasa,Flores,TRUE,Env,2012,Winter,TRUE
Rasa,Rasa,Flores,TRUE,Env,2013,Autumn,FALSE
Rasa,Rasa,Flores,TRUE,Env,2013,Spring,FALSE
Rasa,Rasa,Flores,TRUE,Env,2013,Summer,FALSE
Rasa,Rasa,Flores,TRUE,Env,2013,Winter,FALSE
Rasa,Rasa,Flores,TRUE,Env,2014,Autumn,FALSE
Rasa,Rasa,Flores,TRUE,Env,2014,Spring,FALSE
Rasa,Rasa,Flores,TRUE,Env,2014,Summer,FALSE
Rasa,Rasa,Flores,TRUE,Env,2014,Winter,FALSE
Rasa,Rasa,Flores,TRUE,Env,2015,Autumn,FALSE
Rasa,Rasa,Flores,TRUE,Env,2015,Spring,FALSE
Rasa,Rasa,Flores,TRUE,Env,2015,Summer,FALSE
Rasa,Rasa,Flores,TRUE,Env,2015,Winter,FALSE
Rasa,Rasa,Flores,TRUE,Env,2016,Autumn,FALSE
Rasa,Rasa,Flores,TRUE,Env,2016,Spring,FALSE
Rasa,Rasa,Flores,TRUE,Env,2016,Summer,FALSE
Rasa,Rasa,Flores,TRUE,Env,2016,Winter,FALSE
Rasa,Rasa,Flores,TRUE,Env,2017,Autumn,FALSE
Rasa,Rasa,Flores,TRUE,Env,2017,Spring,FALSE
Rasa,Rasa,Flores,TRUE,Env,2017,Summer,FALSE
Rasa,Rasa,Flores,TRUE,Env,2017,Winter,FALSE
Rasa,Rasa,Flores,TRUE,Env,2018,Autumn,FALSE
Rasa,Rasa,Flores,TRUE,Env,2018,Spring,TRUE
Rasa,Rasa,Flores,TRUE,Env,2018,Summer,FALSE
Rasa,Rasa,Flores,TRUE,Env,2018,Winter,FALSE
Rasa,Rasa,Flores,TRUE,Env,2019,Autumn,FALSE
Rasa,Rasa,Flores,TRUE,Env,2019,Spring,FALSE
Rasa,Rasa,Flores,TRUE,Env,2019,Summer,FALSE
Rasa,Rasa,Flores,TRUE,Env,2019,Winter,FALSE
Rasa,Rasa,Flores,TRUE,Env,2020,Autumn,FALSE
Rasa,Rasa,Flores,TRUE,Env,2020,Spring,FALSE
Rasa,Rasa,Flores,TRUE,Env,2020,Summer,FALSE
Rasa,Rasa,Flores,TRUE,Env,2020,Winter,FALSE
Rasa,Rasa,Flores,TRUE,Env,2021,Autumn,FALSE
Rasa,Rasa,Flores,TRUE,Env,2021,Spring,FALSE
Rasa,Rasa,Flores,TRUE,Env,2021,Summer,FALSE
Rasa,Rasa,Flores,TRUE,Env,2021,Winter,FALSE
Rasa,Rasa,Flores,TRUE,Env,2022,Autumn,FALSE
Rasa,Rasa,Flores,TRUE,Env,2022,Spring,FALSE
Rasa,Rasa,Flores,TRUE,Env,2022,Summer,FALSE
Rasa,Rasa,Flores,TRUE,Env,2022,Winter,FALSE
Rasa,Rasa,Flores,TRUE,Env,2023,Autumn,FALSE
Rasa,Rasa,Flores,TRUE,Env,2023,Spring,FALSE
Rasa,Rasa,Flores,TRUE,Env,2023,Summer,FALSE
Rasa,Rasa,Flores,TRUE,Env,2023,Winter,FALSE
Rasa,Rasa,Flores,TRUE,Env,2024,Autumn,TRUE
Rasa,Rasa,Flores,TRUE,Env,2024,Spring,TRUE
Rasa,Rasa,Flores,TRUE,Env,2024,Summer,TRUE
Rasa,Rasa,Flores,TRUE,Env,2024,Winter,TRUE
Rasa,Rasa,Flores,TRUE,Env,2025,Autumn,TRUE
Rasa,Rasa,Flores,TRUE,Env,2025,Spring,TRUE
Rasa,Rasa,Flores,TRUE,Env,2025,Summer,TRUE
Rasa,Rasa,Flores,TRUE,Env,2025,Winter,TRUE
Rasa,Rasa,Flores,TRUE,Macro,2003,Autumn,FALSE
Rasa,Rasa,Flores,TRUE,Macro,2003,Spring,FALSE
Rasa,Rasa,Flores,TRUE,Macro,2003,Summer,FALSE
Rasa,Rasa,Flores,TRUE,Macro,2003,Winter,FALSE
Rasa,Rasa,Flores,TRUE,Macro,2004,Autumn,TRUE
Rasa,Rasa,Flores,TRUE,Macro,2004,Spring,FALSE
Rasa,Rasa,Flores,TRUE,Macro,2004,Summer,FALSE
Rasa,Rasa,Flores,TRUE,Macro,2004,Winter,FALSE
Rasa,Rasa,Flores,TRUE,Macro,2005,Autumn,FALSE
Rasa,Rasa,Flores,TRUE,Macro,2005,Spring,TRUE
Rasa,Rasa,Flores,TRUE,Macro,2005,Summer,FALSE
Rasa,Rasa,Flores,TRUE,Macro,2005,Winter,FALSE
Rasa,Rasa,Flores,TRUE,Macro,2006,Autumn,FALSE
Rasa,Rasa,Flores,TRUE,Macro,2006,Spring,FALSE
Rasa,Rasa,Flores,TRUE,Macro,2006,Summer,FALSE
Rasa,Rasa,Flores,TRUE,Macro,2006,Winter,TRUE
Rasa,Rasa,Flores,TRUE,Macro,2007,Autumn,FALSE
Rasa,Rasa,Flores,TRUE,Macro,2007,Spring,FALSE
Rasa,Rasa,Flores,TRUE,Macro,2007,Summer,FALSE
Rasa,Rasa,Flores,TRUE,Macro,2007,Winter,FALSE
Rasa,Rasa,Flores,TRUE,Macro,2008,Autumn,TRUE
Rasa,Rasa,Flores,TRUE,Macro,2008,Spring,TRUE
Rasa,Rasa,Flores,TRUE,Macro,2008,Summer,FALSE
Rasa,Rasa,Flores,TRUE,Macro,2008,Winter,FALSE
Rasa,Rasa,Flores,TRUE,Macro,2009,Autumn,FALSE
Rasa,Rasa,Flores,TRUE,Macro,2009,Spring,FALSE
Rasa,Rasa,Flores,TRUE,Macro,2009,Summer,FALSE
Rasa,Rasa,Flores,TRUE,Macro,2009,Winter,FALSE
Rasa,Rasa,Flores,TRUE,Macro,2010,Autumn,FALSE
Rasa,Rasa,Flores,TRUE,Macro,2010,Spring,FALSE
Rasa,Rasa,Flores,TRUE,Macro,2010,Summer,TRUE
Rasa,Rasa,Flores,TRUE,Macro,2010,Winter,TRUE
Rasa,Rasa,Flores,TRUE,Macro,2011,Autumn,TRUE
Rasa,Rasa,Flores,TRUE,Macro,2011,Spring,TRUE
Rasa,Rasa,Flores,TRUE,Macro,2011,Summer,TRUE
Rasa,Rasa,Flores,TRUE,Macro,2011,Winter,TRUE
Rasa,Rasa,Flores,TRUE,Macro,2012,Autumn,TRUE
Rasa,Rasa,Flores,TRUE,Macro,2012,Spring,TRUE
Rasa,Rasa,Flores,TRUE,Macro,2012,Summer,TRUE
Rasa,Rasa,Flores,TRUE,Macro,2012,Winter,TRUE
Rasa,Rasa,Flores,TRUE,Macro,2013,Autumn,FALSE
Rasa,Rasa,Flores,TRUE,Macro,2013,Spring,FALSE
Rasa,Rasa,Flores,TRUE,Macro,2013,Summer,FALSE
Rasa,Rasa,Flores,TRUE,Macro,2013,Winter,FALSE
Rasa,Rasa,Flores,TRUE,Macro,2014,Autumn,FALSE
Rasa,Rasa,Flores,TRUE,Macro,2014,Spring,FALSE
Rasa,Rasa,Flores,TRUE,Macro,2014,Summer,FALSE
Rasa,Rasa,Flores,TRUE,Macro,2014,Winter,FALSE
Rasa,Rasa,Flores,TRUE,Macro,2015,Autumn,FALSE
Rasa,Rasa,Flores,TRUE,Macro,2015,Spring,FALSE
Rasa,Rasa,Flores,TRUE,Macro,2015,Summer,FALSE
Rasa,Rasa,Flores,TRUE,Macro,2015,Winter,FALSE
Rasa,Rasa,Flores,TRUE,Macro,2016,Autumn,FALSE
Rasa,Rasa,Flores,TRUE,Macro,2016,Spring,FALSE
Rasa,Rasa,Flores,TRUE,Macro,2016,Summer,FALSE
Rasa,Rasa,Flores,TRUE,Macro,2016,Winter,FALSE
Rasa,Rasa,Flores,TRUE,Macro,2017,Autumn,FALSE
Rasa,Rasa,Flores,TRUE,Macro,2017,Spring,FALSE
Rasa,Rasa,Flores,TRUE,Macro,2017,Summer,FALSE
Rasa,Rasa,Flores,TRUE,Macro,2017,Winter,FALSE
Rasa,Rasa,Flores,TRUE,Macro,2018,Autumn,FALSE
Rasa,Rasa,Flores,TRUE,Macro,2018,Spring,TRUE
Rasa,Rasa,Flores,TRUE,Macro,2018,Summer,FALSE
Rasa,Rasa,Flores,TRUE,Macro,2018,Winter,FALSE
Rasa,Rasa,Flores,TRUE,Macro,2019,Autumn,FALSE
Rasa,Rasa,Flores,TRUE,Macro,2019,Spring,FALSE
Rasa,Rasa,Flores,TRUE,Macro,2019,Summer,FALSE
Rasa,Rasa,Flores,TRUE,Macro,2019,Winter,FALSE
Rasa,Rasa,Flores,TRUE,Macro,2020,Autumn,FALSE
Rasa,Rasa,Flores,TRUE,Macro,2020,Spring,FALSE
Rasa,Rasa,Flores,TRUE,Macro,2020,Summer,FALSE
Rasa,Rasa,Flores,TRUE,Macro,2020,Winter,FALSE
Rasa,Rasa,Flores,TRUE,Macro,2021,Autumn,FALSE
Rasa,Rasa,Flores,TRUE,Macro,2021,Spring,FALSE
Rasa,Rasa,Flores,TRUE,Macro,2021,Summer,FALSE
Rasa,Rasa,Flores,TRUE,Macro,2021,Winter,FALSE
Rasa,Rasa,Flores,TRUE,Macro,2022,Autumn,FALSE
Rasa,Rasa,Flores,TRUE,Macro,2022,Spring,FALSE
Rasa,Rasa,Flores,TRUE,Macro,2022,Summer,FALSE
Rasa,Rasa,Flores,TRUE,Macro,2022,Winter,FALSE
Rasa,Rasa,Flores,TRUE,Macro,2023,Autumn,FALSE
Rasa,Rasa,Flores,TRUE,Macro,2023,Spring,FALSE
Rasa,Rasa,Flores,TRUE,Macro,2023,Summer,FALSE
Rasa,Rasa,Flores,TRUE,Macro,2023,Winter,FALSE
Rasa,Rasa,Flores,TRUE,Macro,2024,Autumn,TRUE
Rasa,Rasa,Flores,TRUE,Macro,2024,Spring,TRUE
Rasa,Rasa,Flores,TRUE,Macro,2024,Summer,TRUE
Rasa,Rasa,Flores,TRUE,Macro,2024,Winter,TRUE
Rasa,Rasa,Flores,TRUE,Macro,2025,Autumn,FALSE
Rasa,Rasa,Flores,TRUE,Macro,2025,Spring,TRUE
Rasa,Rasa,Flores,TRUE,Macro,2025,Summer,TRUE
Rasa,Rasa,Flores,TRUE,Macro,2025,Winter,TRUE
Rasa,Rasa,Flores,TRUE,Phyto,2003,Autumn,FALSE
Rasa,Rasa,Flores,TRUE,Phyto,2003,Spring,FALSE
Rasa,Rasa,Flores,TRUE,Phyto,2003,Summer,FALSE
Rasa,Rasa,Flores,TRUE,Phyto,2003,Winter,FALSE
Rasa,Rasa,Flores,TRUE,Phyto,2004,Autumn,TRUE
Rasa,Rasa,Flores,TRUE,Phyto,2004,Spring,FALSE
Rasa,Rasa,Flores,TRUE,Phyto,2004,Summer,FALSE
Rasa,Rasa,Flores,TRUE,Phyto,2004,Winter,FALSE
Rasa,Rasa,Flores,TRUE,Phyto,2005,Autumn,FALSE
Rasa,Rasa,Flores,TRUE,Phyto,2005,Spring,TRUE
Rasa,Rasa,Flores,TRUE,Phyto,2005,Summer,FALSE
Rasa,Rasa,Flores,TRUE,Phyto,2005,Winter,FALSE
Rasa,Rasa,Flores,TRUE,Phyto,2006,Autumn,FALSE
Rasa,Rasa,Flores,TRUE,Phyto,2006,Spring,FALSE
Rasa,Rasa,Flores,TRUE,Phyto,2006,Summer,TRUE
Rasa,Rasa,Flores,TRUE,Phyto,2006,Winter,TRUE
Rasa,Rasa,Flores,TRUE,Phyto,2007,Autumn,FALSE
Rasa,Rasa,Flores,TRUE,Phyto,2007,Spring,FALSE
Rasa,Rasa,Flores,TRUE,Phyto,2007,Summer,FALSE
Rasa,Rasa,Flores,TRUE,Phyto,2007,Winter,FALSE
Rasa,Rasa,Flores,TRUE,Phyto,2008,Autumn,TRUE
Rasa,Rasa,Flores,TRUE,Phyto,2008,Spring,TRUE
Rasa,Rasa,Flores,TRUE,Phyto,2008,Summer,FALSE
Rasa,Rasa,Flores,TRUE,Phyto,2008,Winter,FALSE
Rasa,Rasa,Flores,TRUE,Phyto,2009,Autumn,FALSE
Rasa,Rasa,Flores,TRUE,Phyto,2009,Spring,FALSE
Rasa,Rasa,Flores,TRUE,Phyto,2009,Summer,TRUE
Rasa,Rasa,Flores,TRUE,Phyto,2009,Winter,TRUE
Rasa,Rasa,Flores,TRUE,Phyto,2010,Autumn,FALSE
Rasa,Rasa,Flores,TRUE,Phyto,2010,Spring,FALSE
Rasa,Rasa,Flores,TRUE,Phyto,2010,Summer,TRUE
Rasa,Rasa,Flores,TRUE,Phyto,2010,Winter,TRUE
Rasa,Rasa,Flores,TRUE,Phyto,2011,Autumn,TRUE
Rasa,Rasa,Flores,TRUE,Phyto,2011,Spring,TRUE
Rasa,Rasa,Flores,TRUE,Phyto,2011,Summer,TRUE
Rasa,Rasa,Flores,TRUE,Phyto,2011,Winter,TRUE
Rasa,Rasa,Flores,TRUE,Phyto,2012,Autumn,TRUE
Rasa,Rasa,Flores,TRUE,Phyto,2012,Spring,TRUE
Rasa,Rasa,Flores,TRUE,Phyto,2012,Summer,TRUE
Rasa,Rasa,Flores,TRUE,Phyto,2012,Winter,TRUE
Rasa,Rasa,Flores,TRUE,Phyto,2013,Autumn,FALSE
Rasa,Rasa,Flores,TRUE,Phyto,2013,Spring,FALSE
Rasa,Rasa,Flores,TRUE,Phyto,2013,Summer,FALSE
Rasa,Rasa,Flores,TRUE,Phyto,2013,Winter,FALSE
Rasa,Rasa,Flores,TRUE,Phyto,2014,Autumn,FALSE
Rasa,Rasa,Flores,TRUE,Phyto,2014,Spring,FALSE
Rasa,Rasa,Flores,TRUE,Phyto,2014,Summer,FALSE
Rasa,Rasa,Flores,TRUE,Phyto,2014,Winter,FALSE
Rasa,Rasa,Flores,TRUE,Phyto,2015,Autumn,FALSE
Rasa,Rasa,Flores,TRUE,Phyto,2015,Spring,FALSE
Rasa,Rasa,Flores,TRUE,Phyto,2015,Summer,FALSE
Rasa,Rasa,Flores,TRUE,Phyto,2015,Winter,FALSE
Rasa,Rasa,Flores,TRUE,Phyto,2016,Autumn,FALSE
Rasa,Rasa,Flores,TRUE,Phyto,2016,Spring,FALSE
Rasa,Rasa,Flores,TRUE,Phyto,2016,Summer,FALSE
Rasa,Rasa,Flores,TRUE,Phyto,2016,Winter,FALSE
Rasa,Rasa,Flores,TRUE,Phyto,2017,Autumn,FALSE
Rasa,Rasa,Flores,TRUE,Phyto,2017,Spring,FALSE
Rasa,Rasa,Flores,TRUE,Phyto,2017,Summer,FALSE
Rasa,Rasa,Flores,TRUE,Phyto,2017,Winter,FALSE
Rasa,Rasa,Flores,TRUE,Phyto,2018,Autumn,TRUE
Rasa,Rasa,Flores,TRUE,Phyto,2018,Spring,TRUE
Rasa,Rasa,Flores,TRUE,Phyto,2018,Summer,TRUE
Rasa,Rasa,Flores,TRUE,Phyto,2018,Winter,TRUE
Rasa,Rasa,Flores,TRUE,Phyto,2019,Autumn,FALSE
Rasa,Rasa,Flores,TRUE,Phyto,2019,Spring,FALSE
Rasa,Rasa,Flores,TRUE,Phyto,2019,Summer,FALSE
Rasa,Rasa,Flores,TRUE,Phyto,2019,Winter,FALSE
Rasa,Rasa,Flores,TRUE,Phyto,2020,Autumn,FALSE
Rasa,Rasa,Flores,TRUE,Phyto,2020,Spring,FALSE
Rasa,Rasa,Flores,TRUE,Phyto,2020,Summer,FALSE
Rasa,Rasa,Flores,TRUE,Phyto,2020,Winter,FALSE
Rasa,Rasa,Flores,TRUE,Phyto,2021,Autumn,FALSE
Rasa,Rasa,Flores,TRUE,Phyto,2021,Spring,FALSE
Rasa,Rasa,Flores,TRUE,Phyto,2021,Summer,FALSE
Rasa,Rasa,Flores,TRUE,Phyto,2021,Winter,FALSE
Rasa,Rasa,Flores,TRUE,Phyto,2022,Autumn,FALSE
Rasa,Rasa,Flores,TRUE,Phyto,2022,Spring,FALSE
Rasa,Rasa,Flores,TRUE,Phyto,2022,Summer,FALSE
Rasa,Rasa,Flores,TRUE,Phyto,2022,Winter,FALSE
Rasa,Rasa,Flores,TRUE,Phyto,2023,Autumn,FALSE
Rasa,Rasa,Flores,TRUE,Phyto,2023,Spring,FALSE
Rasa,Rasa,Flores,TRUE,Phyto,2023,Summer,FALSE
Rasa,Rasa,Flores,TRUE,Phyto,2023,Winter,FALSE
Rasa,Rasa,Flores,TRUE,Phyto,2024,Autumn,TRUE
Rasa,Rasa,Flores,TRUE,Phyto,2024,Spring,TRUE
Rasa,Rasa,Flores,TRUE,Phyto,2024,Summer,TRUE
Rasa,Rasa,Flores,TRUE,Phyto,2024,Winter,TRUE
Rasa,Rasa,Flores,TRUE,Phyto,2025,Autumn,TRUE
Rasa,Rasa,Flores,TRUE,Phyto,2025,Spring,TRUE
Rasa,Rasa,Flores,TRUE,Phyto,2025,Summer,TRUE
Rasa,Rasa,Flores,TRUE,Phyto,2025,Winter,TRUE
Rasa,Rasa,Flores,TRUE,Zoo,2003,Autumn,FALSE
Rasa,Rasa,Flores,TRUE,Zoo,2003,Spring,FALSE
Rasa,Rasa,Flores,TRUE,Zoo,2003,Summer,FALSE
Rasa,Rasa,Flores,TRUE,Zoo,2003,Winter,FALSE
Rasa,Rasa,Flores,TRUE,Zoo,2004,Autumn,FALSE
Rasa,Rasa,Flores,TRUE,Zoo,2004,Spring,FALSE
Rasa,Rasa,Flores,TRUE,Zoo,2004,Summer,FALSE
Rasa,Rasa,Flores,TRUE,Zoo,2004,Winter,FALSE
Rasa,Rasa,Flores,TRUE,Zoo,2005,Autumn,FALSE
Rasa,Rasa,Flores,TRUE,Zoo,2005,Spring,FALSE
Rasa,Rasa,Flores,TRUE,Zoo,2005,Summer,FALSE
Rasa,Rasa,Flores,TRUE,Zoo,2005,Winter,FALSE
Rasa,Rasa,Flores,TRUE,Zoo,2006,Autumn,FALSE
Rasa,Rasa,Flores,TRUE,Zoo,2006,Spring,FALSE
Rasa,Rasa,Flores,TRUE,Zoo,2006,Summer,FALSE
Rasa,Rasa,Flores,TRUE,Zoo,2006,Winter,FALSE
Rasa,Rasa,Flores,TRUE,Zoo,2007,Autumn,FALSE
Rasa,Rasa,Flores,TRUE,Zoo,2007,Spring,FALSE
Rasa,Rasa,Flores,TRUE,Zoo,2007,Summer,FALSE
Rasa,Rasa,Flores,TRUE,Zoo,2007,Winter,FALSE
Rasa,Rasa,Flores,TRUE,Zoo,2008,Autumn,FALSE
Rasa,Rasa,Flores,TRUE,Zoo,2008,Spring,FALSE
Rasa,Rasa,Flores,TRUE,Zoo,2008,Summer,FALSE
Rasa,Rasa,Flores,TRUE,Zoo,2008,Winter,FALSE
Rasa,Rasa,Flores,TRUE,Zoo,2009,Autumn,FALSE
Rasa,Rasa,Flores,TRUE,Zoo,2009,Spring,FALSE
Rasa,Rasa,Flores,TRUE,Zoo,2009,Summer,FALSE
Rasa,Rasa,Flores,TRUE,Zoo,2009,Winter,FALSE
Rasa,Rasa,Flores,TRUE,Zoo,2010,Autumn,FALSE
Rasa,Rasa,Flores,TRUE,Zoo,2010,Spring,FALSE
Rasa,Rasa,Flores,TRUE,Zoo,2010,Summer,FALSE
Rasa,Rasa,Flores,TRUE,Zoo,2010,Winter,FALSE
Rasa,Rasa,Flores,TRUE,Zoo,2011,Autumn,TRUE
Rasa,Rasa,Flores,TRUE,Zoo,2011,Spring,FALSE
Rasa,Rasa,Flores,TRUE,Zoo,2011,Summer,TRUE
Rasa,Rasa,Flores,TRUE,Zoo,2011,Winter,FALSE
Rasa,Rasa,Flores,TRUE,Zoo,2012,Autumn,FALSE
Rasa,Rasa,Flores,TRUE,Zoo,2012,Spring,TRUE
Rasa,Rasa,Flores,TRUE,Zoo,2012,Summer,FALSE
Rasa,Rasa,Flores,TRUE,Zoo,2012,Winter,FALSE
Rasa,Rasa,Flores,TRUE,Zoo,2013,Autumn,FALSE
Rasa,Rasa,Flores,TRUE,Zoo,2013,Spring,FALSE
Rasa,Rasa,Flores,TRUE,Zoo,2013,Summer,FALSE
Rasa,Rasa,Flores,TRUE,Zoo,2013,Winter,FALSE
Rasa,Rasa,Flores,TRUE,Zoo,2014,Autumn,FALSE
Rasa,Rasa,Flores,TRUE,Zoo,2014,Spring,FALSE
Rasa,Rasa,Flores,TRUE,Zoo,2014,Summer,FALSE
Rasa,Rasa,Flores,TRUE,Zoo,2014,Winter,FALSE
Rasa,Rasa,Flores,TRUE,Zoo,2015,Autumn,FALSE
Rasa,Rasa,Flores,TRUE,Zoo,2015,Spring,FALSE
Rasa,Rasa,Flores,TRUE,Zoo,2015,Summer,FALSE
Rasa,Rasa,Flores,TRUE,Zoo,2015,Winter,FALSE
Rasa,Rasa,Flores,TRUE,Zoo,2016,Autumn,FALSE
Rasa,Rasa,Flores,TRUE,Zoo,2016,Spring,FALSE
Rasa,Rasa,Flores,TRUE,Zoo,2016,Summer,FALSE
Rasa,Rasa,Flores,TRUE,Zoo,2016,Winter,FALSE
Rasa,Rasa,Flores,TRUE,Zoo,2017,Autumn,FALSE
Rasa,Rasa,Flores,TRUE,Zoo,2017,Spring,FALSE
Rasa,Rasa,Flores,TRUE,Zoo,2017,Summer,FALSE
Rasa,Rasa,Flores,TRUE,Zoo,2017,Winter,FALSE
Rasa,Rasa,Flores,TRUE,Zoo,2018,Autumn,FALSE
Rasa,Rasa,Flores,TRUE,Zoo,2018,Spring,FALSE
Rasa,Rasa,Flores,TRUE,Zoo,2018,Summer,FALSE
Rasa,Rasa,Flores,TRUE,Zoo,2018,Winter,FALSE
Rasa,Rasa,Flores,TRUE,Zoo,2019,Autumn,FALSE
Rasa,Rasa,Flores,TRUE,Zoo,2019,Spring,FALSE
Rasa,Rasa,Flores,TRUE,Zoo,2019,Summer,FALSE
Rasa,Rasa,Flores,TRUE,Zoo,2019,Winter,FALSE
Rasa,Rasa,Flores,TRUE,Zoo,2020,Autumn,FALSE
Rasa,Rasa,Flores,TRUE,Zoo,2020,Spring,FALSE
Rasa,Rasa,Flores,TRUE,Zoo,2020,Summer,FALSE
Rasa,Rasa,Flores,TRUE,Zoo,2020,Winter,FALSE
Rasa,Rasa,Flores,TRUE,Zoo,2021,Autumn,FALSE
Rasa,Rasa,Flores,TRUE,Zoo,2021,Spring,FALSE
Rasa,Rasa,Flores,TRUE,Zoo,2021,Summer,FALSE
Rasa,Rasa,Flores,TRUE,Zoo,2021,Winter,FALSE
Rasa,Rasa,Flores,TRUE,Zoo,2022,Autumn,FALSE
Rasa,Rasa,Flores,TRUE,Zoo,2022,Spring,FALSE
Rasa,Rasa,Flores,TRUE,Zoo,2022,Summer,FALSE
Rasa,Rasa,Flores,TRUE,Zoo,2022,Winter,FALSE
Rasa,Rasa,Flores,TRUE,Zoo,2023,Autumn,FALSE
Rasa,Rasa,Flores,TRUE,Zoo,2023,Spring,FALSE
Rasa,Rasa,Flores,TRUE,Zoo,2023,Summer,FALSE
Rasa,Rasa,Flores,TRUE,Zoo,2023,Winter,FALSE
Rasa,Rasa,Flores,TRUE,Zoo,2024,Autumn,FALSE
Rasa,Rasa,Flores,TRUE,Zoo,2024,Spring,FALSE
Rasa,Rasa,Flores,TRUE,Zoo,2024,Summer,FALSE
Rasa,Rasa,Flores,TRUE,Zoo,2024,Winter,FALSE
Rasa,Rasa,Flores,TRUE,Zoo,2025,Autumn,FALSE
Rasa,Rasa,Flores,TRUE,Zoo,2025,Spring,TRUE
Rasa,Rasa,Flores,TRUE,Zoo,2025,Summer,FALSE
Rasa,Rasa,Flores,TRUE,Zoo,2025,Winter,FALSE
Rasa Serra Devassa,Rasa Serra Devassa,Sao Miguel,FALSE,Diatom,2003,Autumn,FALSE
Rasa Serra Devassa,Rasa Serra Devassa,Sao Miguel,FALSE,Diatom,2003,Spring,FALSE
Rasa Serra Devassa,Rasa Serra Devassa,Sao Miguel,FALSE,Diatom,2003,Summer,FALSE
Rasa Serra Devassa,Rasa Serra Devassa,Sao Miguel,FALSE,Diatom,2003,Winter,FALSE
Rasa Serra Devassa,Rasa Serra Devassa,Sao Miguel,FALSE,Diatom,2004,Autumn,FALSE
Rasa Serra Devassa,Rasa Serra Devassa,Sao Miguel,FALSE,Diatom,2004,Spring,FALSE
Rasa Serra Devassa,Rasa Serra Devassa,Sao Miguel,FALSE,Diatom,2004,Summer,FALSE
Rasa Serra Devassa,Rasa Serra Devassa,Sao Miguel,FALSE,Diatom,2004,Winter,FALSE
Rasa Serra Devassa,Rasa Serra Devassa,Sao Miguel,FALSE,Diatom,2005,Autumn,FALSE
Rasa Serra Devassa,Rasa Serra Devassa,Sao Miguel,FALSE,Diatom,2005,Spring,FALSE
Rasa Serra Devassa,Rasa Serra Devassa,Sao Miguel,FALSE,Diatom,2005,Summer,FALSE
Rasa Serra Devassa,Rasa Serra Devassa,Sao Miguel,FALSE,Diatom,2005,Winter,FALSE
Rasa Serra Devassa,Rasa Serra Devassa,Sao Miguel,FALSE,Diatom,2006,Autumn,FALSE
Rasa Serra Devassa,Rasa Serra Devassa,Sao Miguel,FALSE,Diatom,2006,Spring,FALSE
Rasa Serra Devassa,Rasa Serra Devassa,Sao Miguel,FALSE,Diatom,2006,Summer,FALSE
Rasa Serra Devassa,Rasa Serra Devassa,Sao Miguel,FALSE,Diatom,2006,Winter,FALSE
Rasa Serra Devassa,Rasa Serra Devassa,Sao Miguel,FALSE,Diatom,2007,Autumn,FALSE
Rasa Serra Devassa,Rasa Serra Devassa,Sao Miguel,FALSE,Diatom,2007,Spring,FALSE
Rasa Serra Devassa,Rasa Serra Devassa,Sao Miguel,FALSE,Diatom,2007,Summer,FALSE
Rasa Serra Devassa,Rasa Serra Devassa,Sao Miguel,FALSE,Diatom,2007,Winter,FALSE
Rasa Serra Devassa,Rasa Serra Devassa,Sao Miguel,FALSE,Diatom,2008,Autumn,TRUE
Rasa Serra Devassa,Rasa Serra Devassa,Sao Miguel,FALSE,Diatom,2008,Spring,TRUE
Rasa Serra Devassa,Rasa Serra Devassa,Sao Miguel,FALSE,Diatom,2008,Summer,FALSE
Rasa Serra Devassa,Rasa Serra Devassa,Sao Miguel,FALSE,Diatom,2008,Winter,FALSE
Rasa Serra Devassa,Rasa Serra Devassa,Sao Miguel,FALSE,Diatom,2009,Autumn,TRUE
Rasa Serra Devassa,Rasa Serra Devassa,Sao Miguel,FALSE,Diatom,2009,Spring,FALSE
Rasa Serra Devassa,Rasa Serra Devassa,Sao Miguel,FALSE,Diatom,2009,Summer,FALSE
Rasa Serra Devassa,Rasa Serra Devassa,Sao Miguel,FALSE,Diatom,2009,Winter,TRUE
Rasa Serra Devassa,Rasa Serra Devassa,Sao Miguel,FALSE,Diatom,2010,Autumn,FALSE
Rasa Serra Devassa,Rasa Serra Devassa,Sao Miguel,FALSE,Diatom,2010,Spring,FALSE
Rasa Serra Devassa,Rasa Serra Devassa,Sao Miguel,FALSE,Diatom,2010,Summer,TRUE
Rasa Serra Devassa,Rasa Serra Devassa,Sao Miguel,FALSE,Diatom,2010,Winter,TRUE
Rasa Serra Devassa,Rasa Serra Devassa,Sao Miguel,FALSE,Diatom,2011,Autumn,TRUE
Rasa Serra Devassa,Rasa Serra Devassa,Sao Miguel,FALSE,Diatom,2011,Spring,TRUE
Rasa Serra Devassa,Rasa Serra Devassa,Sao Miguel,FALSE,Diatom,2011,Summer,TRUE
Rasa Serra Devassa,Rasa Serra Devassa,Sao Miguel,FALSE,Diatom,2011,Winter,TRUE
Rasa Serra Devassa,Rasa Serra Devassa,Sao Miguel,FALSE,Diatom,2012,Autumn,TRUE
Rasa Serra Devassa,Rasa Serra Devassa,Sao Miguel,FALSE,Diatom,2012,Spring,TRUE
Rasa Serra Devassa,Rasa Serra Devassa,Sao Miguel,FALSE,Diatom,2012,Summer,TRUE
Rasa Serra Devassa,Rasa Serra Devassa,Sao Miguel,FALSE,Diatom,2012,Winter,TRUE
Rasa Serra Devassa,Rasa Serra Devassa,Sao Miguel,FALSE,Diatom,2013,Autumn,FALSE
Rasa Serra Devassa,Rasa Serra Devassa,Sao Miguel,FALSE,Diatom,2013,Spring,FALSE
Rasa Serra Devassa,Rasa Serra Devassa,Sao Miguel,FALSE,Diatom,2013,Summer,FALSE
Rasa Serra Devassa,Rasa Serra Devassa,Sao Miguel,FALSE,Diatom,2013,Winter,FALSE
Rasa Serra Devassa,Rasa Serra Devassa,Sao Miguel,FALSE,Diatom,2014,Autumn,FALSE
Rasa Serra Devassa,Rasa Serra Devassa,Sao Miguel,FALSE,Diatom,2014,Spring,FALSE
Rasa Serra Devassa,Rasa Serra Devassa,Sao Miguel,FALSE,Diatom,2014,Summer,FALSE
Rasa Serra Devassa,Rasa Serra Devassa,Sao Miguel,FALSE,Diatom,2014,Winter,FALSE
Rasa Serra Devassa,Rasa Serra Devassa,Sao Miguel,FALSE,Diatom,2015,Autumn,TRUE
Rasa Serra Devassa,Rasa Serra Devassa,Sao Miguel,FALSE,Diatom,2015,Spring,FALSE
Rasa Serra Devassa,Rasa Serra Devassa,Sao Miguel,FALSE,Diatom,2015,Summer,FALSE
Rasa Serra Devassa,Rasa Serra Devassa,Sao Miguel,FALSE,Diatom,2015,Winter,FALSE
Rasa Serra Devassa,Rasa Serra Devassa,Sao Miguel,FALSE,Diatom,2016,Autumn,TRUE
Rasa Serra Devassa,Rasa Serra Devassa,Sao Miguel,FALSE,Diatom,2016,Spring,TRUE
Rasa Serra Devassa,Rasa Serra Devassa,Sao Miguel,FALSE,Diatom,2016,Summer,FALSE
Rasa Serra Devassa,Rasa Serra Devassa,Sao Miguel,FALSE,Diatom,2016,Winter,TRUE
Rasa Serra Devassa,Rasa Serra Devassa,Sao Miguel,FALSE,Diatom,2017,Autumn,TRUE
Rasa Serra Devassa,Rasa Serra Devassa,Sao Miguel,FALSE,Diatom,2017,Spring,FALSE
Rasa Serra Devassa,Rasa Serra Devassa,Sao Miguel,FALSE,Diatom,2017,Summer,FALSE
Rasa Serra Devassa,Rasa Serra Devassa,Sao Miguel,FALSE,Diatom,2017,Winter,FALSE
Rasa Serra Devassa,Rasa Serra Devassa,Sao Miguel,FALSE,Diatom,2018,Autumn,FALSE
Rasa Serra Devassa,Rasa Serra Devassa,Sao Miguel,FALSE,Diatom,2018,Spring,TRUE
Rasa Serra Devassa,Rasa Serra Devassa,Sao Miguel,FALSE,Diatom,2018,Summer,TRUE
Rasa Serra Devassa,Rasa Serra Devassa,Sao Miguel,FALSE,Diatom,2018,Winter,TRUE
Rasa Serra Devassa,Rasa Serra Devassa,Sao Miguel,FALSE,Diatom,2019,Autumn,FALSE
Rasa Serra Devassa,Rasa Serra Devassa,Sao Miguel,FALSE,Diatom,2019,Spring,FALSE
Rasa Serra Devassa,Rasa Serra Devassa,Sao Miguel,FALSE,Diatom,2019,Summer,FALSE
Rasa Serra Devassa,Rasa Serra Devassa,Sao Miguel,FALSE,Diatom,2019,Winter,FALSE
Rasa Serra Devassa,Rasa Serra Devassa,Sao Miguel,FALSE,Diatom,2020,Autumn,FALSE
Rasa Serra Devassa,Rasa Serra Devassa,Sao Miguel,FALSE,Diatom,2020,Spring,FALSE
Rasa Serra Devassa,Rasa Serra Devassa,Sao Miguel,FALSE,Diatom,2020,Summer,FALSE
Rasa Serra Devassa,Rasa Serra Devassa,Sao Miguel,FALSE,Diatom,2020,Winter,FALSE
Rasa Serra Devassa,Rasa Serra Devassa,Sao Miguel,FALSE,Diatom,2021,Autumn,FALSE
Rasa Serra Devassa,Rasa Serra Devassa,Sao Miguel,FALSE,Diatom,2021,Spring,FALSE
Rasa Serra Devassa,Rasa Serra Devassa,Sao Miguel,FALSE,Diatom,2021,Summer,FALSE
Rasa Serra Devassa,Rasa Serra Devassa,Sao Miguel,FALSE,Diatom,2021,Winter,FALSE
Rasa Serra Devassa,Rasa Serra Devassa,Sao Miguel,FALSE,Diatom,2022,Autumn,FALSE
Rasa Serra Devassa,Rasa Serra Devassa,Sao Miguel,FALSE,Diatom,2022,Spring,FALSE
Rasa Serra Devassa,Rasa Serra Devassa,Sao Miguel,FALSE,Diatom,2022,Summer,FALSE
Rasa Serra Devassa,Rasa Serra Devassa,Sao Miguel,FALSE,Diatom,2022,Winter,FALSE
Rasa Serra Devassa,Rasa Serra Devassa,Sao Miguel,FALSE,Diatom,2023,Autumn,FALSE
Rasa Serra Devassa,Rasa Serra Devassa,Sao Miguel,FALSE,Diatom,2023,Spring,FALSE
Rasa Serra Devassa,Rasa Serra Devassa,Sao Miguel,FALSE,Diatom,2023,Summer,FALSE
Rasa Serra Devassa,Rasa Serra Devassa,Sao Miguel,FALSE,Diatom,2023,Winter,FALSE
Rasa Serra Devassa,Rasa Serra Devassa,Sao Miguel,FALSE,Diatom,2024,Autumn,TRUE
Rasa Serra Devassa,Rasa Serra Devassa,Sao Miguel,FALSE,Diatom,2024,Spring,TRUE
Rasa Serra Devassa,Rasa Serra Devassa,Sao Miguel,FALSE,Diatom,2024,Summer,TRUE
Rasa Serra Devassa,Rasa Serra Devassa,Sao Miguel,FALSE,Diatom,2024,Winter,TRUE
Rasa Serra Devassa,Rasa Serra Devassa,Sao Miguel,FALSE,Diatom,2025,Autumn,TRUE
Rasa Serra Devassa,Rasa Serra Devassa,Sao Miguel,FALSE,Diatom,2025,Spring,TRUE
Rasa Serra Devassa,Rasa Serra Devassa,Sao Miguel,FALSE,Diatom,2025,Summer,TRUE
Rasa Serra Devassa,Rasa Serra Devassa,Sao Miguel,FALSE,Diatom,2025,Winter,TRUE
Rasa Serra Devassa,Rasa Serra Devassa,Sao Miguel,FALSE,Env,2003,Autumn,FALSE
Rasa Serra Devassa,Rasa Serra Devassa,Sao Miguel,FALSE,Env,2003,Spring,FALSE
Rasa Serra Devassa,Rasa Serra Devassa,Sao Miguel,FALSE,Env,2003,Summer,FALSE
Rasa Serra Devassa,Rasa Serra Devassa,Sao Miguel,FALSE,Env,2003,Winter,FALSE
Rasa Serra Devassa,Rasa Serra Devassa,Sao Miguel,FALSE,Env,2004,Autumn,FALSE
Rasa Serra Devassa,Rasa Serra Devassa,Sao Miguel,FALSE,Env,2004,Spring,FALSE
Rasa Serra Devassa,Rasa Serra Devassa,Sao Miguel,FALSE,Env,2004,Summer,FALSE
Rasa Serra Devassa,Rasa Serra Devassa,Sao Miguel,FALSE,Env,2004,Winter,FALSE
Rasa Serra Devassa,Rasa Serra Devassa,Sao Miguel,FALSE,Env,2005,Autumn,FALSE
Rasa Serra Devassa,Rasa Serra Devassa,Sao Miguel,FALSE,Env,2005,Spring,FALSE
Rasa Serra Devassa,Rasa Serra Devassa,Sao Miguel,FALSE,Env,2005,Summer,FALSE
Rasa Serra Devassa,Rasa Serra Devassa,Sao Miguel,FALSE,Env,2005,Winter,FALSE
Rasa Serra Devassa,Rasa Serra Devassa,Sao Miguel,FALSE,Env,2006,Autumn,FALSE
Rasa Serra Devassa,Rasa Serra Devassa,Sao Miguel,FALSE,Env,2006,Spring,FALSE
Rasa Serra Devassa,Rasa Serra Devassa,Sao Miguel,FALSE,Env,2006,Summer,FALSE
Rasa Serra Devassa,Rasa Serra Devassa,Sao Miguel,FALSE,Env,2006,Winter,FALSE
Rasa Serra Devassa,Rasa Serra Devassa,Sao Miguel,FALSE,Env,2007,Autumn,FALSE
Rasa Serra Devassa,Rasa Serra Devassa,Sao Miguel,FALSE,Env,2007,Spring,FALSE
Rasa Serra Devassa,Rasa Serra Devassa,Sao Miguel,FALSE,Env,2007,Summer,FALSE
Rasa Serra Devassa,Rasa Serra Devassa,Sao Miguel,FALSE,Env,2007,Winter,FALSE
Rasa Serra Devassa,Rasa Serra Devassa,Sao Miguel,FALSE,Env,2008,Autumn,TRUE
Rasa Serra Devassa,Rasa Serra Devassa,Sao Miguel,FALSE,Env,2008,Spring,TRUE
Rasa Serra Devassa,Rasa Serra Devassa,Sao Miguel,FALSE,Env,2008,Summer,TRUE
Rasa Serra Devassa,Rasa Serra Devassa,Sao Miguel,FALSE,Env,2008,Winter,TRUE
Rasa Serra Devassa,Rasa Serra Devassa,Sao Miguel,FALSE,Env,2009,Autumn,FALSE
Rasa Serra Devassa,Rasa Serra Devassa,Sao Miguel,FALSE,Env,2009,Spring,FALSE
Rasa Serra Devassa,Rasa Serra Devassa,Sao Miguel,FALSE,Env,2009,Summer,FALSE
Rasa Serra Devassa,Rasa Serra Devassa,Sao Miguel,FALSE,Env,2009,Winter,FALSE
Rasa Serra Devassa,Rasa Serra Devassa,Sao Miguel,FALSE,Env,2010,Autumn,TRUE
Rasa Serra Devassa,Rasa Serra Devassa,Sao Miguel,FALSE,Env,2010,Spring,TRUE
Rasa Serra Devassa,Rasa Serra Devassa,Sao Miguel,FALSE,Env,2010,Summer,TRUE
Rasa Serra Devassa,Rasa Serra Devassa,Sao Miguel,FALSE,Env,2010,Winter,TRUE
Rasa Serra Devassa,Rasa Serra Devassa,Sao Miguel,FALSE,Env,2011,Autumn,TRUE
Rasa Serra Devassa,Rasa Serra Devassa,Sao Miguel,FALSE,Env,2011,Spring,TRUE
Rasa Serra Devassa,Rasa Serra Devassa,Sao Miguel,FALSE,Env,2011,Summer,TRUE
Rasa Serra Devassa,Rasa Serra Devassa,Sao Miguel,FALSE,Env,2011,Winter,TRUE
Rasa Serra Devassa,Rasa Serra Devassa,Sao Miguel,FALSE,Env,2012,Autumn,TRUE
Rasa Serra Devassa,Rasa Serra Devassa,Sao Miguel,FALSE,Env,2012,Spring,TRUE
Rasa Serra Devassa,Rasa Serra Devassa,Sao Miguel,FALSE,Env,2012,Summer,TRUE
Rasa Serra Devassa,Rasa Serra Devassa,Sao Miguel,FALSE,Env,2012,Winter,TRUE
Rasa Serra Devassa,Rasa Serra Devassa,Sao Miguel,FALSE,Env,2013,Autumn,FALSE
Rasa Serra Devassa,Rasa Serra Devassa,Sao Miguel,FALSE,Env,2013,Spring,FALSE
Rasa Serra Devassa,Rasa Serra Devassa,Sao Miguel,FALSE,Env,2013,Summer,FALSE
Rasa Serra Devassa,Rasa Serra Devassa,Sao Miguel,FALSE,Env,2013,Winter,FALSE
Rasa Serra Devassa,Rasa Serra Devassa,Sao Miguel,FALSE,Env,2014,Autumn,FALSE
Rasa Serra Devassa,Rasa Serra Devassa,Sao Miguel,FALSE,Env,2014,Spring,FALSE
Rasa Serra Devassa,Rasa Serra Devassa,Sao Miguel,FALSE,Env,2014,Summer,FALSE
Rasa Serra Devassa,Rasa Serra Devassa,Sao Miguel,FALSE,Env,2014,Winter,FALSE
Rasa Serra Devassa,Rasa Serra Devassa,Sao Miguel,FALSE,Env,2015,Autumn,FALSE
Rasa Serra Devassa,Rasa Serra Devassa,Sao Miguel,FALSE,Env,2015,Spring,FALSE
Rasa Serra Devassa,Rasa Serra Devassa,Sao Miguel,FALSE,Env,2015,Summer,FALSE
Rasa Serra Devassa,Rasa Serra Devassa,Sao Miguel,FALSE,Env,2015,Winter,FALSE
Rasa Serra Devassa,Rasa Serra Devassa,Sao Miguel,FALSE,Env,2016,Autumn,FALSE
Rasa Serra Devassa,Rasa Serra Devassa,Sao Miguel,FALSE,Env,2016,Spring,FALSE
Rasa Serra Devassa,Rasa Serra Devassa,Sao Miguel,FALSE,Env,2016,Summer,FALSE
Rasa Serra Devassa,Rasa Serra Devassa,Sao Miguel,FALSE,Env,2016,Winter,FALSE
Rasa Serra Devassa,Rasa Serra Devassa,Sao Miguel,FALSE,Env,2017,Autumn,FALSE
Rasa Serra Devassa,Rasa Serra Devassa,Sao Miguel,FALSE,Env,2017,Spring,FALSE
Rasa Serra Devassa,Rasa Serra Devassa,Sao Miguel,FALSE,Env,2017,Summer,FALSE
Rasa Serra Devassa,Rasa Serra Devassa,Sao Miguel,FALSE,Env,2017,Winter,FALSE
Rasa Serra Devassa,Rasa Serra Devassa,Sao Miguel,FALSE,Env,2018,Autumn,FALSE
Rasa Serra Devassa,Rasa Serra Devassa,Sao Miguel,FALSE,Env,2018,Spring,TRUE
Rasa Serra Devassa,Rasa Serra Devassa,Sao Miguel,FALSE,Env,2018,Summer,FALSE
Rasa Serra Devassa,Rasa Serra Devassa,Sao Miguel,FALSE,Env,2018,Winter,FALSE
Rasa Serra Devassa,Rasa Serra Devassa,Sao Miguel,FALSE,Env,2019,Autumn,FALSE
Rasa Serra Devassa,Rasa Serra Devassa,Sao Miguel,FALSE,Env,2019,Spring,FALSE
Rasa Serra Devassa,Rasa Serra Devassa,Sao Miguel,FALSE,Env,2019,Summer,FALSE
Rasa Serra Devassa,Rasa Serra Devassa,Sao Miguel,FALSE,Env,2019,Winter,FALSE
Rasa Serra Devassa,Rasa Serra Devassa,Sao Miguel,FALSE,Env,2020,Autumn,FALSE
Rasa Serra Devassa,Rasa Serra Devassa,Sao Miguel,FALSE,Env,2020,Spring,FALSE
Rasa Serra Devassa,Rasa Serra Devassa,Sao Miguel,FALSE,Env,2020,Summer,FALSE
Rasa Serra Devassa,Rasa Serra Devassa,Sao Miguel,FALSE,Env,2020,Winter,FALSE
Rasa Serra Devassa,Rasa Serra Devassa,Sao Miguel,FALSE,Env,2021,Autumn,FALSE
Rasa Serra Devassa,Rasa Serra Devassa,Sao Miguel,FALSE,Env,2021,Spring,FALSE
Rasa Serra Devassa,Rasa Serra Devassa,Sao Miguel,FALSE,Env,2021,Summer,FALSE
Rasa Serra Devassa,Rasa Serra Devassa,Sao Miguel,FALSE,Env,2021,Winter,FALSE
Rasa Serra Devassa,Rasa Serra Devassa,Sao Miguel,FALSE,Env,2022,Autumn,FALSE
Rasa Serra Devassa,Rasa Serra Devassa,Sao Miguel,FALSE,Env,2022,Spring,FALSE
Rasa Serra Devassa,Rasa Serra Devassa,Sao Miguel,FALSE,Env,2022,Summer,FALSE
Rasa Serra Devassa,Rasa Serra Devassa,Sao Miguel,FALSE,Env,2022,Winter,FALSE
Rasa Serra Devassa,Rasa Serra Devassa,Sao Miguel,FALSE,Env,2023,Autumn,FALSE
Rasa Serra Devassa,Rasa Serra Devassa,Sao Miguel,FALSE,Env,2023,Spring,FALSE
Rasa Serra Devassa,Rasa Serra Devassa,Sao Miguel,FALSE,Env,2023,Summer,FALSE
Rasa Serra Devassa,Rasa Serra Devassa,Sao Miguel,FALSE,Env,2023,Winter,FALSE
Rasa Serra Devassa,Rasa Serra Devassa,Sao Miguel,FALSE,Env,2024,Autumn,TRUE
Rasa Serra Devassa,Rasa Serra Devassa,Sao Miguel,FALSE,Env,2024,Spring,TRUE
Rasa Serra Devassa,Rasa Serra Devassa,Sao Miguel,FALSE,Env,2024,Summer,TRUE
Rasa Serra Devassa,Rasa Serra Devassa,Sao Miguel,FALSE,Env,2024,Winter,TRUE
Rasa Serra Devassa,Rasa Serra Devassa,Sao Miguel,FALSE,Env,2025,Autumn,TRUE
Rasa Serra Devassa,Rasa Serra Devassa,Sao Miguel,FALSE,Env,2025,Spring,TRUE
Rasa Serra Devassa,Rasa Serra Devassa,Sao Miguel,FALSE,Env,2025,Summer,TRUE
Rasa Serra Devassa,Rasa Serra Devassa,Sao Miguel,FALSE,Env,2025,Winter,TRUE
Rasa Serra Devassa,Rasa Serra Devassa,Sao Miguel,FALSE,Macro,2003,Autumn,FALSE
Rasa Serra Devassa,Rasa Serra Devassa,Sao Miguel,FALSE,Macro,2003,Spring,FALSE
Rasa Serra Devassa,Rasa Serra Devassa,Sao Miguel,FALSE,Macro,2003,Summer,FALSE
Rasa Serra Devassa,Rasa Serra Devassa,Sao Miguel,FALSE,Macro,2003,Winter,FALSE
Rasa Serra Devassa,Rasa Serra Devassa,Sao Miguel,FALSE,Macro,2004,Autumn,FALSE
Rasa Serra Devassa,Rasa Serra Devassa,Sao Miguel,FALSE,Macro,2004,Spring,FALSE
Rasa Serra Devassa,Rasa Serra Devassa,Sao Miguel,FALSE,Macro,2004,Summer,FALSE
Rasa Serra Devassa,Rasa Serra Devassa,Sao Miguel,FALSE,Macro,2004,Winter,FALSE
Rasa Serra Devassa,Rasa Serra Devassa,Sao Miguel,FALSE,Macro,2005,Autumn,FALSE
Rasa Serra Devassa,Rasa Serra Devassa,Sao Miguel,FALSE,Macro,2005,Spring,FALSE
Rasa Serra Devassa,Rasa Serra Devassa,Sao Miguel,FALSE,Macro,2005,Summer,FALSE
Rasa Serra Devassa,Rasa Serra Devassa,Sao Miguel,FALSE,Macro,2005,Winter,FALSE
Rasa Serra Devassa,Rasa Serra Devassa,Sao Miguel,FALSE,Macro,2006,Autumn,FALSE
Rasa Serra Devassa,Rasa Serra Devassa,Sao Miguel,FALSE,Macro,2006,Spring,FALSE
Rasa Serra Devassa,Rasa Serra Devassa,Sao Miguel,FALSE,Macro,2006,Summer,FALSE
Rasa Serra Devassa,Rasa Serra Devassa,Sao Miguel,FALSE,Macro,2006,Winter,FALSE
Rasa Serra Devassa,Rasa Serra Devassa,Sao Miguel,FALSE,Macro,2007,Autumn,FALSE
Rasa Serra Devassa,Rasa Serra Devassa,Sao Miguel,FALSE,Macro,2007,Spring,FALSE
Rasa Serra Devassa,Rasa Serra Devassa,Sao Miguel,FALSE,Macro,2007,Summer,FALSE
Rasa Serra Devassa,Rasa Serra Devassa,Sao Miguel,FALSE,Macro,2007,Winter,FALSE
Rasa Serra Devassa,Rasa Serra Devassa,Sao Miguel,FALSE,Macro,2008,Autumn,TRUE
Rasa Serra Devassa,Rasa Serra Devassa,Sao Miguel,FALSE,Macro,2008,Spring,TRUE
Rasa Serra Devassa,Rasa Serra Devassa,Sao Miguel,FALSE,Macro,2008,Summer,TRUE
Rasa Serra Devassa,Rasa Serra Devassa,Sao Miguel,FALSE,Macro,2008,Winter,FALSE
Rasa Serra Devassa,Rasa Serra Devassa,Sao Miguel,FALSE,Macro,2009,Autumn,FALSE
Rasa Serra Devassa,Rasa Serra Devassa,Sao Miguel,FALSE,Macro,2009,Spring,FALSE
Rasa Serra Devassa,Rasa Serra Devassa,Sao Miguel,FALSE,Macro,2009,Summer,TRUE
Rasa Serra Devassa,Rasa Serra Devassa,Sao Miguel,FALSE,Macro,2009,Winter,TRUE
Rasa Serra Devassa,Rasa Serra Devassa,Sao Miguel,FALSE,Macro,2010,Autumn,FALSE
Rasa Serra Devassa,Rasa Serra Devassa,Sao Miguel,FALSE,Macro,2010,Spring,FALSE
Rasa Serra Devassa,Rasa Serra Devassa,Sao Miguel,FALSE,Macro,2010,Summer,TRUE
Rasa Serra Devassa,Rasa Serra Devassa,Sao Miguel,FALSE,Macro,2010,Winter,TRUE
Rasa Serra Devassa,Rasa Serra Devassa,Sao Miguel,FALSE,Macro,2011,Autumn,TRUE
Rasa Serra Devassa,Rasa Serra Devassa,Sao Miguel,FALSE,Macro,2011,Spring,TRUE
Rasa Serra Devassa,Rasa Serra Devassa,Sao Miguel,FALSE,Macro,2011,Summer,TRUE
Rasa Serra Devassa,Rasa Serra Devassa,Sao Miguel,FALSE,Macro,2011,Winter,TRUE
Rasa Serra Devassa,Rasa Serra Devassa,Sao Miguel,FALSE,Macro,2012,Autumn,TRUE
Rasa Serra Devassa,Rasa Serra Devassa,Sao Miguel,FALSE,Macro,2012,Spring,TRUE
Rasa Serra Devassa,Rasa Serra Devassa,Sao Miguel,FALSE,Macro,2012,Summer,TRUE
Rasa Serra Devassa,Rasa Serra Devassa,Sao Miguel,FALSE,Macro,2012,Winter,TRUE
Rasa Serra Devassa,Rasa Serra Devassa,Sao Miguel,FALSE,Macro,2013,Autumn,FALSE
Rasa Serra Devassa,Rasa Serra Devassa,Sao Miguel,FALSE,Macro,2013,Spring,FALSE
Rasa Serra Devassa,Rasa Serra Devassa,Sao Miguel,FALSE,Macro,2013,Summer,FALSE
Rasa Serra Devassa,Rasa Serra Devassa,Sao Miguel,FALSE,Macro,2013,Winter,FALSE
Rasa Serra Devassa,Rasa Serra Devassa,Sao Miguel,FALSE,Macro,2014,Autumn,FALSE
Rasa Serra Devassa,Rasa Serra Devassa,Sao Miguel,FALSE,Macro,2014,Spring,FALSE
Rasa Serra Devassa,Rasa Serra Devassa,Sao Miguel,FALSE,Macro,2014,Summer,FALSE
Rasa Serra Devassa,Rasa Serra Devassa,Sao Miguel,FALSE,Macro,2014,Winter,FALSE
Rasa Serra Devassa,Rasa Serra Devassa,Sao Miguel,FALSE,Macro,2015,Autumn,FALSE
Rasa Serra Devassa,Rasa Serra Devassa,Sao Miguel,FALSE,Macro,2015,Spring,FALSE
Rasa Serra Devassa,Rasa Serra Devassa,Sao Miguel,FALSE,Macro,2015,Summer,FALSE
Rasa Serra Devassa,Rasa Serra Devassa,Sao Miguel,FALSE,Macro,2015,Winter,FALSE
Rasa Serra Devassa,Rasa Serra Devassa,Sao Miguel,FALSE,Macro,2016,Autumn,FALSE
Rasa Serra Devassa,Rasa Serra Devassa,Sao Miguel,FALSE,Macro,2016,Spring,FALSE
Rasa Serra Devassa,Rasa Serra Devassa,Sao Miguel,FALSE,Macro,2016,Summer,FALSE
Rasa Serra Devassa,Rasa Serra Devassa,Sao Miguel,FALSE,Macro,2016,Winter,FALSE
Rasa Serra Devassa,Rasa Serra Devassa,Sao Miguel,FALSE,Macro,2017,Autumn,FALSE
Rasa Serra Devassa,Rasa Serra Devassa,Sao Miguel,FALSE,Macro,2017,Spring,FALSE
Rasa Serra Devassa,Rasa Serra Devassa,Sao Miguel,FALSE,Macro,2017,Summer,FALSE
Rasa Serra Devassa,Rasa Serra Devassa,Sao Miguel,FALSE,Macro,2017,Winter,FALSE
Rasa Serra Devassa,Rasa Serra Devassa,Sao Miguel,FALSE,Macro,2018,Autumn,FALSE
Rasa Serra Devassa,Rasa Serra Devassa,Sao Miguel,FALSE,Macro,2018,Spring,TRUE
Rasa Serra Devassa,Rasa Serra Devassa,Sao Miguel,FALSE,Macro,2018,Summer,FALSE
Rasa Serra Devassa,Rasa Serra Devassa,Sao Miguel,FALSE,Macro,2018,Winter,FALSE
Rasa Serra Devassa,Rasa Serra Devassa,Sao Miguel,FALSE,Macro,2019,Autumn,FALSE
Rasa Serra Devassa,Rasa Serra Devassa,Sao Miguel,FALSE,Macro,2019,Spring,FALSE
Rasa Serra Devassa,Rasa Serra Devassa,Sao Miguel,FALSE,Macro,2019,Summer,FALSE
Rasa Serra Devassa,Rasa Serra Devassa,Sao Miguel,FALSE,Macro,2019,Winter,FALSE
Rasa Serra Devassa,Rasa Serra Devassa,Sao Miguel,FALSE,Macro,2020,Autumn,FALSE
Rasa Serra Devassa,Rasa Serra Devassa,Sao Miguel,FALSE,Macro,2020,Spring,FALSE
Rasa Serra Devassa,Rasa Serra Devassa,Sao Miguel,FALSE,Macro,2020,Summer,FALSE
Rasa Serra Devassa,Rasa Serra Devassa,Sao Miguel,FALSE,Macro,2020,Winter,FALSE
Rasa Serra Devassa,Rasa Serra Devassa,Sao Miguel,FALSE,Macro,2021,Autumn,FALSE
Rasa Serra Devassa,Rasa Serra Devassa,Sao Miguel,FALSE,Macro,2021,Spring,FALSE
Rasa Serra Devassa,Rasa Serra Devassa,Sao Miguel,FALSE,Macro,2021,Summer,FALSE
Rasa Serra Devassa,Rasa Serra Devassa,Sao Miguel,FALSE,Macro,2021,Winter,FALSE
Rasa Serra Devassa,Rasa Serra Devassa,Sao Miguel,FALSE,Macro,2022,Autumn,FALSE
Rasa Serra Devassa,Rasa Serra Devassa,Sao Miguel,FALSE,Macro,2022,Spring,FALSE
Rasa Serra Devassa,Rasa Serra Devassa,Sao Miguel,FALSE,Macro,2022,Summer,FALSE
Rasa Serra Devassa,Rasa Serra Devassa,Sao Miguel,FALSE,Macro,2022,Winter,FALSE
Rasa Serra Devassa,Rasa Serra Devassa,Sao Miguel,FALSE,Macro,2023,Autumn,FALSE
Rasa Serra Devassa,Rasa Serra Devassa,Sao Miguel,FALSE,Macro,2023,Spring,FALSE
Rasa Serra Devassa,Rasa Serra Devassa,Sao Miguel,FALSE,Macro,2023,Summer,FALSE
Rasa Serra Devassa,Rasa Serra Devassa,Sao Miguel,FALSE,Macro,2023,Winter,FALSE
Rasa Serra Devassa,Rasa Serra Devassa,Sao Miguel,FALSE,Macro,2024,Autumn,TRUE
Rasa Serra Devassa,Rasa Serra Devassa,Sao Miguel,FALSE,Macro,2024,Spring,TRUE
Rasa Serra Devassa,Rasa Serra Devassa,Sao Miguel,FALSE,Macro,2024,Summer,TRUE
Rasa Serra Devassa,Rasa Serra Devassa,Sao Miguel,FALSE,Macro,2024,Winter,TRUE
Rasa Serra Devassa,Rasa Serra Devassa,Sao Miguel,FALSE,Macro,2025,Autumn,TRUE
Rasa Serra Devassa,Rasa Serra Devassa,Sao Miguel,FALSE,Macro,2025,Spring,TRUE
Rasa Serra Devassa,Rasa Serra Devassa,Sao Miguel,FALSE,Macro,2025,Summer,TRUE
Rasa Serra Devassa,Rasa Serra Devassa,Sao Miguel,FALSE,Macro,2025,Winter,TRUE
Rasa Serra Devassa,Rasa Serra Devassa,Sao Miguel,FALSE,Phyto,2003,Autumn,FALSE
Rasa Serra Devassa,Rasa Serra Devassa,Sao Miguel,FALSE,Phyto,2003,Spring,FALSE
Rasa Serra Devassa,Rasa Serra Devassa,Sao Miguel,FALSE,Phyto,2003,Summer,FALSE
Rasa Serra Devassa,Rasa Serra Devassa,Sao Miguel,FALSE,Phyto,2003,Winter,FALSE
Rasa Serra Devassa,Rasa Serra Devassa,Sao Miguel,FALSE,Phyto,2004,Autumn,FALSE
Rasa Serra Devassa,Rasa Serra Devassa,Sao Miguel,FALSE,Phyto,2004,Spring,FALSE
Rasa Serra Devassa,Rasa Serra Devassa,Sao Miguel,FALSE,Phyto,2004,Summer,FALSE
Rasa Serra Devassa,Rasa Serra Devassa,Sao Miguel,FALSE,Phyto,2004,Winter,FALSE
Rasa Serra Devassa,Rasa Serra Devassa,Sao Miguel,FALSE,Phyto,2005,Autumn,FALSE
Rasa Serra Devassa,Rasa Serra Devassa,Sao Miguel,FALSE,Phyto,2005,Spring,FALSE
Rasa Serra Devassa,Rasa Serra Devassa,Sao Miguel,FALSE,Phyto,2005,Summer,FALSE
Rasa Serra Devassa,Rasa Serra Devassa,Sao Miguel,FALSE,Phyto,2005,Winter,FALSE
Rasa Serra Devassa,Rasa Serra Devassa,Sao Miguel,FALSE,Phyto,2006,Autumn,FALSE
Rasa Serra Devassa,Rasa Serra Devassa,Sao Miguel,FALSE,Phyto,2006,Spring,FALSE
Rasa Serra Devassa,Rasa Serra Devassa,Sao Miguel,FALSE,Phyto,2006,Summer,FALSE
Rasa Serra Devassa,Rasa Serra Devassa,Sao Miguel,FALSE,Phyto,2006,Winter,FALSE
Rasa Serra Devassa,Rasa Serra Devassa,Sao Miguel,FALSE,Phyto,2007,Autumn,FALSE
Rasa Serra Devassa,Rasa Serra Devassa,Sao Miguel,FALSE,Phyto,2007,Spring,FALSE
Rasa Serra Devassa,Rasa Serra Devassa,Sao Miguel,FALSE,Phyto,2007,Summer,FALSE
Rasa Serra Devassa,Rasa Serra Devassa,Sao Miguel,FALSE,Phyto,2007,Winter,FALSE
Rasa Serra Devassa,Rasa Serra Devassa,Sao Miguel,FALSE,Phyto,2008,Autumn,TRUE
Rasa Serra Devassa,Rasa Serra Devassa,Sao Miguel,FALSE,Phyto,2008,Spring,TRUE
Rasa Serra Devassa,Rasa Serra Devassa,Sao Miguel,FALSE,Phyto,2008,Summer,FALSE
Rasa Serra Devassa,Rasa Serra Devassa,Sao Miguel,FALSE,Phyto,2008,Winter,FALSE
Rasa Serra Devassa,Rasa Serra Devassa,Sao Miguel,FALSE,Phyto,2009,Autumn,FALSE
Rasa Serra Devassa,Rasa Serra Devassa,Sao Miguel,FALSE,Phyto,2009,Spring,FALSE
Rasa Serra Devassa,Rasa Serra Devassa,Sao Miguel,FALSE,Phyto,2009,Summer,TRUE
Rasa Serra Devassa,Rasa Serra Devassa,Sao Miguel,FALSE,Phyto,2009,Winter,TRUE
Rasa Serra Devassa,Rasa Serra Devassa,Sao Miguel,FALSE,Phyto,2010,Autumn,FALSE
Rasa Serra Devassa,Rasa Serra Devassa,Sao Miguel,FALSE,Phyto,2010,Spring,FALSE
Rasa Serra Devassa,Rasa Serra Devassa,Sao Miguel,FALSE,Phyto,2010,Summer,TRUE
Rasa Serra Devassa,Rasa Serra Devassa,Sao Miguel,FALSE,Phyto,2010,Winter,TRUE
Rasa Serra Devassa,Rasa Serra Devassa,Sao Miguel,FALSE,Phyto,2011,Autumn,TRUE
Rasa Serra Devassa,Rasa Serra Devassa,Sao Miguel,FALSE,Phyto,2011,Spring,TRUE
Rasa Serra Devassa,Rasa Serra Devassa,Sao Miguel,FALSE,Phyto,2011,Summer,TRUE
Rasa Serra Devassa,Rasa Serra Devassa,Sao Miguel,FALSE,Phyto,2011,Winter,TRUE
Rasa Serra Devassa,Rasa Serra Devassa,Sao Miguel,FALSE,Phyto,2012,Autumn,TRUE
Rasa Serra Devassa,Rasa Serra Devassa,Sao Miguel,FALSE,Phyto,2012,Spring,TRUE
Rasa Serra Devassa,Rasa Serra Devassa,Sao Miguel,FALSE,Phyto,2012,Summer,TRUE
Rasa Serra Devassa,Rasa Serra Devassa,Sao Miguel,FALSE,Phyto,2012,Winter,TRUE
Rasa Serra Devassa,Rasa Serra Devassa,Sao Miguel,FALSE,Phyto,2013,Autumn,FALSE
Rasa Serra Devassa,Rasa Serra Devassa,Sao Miguel,FALSE,Phyto,2013,Spring,FALSE
Rasa Serra Devassa,Rasa Serra Devassa,Sao Miguel,FALSE,Phyto,2013,Summer,FALSE
Rasa Serra Devassa,Rasa Serra Devassa,Sao Miguel,FALSE,Phyto,2013,Winter,FALSE
Rasa Serra Devassa,Rasa Serra Devassa,Sao Miguel,FALSE,Phyto,2014,Autumn,FALSE
Rasa Serra Devassa,Rasa Serra Devassa,Sao Miguel,FALSE,Phyto,2014,Spring,FALSE
Rasa Serra Devassa,Rasa Serra Devassa,Sao Miguel,FALSE,Phyto,2014,Summer,FALSE
Rasa Serra Devassa,Rasa Serra Devassa,Sao Miguel,FALSE,Phyto,2014,Winter,FALSE
Rasa Serra Devassa,Rasa Serra Devassa,Sao Miguel,FALSE,Phyto,2015,Autumn,FALSE
Rasa Serra Devassa,Rasa Serra Devassa,Sao Miguel,FALSE,Phyto,2015,Spring,FALSE
Rasa Serra Devassa,Rasa Serra Devassa,Sao Miguel,FALSE,Phyto,2015,Summer,FALSE
Rasa Serra Devassa,Rasa Serra Devassa,Sao Miguel,FALSE,Phyto,2015,Winter,FALSE
Rasa Serra Devassa,Rasa Serra Devassa,Sao Miguel,FALSE,Phyto,2016,Autumn,FALSE
Rasa Serra Devassa,Rasa Serra Devassa,Sao Miguel,FALSE,Phyto,2016,Spring,FALSE
Rasa Serra Devassa,Rasa Serra Devassa,Sao Miguel,FALSE,Phyto,2016,Summer,FALSE
Rasa Serra Devassa,Rasa Serra Devassa,Sao Miguel,FALSE,Phyto,2016,Winter,FALSE
Rasa Serra Devassa,Rasa Serra Devassa,Sao Miguel,FALSE,Phyto,2017,Autumn,FALSE
Rasa Serra Devassa,Rasa Serra Devassa,Sao Miguel,FALSE,Phyto,2017,Spring,FALSE
Rasa Serra Devassa,Rasa Serra Devassa,Sao Miguel,FALSE,Phyto,2017,Summer,FALSE
Rasa Serra Devassa,Rasa Serra Devassa,Sao Miguel,FALSE,Phyto,2017,Winter,FALSE
Rasa Serra Devassa,Rasa Serra Devassa,Sao Miguel,FALSE,Phyto,2018,Autumn,TRUE
Rasa Serra Devassa,Rasa Serra Devassa,Sao Miguel,FALSE,Phyto,2018,Spring,TRUE
Rasa Serra Devassa,Rasa Serra Devassa,Sao Miguel,FALSE,Phyto,2018,Summer,TRUE
Rasa Serra Devassa,Rasa Serra Devassa,Sao Miguel,FALSE,Phyto,2018,Winter,TRUE
Rasa Serra Devassa,Rasa Serra Devassa,Sao Miguel,FALSE,Phyto,2019,Autumn,FALSE
Rasa Serra Devassa,Rasa Serra Devassa,Sao Miguel,FALSE,Phyto,2019,Spring,FALSE
Rasa Serra Devassa,Rasa Serra Devassa,Sao Miguel,FALSE,Phyto,2019,Summer,FALSE
Rasa Serra Devassa,Rasa Serra Devassa,Sao Miguel,FALSE,Phyto,2019,Winter,FALSE
Rasa Serra Devassa,Rasa Serra Devassa,Sao Miguel,FALSE,Phyto,2020,Autumn,FALSE
Rasa Serra Devassa,Rasa Serra Devassa,Sao Miguel,FALSE,Phyto,2020,Spring,FALSE
Rasa Serra Devassa,Rasa Serra Devassa,Sao Miguel,FALSE,Phyto,2020,Summer,FALSE
Rasa Serra Devassa,Rasa Serra Devassa,Sao Miguel,FALSE,Phyto,2020,Winter,FALSE
Rasa Serra Devassa,Rasa Serra Devassa,Sao Miguel,FALSE,Phyto,2021,Autumn,FALSE
Rasa Serra Devassa,Rasa Serra Devassa,Sao Miguel,FALSE,Phyto,2021,Spring,FALSE
Rasa Serra Devassa,Rasa Serra Devassa,Sao Miguel,FALSE,Phyto,2021,Summer,FALSE
Rasa Serra Devassa,Rasa Serra Devassa,Sao Miguel,FALSE,Phyto,2021,Winter,FALSE
Rasa Serra Devassa,Rasa Serra Devassa,Sao Miguel,FALSE,Phyto,2022,Autumn,FALSE
Rasa Serra Devassa,Rasa Serra Devassa,Sao Miguel,FALSE,Phyto,2022,Spring,FALSE
Rasa Serra Devassa,Rasa Serra Devassa,Sao Miguel,FALSE,Phyto,2022,Summer,FALSE
Rasa Serra Devassa,Rasa Serra Devassa,Sao Miguel,FALSE,Phyto,2022,Winter,FALSE
Rasa Serra Devassa,Rasa Serra Devassa,Sao Miguel,FALSE,Phyto,2023,Autumn,FALSE
Rasa Serra Devassa,Rasa Serra Devassa,Sao Miguel,FALSE,Phyto,2023,Spring,FALSE
Rasa Serra Devassa,Rasa Serra Devassa,Sao Miguel,FALSE,Phyto,2023,Summer,FALSE
Rasa Serra Devassa,Rasa Serra Devassa,Sao Miguel,FALSE,Phyto,2023,Winter,FALSE
Rasa Serra Devassa,Rasa Serra Devassa,Sao Miguel,FALSE,Phyto,2024,Autumn,TRUE
Rasa Serra Devassa,Rasa Serra Devassa,Sao Miguel,FALSE,Phyto,2024,Spring,TRUE
Rasa Serra Devassa,Rasa Serra Devassa,Sao Miguel,FALSE,Phyto,2024,Summer,TRUE
Rasa Serra Devassa,Rasa Serra Devassa,Sao Miguel,FALSE,Phyto,2024,Winter,TRUE
Rasa Serra Devassa,Rasa Serra Devassa,Sao Miguel,FALSE,Phyto,2025,Autumn,TRUE
Rasa Serra Devassa,Rasa Serra Devassa,Sao Miguel,FALSE,Phyto,2025,Spring,TRUE
Rasa Serra Devassa,Rasa Serra Devassa,Sao Miguel,FALSE,Phyto,2025,Summer,TRUE
Rasa Serra Devassa,Rasa Serra Devassa,Sao Miguel,FALSE,Phyto,2025,Winter,TRUE
Rasa Serra Devassa,Rasa Serra Devassa,Sao Miguel,FALSE,Zoo,2003,Autumn,FALSE
Rasa Serra Devassa,Rasa Serra Devassa,Sao Miguel,FALSE,Zoo,2003,Spring,FALSE
Rasa Serra Devassa,Rasa Serra Devassa,Sao Miguel,FALSE,Zoo,2003,Summer,FALSE
Rasa Serra Devassa,Rasa Serra Devassa,Sao Miguel,FALSE,Zoo,2003,Winter,FALSE
Rasa Serra Devassa,Rasa Serra Devassa,Sao Miguel,FALSE,Zoo,2004,Autumn,FALSE
Rasa Serra Devassa,Rasa Serra Devassa,Sao Miguel,FALSE,Zoo,2004,Spring,FALSE
Rasa Serra Devassa,Rasa Serra Devassa,Sao Miguel,FALSE,Zoo,2004,Summer,FALSE
Rasa Serra Devassa,Rasa Serra Devassa,Sao Miguel,FALSE,Zoo,2004,Winter,FALSE
Rasa Serra Devassa,Rasa Serra Devassa,Sao Miguel,FALSE,Zoo,2005,Autumn,FALSE
Rasa Serra Devassa,Rasa Serra Devassa,Sao Miguel,FALSE,Zoo,2005,Spring,FALSE
Rasa Serra Devassa,Rasa Serra Devassa,Sao Miguel,FALSE,Zoo,2005,Summer,FALSE
Rasa Serra Devassa,Rasa Serra Devassa,Sao Miguel,FALSE,Zoo,2005,Winter,FALSE
Rasa Serra Devassa,Rasa Serra Devassa,Sao Miguel,FALSE,Zoo,2006,Autumn,FALSE
Rasa Serra Devassa,Rasa Serra Devassa,Sao Miguel,FALSE,Zoo,2006,Spring,FALSE
Rasa Serra Devassa,Rasa Serra Devassa,Sao Miguel,FALSE,Zoo,2006,Summer,FALSE
Rasa Serra Devassa,Rasa Serra Devassa,Sao Miguel,FALSE,Zoo,2006,Winter,FALSE
Rasa Serra Devassa,Rasa Serra Devassa,Sao Miguel,FALSE,Zoo,2007,Autumn,FALSE
Rasa Serra Devassa,Rasa Serra Devassa,Sao Miguel,FALSE,Zoo,2007,Spring,FALSE
Rasa Serra Devassa,Rasa Serra Devassa,Sao Miguel,FALSE,Zoo,2007,Summer,FALSE
Rasa Serra Devassa,Rasa Serra Devassa,Sao Miguel,FALSE,Zoo,2007,Winter,FALSE
Rasa Serra Devassa,Rasa Serra Devassa,Sao Miguel,FALSE,Zoo,2008,Autumn,FALSE
Rasa Serra Devassa,Rasa Serra Devassa,Sao Miguel,FALSE,Zoo,2008,Spring,FALSE
Rasa Serra Devassa,Rasa Serra Devassa,Sao Miguel,FALSE,Zoo,2008,Summer,FALSE
Rasa Serra Devassa,Rasa Serra Devassa,Sao Miguel,FALSE,Zoo,2008,Winter,FALSE
Rasa Serra Devassa,Rasa Serra Devassa,Sao Miguel,FALSE,Zoo,2009,Autumn,FALSE
Rasa Serra Devassa,Rasa Serra Devassa,Sao Miguel,FALSE,Zoo,2009,Spring,FALSE
Rasa Serra Devassa,Rasa Serra Devassa,Sao Miguel,FALSE,Zoo,2009,Summer,FALSE
Rasa Serra Devassa,Rasa Serra Devassa,Sao Miguel,FALSE,Zoo,2009,Winter,FALSE
Rasa Serra Devassa,Rasa Serra Devassa,Sao Miguel,FALSE,Zoo,2010,Autumn,FALSE
Rasa Serra Devassa,Rasa Serra Devassa,Sao Miguel,FALSE,Zoo,2010,Spring,FALSE
Rasa Serra Devassa,Rasa Serra Devassa,Sao Miguel,FALSE,Zoo,2010,Summer,FALSE
Rasa Serra Devassa,Rasa Serra Devassa,Sao Miguel,FALSE,Zoo,2010,Winter,FALSE
Rasa Serra Devassa,Rasa Serra Devassa,Sao Miguel,FALSE,Zoo,2011,Autumn,FALSE
Rasa Serra Devassa,Rasa Serra Devassa,Sao Miguel,FALSE,Zoo,2011,Spring,FALSE
Rasa Serra Devassa,Rasa Serra Devassa,Sao Miguel,FALSE,Zoo,2011,Summer,FALSE
Rasa Serra Devassa,Rasa Serra Devassa,Sao Miguel,FALSE,Zoo,2011,Winter,FALSE
Rasa Serra Devassa,Rasa Serra Devassa,Sao Miguel,FALSE,Zoo,2012,Autumn,FALSE
Rasa Serra Devassa,Rasa Serra Devassa,Sao Miguel,FALSE,Zoo,2012,Spring,FALSE
Rasa Serra Devassa,Rasa Serra Devassa,Sao Miguel,FALSE,Zoo,2012,Summer,FALSE
Rasa Serra Devassa,Rasa Serra Devassa,Sao Miguel,FALSE,Zoo,2012,Winter,FALSE
Rasa Serra Devassa,Rasa Serra Devassa,Sao Miguel,FALSE,Zoo,2013,Autumn,FALSE
Rasa Serra Devassa,Rasa Serra Devassa,Sao Miguel,FALSE,Zoo,2013,Spring,FALSE
Rasa Serra Devassa,Rasa Serra Devassa,Sao Miguel,FALSE,Zoo,2013,Summer,FALSE
Rasa Serra Devassa,Rasa Serra Devassa,Sao Miguel,FALSE,Zoo,2013,Winter,FALSE
Rasa Serra Devassa,Rasa Serra Devassa,Sao Miguel,FALSE,Zoo,2014,Autumn,FALSE
Rasa Serra Devassa,Rasa Serra Devassa,Sao Miguel,FALSE,Zoo,2014,Spring,FALSE
Rasa Serra Devassa,Rasa Serra Devassa,Sao Miguel,FALSE,Zoo,2014,Summer,FALSE
Rasa Serra Devassa,Rasa Serra Devassa,Sao Miguel,FALSE,Zoo,2014,Winter,FALSE
Rasa Serra Devassa,Rasa Serra Devassa,Sao Miguel,FALSE,Zoo,2015,Autumn,FALSE
Rasa Serra Devassa,Rasa Serra Devassa,Sao Miguel,FALSE,Zoo,2015,Spring,FALSE
Rasa Serra Devassa,Rasa Serra Devassa,Sao Miguel,FALSE,Zoo,2015,Summer,FALSE
Rasa Serra Devassa,Rasa Serra Devassa,Sao Miguel,FALSE,Zoo,2015,Winter,FALSE
Rasa Serra Devassa,Rasa Serra Devassa,Sao Miguel,FALSE,Zoo,2016,Autumn,FALSE
Rasa Serra Devassa,Rasa Serra Devassa,Sao Miguel,FALSE,Zoo,2016,Spring,FALSE
Rasa Serra Devassa,Rasa Serra Devassa,Sao Miguel,FALSE,Zoo,2016,Summer,FALSE
Rasa Serra Devassa,Rasa Serra Devassa,Sao Miguel,FALSE,Zoo,2016,Winter,FALSE
Rasa Serra Devassa,Rasa Serra Devassa,Sao Miguel,FALSE,Zoo,2017,Autumn,FALSE
Rasa Serra Devassa,Rasa Serra Devassa,Sao Miguel,FALSE,Zoo,2017,Spring,FALSE
Rasa Serra Devassa,Rasa Serra Devassa,Sao Miguel,FALSE,Zoo,2017,Summer,FALSE
Rasa Serra Devassa,Rasa Serra Devassa,Sao Miguel,FALSE,Zoo,2017,Winter,FALSE
Rasa Serra Devassa,Rasa Serra Devassa,Sao Miguel,FALSE,Zoo,2018,Autumn,FALSE
Rasa Serra Devassa,Rasa Serra Devassa,Sao Miguel,FALSE,Zoo,2018,Spring,FALSE
Rasa Serra Devassa,Rasa Serra Devassa,Sao Miguel,FALSE,Zoo,2018,Summer,FALSE
Rasa Serra Devassa,Rasa Serra Devassa,Sao Miguel,FALSE,Zoo,2018,Winter,FALSE
Rasa Serra Devassa,Rasa Serra Devassa,Sao Miguel,FALSE,Zoo,2019,Autumn,FALSE
Rasa Serra Devassa,Rasa Serra Devassa,Sao Miguel,FALSE,Zoo,2019,Spring,FALSE
Rasa Serra Devassa,Rasa Serra Devassa,Sao Miguel,FALSE,Zoo,2019,Summer,FALSE
Rasa Serra Devassa,Rasa Serra Devassa,Sao Miguel,FALSE,Zoo,2019,Winter,FALSE
Rasa Serra Devassa,Rasa Serra Devassa,Sao Miguel,FALSE,Zoo,2020,Autumn,FALSE
Rasa Serra Devassa,Rasa Serra Devassa,Sao Miguel,FALSE,Zoo,2020,Spring,FALSE
Rasa Serra Devassa,Rasa Serra Devassa,Sao Miguel,FALSE,Zoo,2020,Summer,FALSE
Rasa Serra Devassa,Rasa Serra Devassa,Sao Miguel,FALSE,Zoo,2020,Winter,FALSE
Rasa Serra Devassa,Rasa Serra Devassa,Sao Miguel,FALSE,Zoo,2021,Autumn,FALSE
Rasa Serra Devassa,Rasa Serra Devassa,Sao Miguel,FALSE,Zoo,2021,Spring,FALSE
Rasa Serra Devassa,Rasa Serra Devassa,Sao Miguel,FALSE,Zoo,2021,Summer,FALSE
Rasa Serra Devassa,Rasa Serra Devassa,Sao Miguel,FALSE,Zoo,2021,Winter,FALSE
Rasa Serra Devassa,Rasa Serra Devassa,Sao Miguel,FALSE,Zoo,2022,Autumn,FALSE
Rasa Serra Devassa,Rasa Serra Devassa,Sao Miguel,FALSE,Zoo,2022,Spring,FALSE
Rasa Serra Devassa,Rasa Serra Devassa,Sao Miguel,FALSE,Zoo,2022,Summer,FALSE
Rasa Serra Devassa,Rasa Serra Devassa,Sao Miguel,FALSE,Zoo,2022,Winter,FALSE
Rasa Serra Devassa,Rasa Serra Devassa,Sao Miguel,FALSE,Zoo,2023,Autumn,FALSE
Rasa Serra Devassa,Rasa Serra Devassa,Sao Miguel,FALSE,Zoo,2023,Spring,FALSE
Rasa Serra Devassa,Rasa Serra Devassa,Sao Miguel,FALSE,Zoo,2023,Summer,FALSE
Rasa Serra Devassa,Rasa Serra Devassa,Sao Miguel,FALSE,Zoo,2023,Winter,FALSE
Rasa Serra Devassa,Rasa Serra Devassa,Sao Miguel,FALSE,Zoo,2024,Autumn,FALSE
Rasa Serra Devassa,Rasa Serra Devassa,Sao Miguel,FALSE,Zoo,2024,Spring,FALSE
Rasa Serra Devassa,Rasa Serra Devassa,Sao Miguel,FALSE,Zoo,2024,Summer,FALSE
Rasa Serra Devassa,Rasa Serra Devassa,Sao Miguel,FALSE,Zoo,2024,Winter,FALSE
Rasa Serra Devassa,Rasa Serra Devassa,Sao Miguel,FALSE,Zoo,2025,Autumn,FALSE
Rasa Serra Devassa,Rasa Serra Devassa,Sao Miguel,FALSE,Zoo,2025,Spring,TRUE
Rasa Serra Devassa,Rasa Serra Devassa,Sao Miguel,FALSE,Zoo,2025,Summer,FALSE
Rasa Serra Devassa,Rasa Serra Devassa,Sao Miguel,FALSE,Zoo,2025,Winter,FALSE
Rasa Sete Cidades,Rasa Sete Cidades,Sao Miguel,TRUE,Diatom,2003,Autumn,FALSE
Rasa Sete Cidades,Rasa Sete Cidades,Sao Miguel,TRUE,Diatom,2003,Spring,FALSE
Rasa Sete Cidades,Rasa Sete Cidades,Sao Miguel,TRUE,Diatom,2003,Summer,FALSE
Rasa Sete Cidades,Rasa Sete Cidades,Sao Miguel,TRUE,Diatom,2003,Winter,FALSE
Rasa Sete Cidades,Rasa Sete Cidades,Sao Miguel,TRUE,Diatom,2004,Autumn,FALSE
Rasa Sete Cidades,Rasa Sete Cidades,Sao Miguel,TRUE,Diatom,2004,Spring,FALSE
Rasa Sete Cidades,Rasa Sete Cidades,Sao Miguel,TRUE,Diatom,2004,Summer,FALSE
Rasa Sete Cidades,Rasa Sete Cidades,Sao Miguel,TRUE,Diatom,2004,Winter,FALSE
Rasa Sete Cidades,Rasa Sete Cidades,Sao Miguel,TRUE,Diatom,2005,Autumn,FALSE
Rasa Sete Cidades,Rasa Sete Cidades,Sao Miguel,TRUE,Diatom,2005,Spring,FALSE
Rasa Sete Cidades,Rasa Sete Cidades,Sao Miguel,TRUE,Diatom,2005,Summer,FALSE
Rasa Sete Cidades,Rasa Sete Cidades,Sao Miguel,TRUE,Diatom,2005,Winter,FALSE
Rasa Sete Cidades,Rasa Sete Cidades,Sao Miguel,TRUE,Diatom,2006,Autumn,FALSE
Rasa Sete Cidades,Rasa Sete Cidades,Sao Miguel,TRUE,Diatom,2006,Spring,FALSE
Rasa Sete Cidades,Rasa Sete Cidades,Sao Miguel,TRUE,Diatom,2006,Summer,FALSE
Rasa Sete Cidades,Rasa Sete Cidades,Sao Miguel,TRUE,Diatom,2006,Winter,FALSE
Rasa Sete Cidades,Rasa Sete Cidades,Sao Miguel,TRUE,Diatom,2007,Autumn,FALSE
Rasa Sete Cidades,Rasa Sete Cidades,Sao Miguel,TRUE,Diatom,2007,Spring,FALSE
Rasa Sete Cidades,Rasa Sete Cidades,Sao Miguel,TRUE,Diatom,2007,Summer,FALSE
Rasa Sete Cidades,Rasa Sete Cidades,Sao Miguel,TRUE,Diatom,2007,Winter,FALSE
Rasa Sete Cidades,Rasa Sete Cidades,Sao Miguel,TRUE,Diatom,2008,Autumn,TRUE
Rasa Sete Cidades,Rasa Sete Cidades,Sao Miguel,TRUE,Diatom,2008,Spring,TRUE
Rasa Sete Cidades,Rasa Sete Cidades,Sao Miguel,TRUE,Diatom,2008,Summer,FALSE
Rasa Sete Cidades,Rasa Sete Cidades,Sao Miguel,TRUE,Diatom,2008,Winter,FALSE
Rasa Sete Cidades,Rasa Sete Cidades,Sao Miguel,TRUE,Diatom,2009,Autumn,TRUE
Rasa Sete Cidades,Rasa Sete Cidades,Sao Miguel,TRUE,Diatom,2009,Spring,FALSE
Rasa Sete Cidades,Rasa Sete Cidades,Sao Miguel,TRUE,Diatom,2009,Summer,FALSE
Rasa Sete Cidades,Rasa Sete Cidades,Sao Miguel,TRUE,Diatom,2009,Winter,TRUE
Rasa Sete Cidades,Rasa Sete Cidades,Sao Miguel,TRUE,Diatom,2010,Autumn,FALSE
Rasa Sete Cidades,Rasa Sete Cidades,Sao Miguel,TRUE,Diatom,2010,Spring,FALSE
Rasa Sete Cidades,Rasa Sete Cidades,Sao Miguel,TRUE,Diatom,2010,Summer,TRUE
Rasa Sete Cidades,Rasa Sete Cidades,Sao Miguel,TRUE,Diatom,2010,Winter,TRUE
Rasa Sete Cidades,Rasa Sete Cidades,Sao Miguel,TRUE,Diatom,2011,Autumn,TRUE
Rasa Sete Cidades,Rasa Sete Cidades,Sao Miguel,TRUE,Diatom,2011,Spring,TRUE
Rasa Sete Cidades,Rasa Sete Cidades,Sao Miguel,TRUE,Diatom,2011,Summer,TRUE
Rasa Sete Cidades,Rasa Sete Cidades,Sao Miguel,TRUE,Diatom,2011,Winter,TRUE
Rasa Sete Cidades,Rasa Sete Cidades,Sao Miguel,TRUE,Diatom,2012,Autumn,TRUE
Rasa Sete Cidades,Rasa Sete Cidades,Sao Miguel,TRUE,Diatom,2012,Spring,TRUE
Rasa Sete Cidades,Rasa Sete Cidades,Sao Miguel,TRUE,Diatom,2012,Summer,TRUE
Rasa Sete Cidades,Rasa Sete Cidades,Sao Miguel,TRUE,Diatom,2012,Winter,TRUE
Rasa Sete Cidades,Rasa Sete Cidades,Sao Miguel,TRUE,Diatom,2013,Autumn,FALSE
Rasa Sete Cidades,Rasa Sete Cidades,Sao Miguel,TRUE,Diatom,2013,Spring,FALSE
Rasa Sete Cidades,Rasa Sete Cidades,Sao Miguel,TRUE,Diatom,2013,Summer,FALSE
Rasa Sete Cidades,Rasa Sete Cidades,Sao Miguel,TRUE,Diatom,2013,Winter,FALSE
Rasa Sete Cidades,Rasa Sete Cidades,Sao Miguel,TRUE,Diatom,2014,Autumn,FALSE
Rasa Sete Cidades,Rasa Sete Cidades,Sao Miguel,TRUE,Diatom,2014,Spring,FALSE
Rasa Sete Cidades,Rasa Sete Cidades,Sao Miguel,TRUE,Diatom,2014,Summer,FALSE
Rasa Sete Cidades,Rasa Sete Cidades,Sao Miguel,TRUE,Diatom,2014,Winter,FALSE
Rasa Sete Cidades,Rasa Sete Cidades,Sao Miguel,TRUE,Diatom,2015,Autumn,TRUE
Rasa Sete Cidades,Rasa Sete Cidades,Sao Miguel,TRUE,Diatom,2015,Spring,FALSE
Rasa Sete Cidades,Rasa Sete Cidades,Sao Miguel,TRUE,Diatom,2015,Summer,FALSE
Rasa Sete Cidades,Rasa Sete Cidades,Sao Miguel,TRUE,Diatom,2015,Winter,FALSE
Rasa Sete Cidades,Rasa Sete Cidades,Sao Miguel,TRUE,Diatom,2016,Autumn,TRUE
Rasa Sete Cidades,Rasa Sete Cidades,Sao Miguel,TRUE,Diatom,2016,Spring,TRUE
Rasa Sete Cidades,Rasa Sete Cidades,Sao Miguel,TRUE,Diatom,2016,Summer,TRUE
Rasa Sete Cidades,Rasa Sete Cidades,Sao Miguel,TRUE,Diatom,2016,Winter,TRUE
Rasa Sete Cidades,Rasa Sete Cidades,Sao Miguel,TRUE,Diatom,2017,Autumn,TRUE
Rasa Sete Cidades,Rasa Sete Cidades,Sao Miguel,TRUE,Diatom,2017,Spring,FALSE
Rasa Sete Cidades,Rasa Sete Cidades,Sao Miguel,TRUE,Diatom,2017,Summer,FALSE
Rasa Sete Cidades,Rasa Sete Cidades,Sao Miguel,TRUE,Diatom,2017,Winter,FALSE
Rasa Sete Cidades,Rasa Sete Cidades,Sao Miguel,TRUE,Diatom,2018,Autumn,FALSE
Rasa Sete Cidades,Rasa Sete Cidades,Sao Miguel,TRUE,Diatom,2018,Spring,TRUE
Rasa Sete Cidades,Rasa Sete Cidades,Sao Miguel,TRUE,Diatom,2018,Summer,TRUE
Rasa Sete Cidades,Rasa Sete Cidades,Sao Miguel,TRUE,Diatom,2018,Winter,TRUE
Rasa Sete Cidades,Rasa Sete Cidades,Sao Miguel,TRUE,Diatom,2019,Autumn,FALSE
Rasa Sete Cidades,Rasa Sete Cidades,Sao Miguel,TRUE,Diatom,2019,Spring,FALSE
Rasa Sete Cidades,Rasa Sete Cidades,Sao Miguel,TRUE,Diatom,2019,Summer,FALSE
Rasa Sete Cidades,Rasa Sete Cidades,Sao Miguel,TRUE,Diatom,2019,Winter,FALSE
Rasa Sete Cidades,Rasa Sete Cidades,Sao Miguel,TRUE,Diatom,2020,Autumn,FALSE
Rasa Sete Cidades,Rasa Sete Cidades,Sao Miguel,TRUE,Diatom,2020,Spring,FALSE
Rasa Sete Cidades,Rasa Sete Cidades,Sao Miguel,TRUE,Diatom,2020,Summer,FALSE
Rasa Sete Cidades,Rasa Sete Cidades,Sao Miguel,TRUE,Diatom,2020,Winter,FALSE
Rasa Sete Cidades,Rasa Sete Cidades,Sao Miguel,TRUE,Diatom,2021,Autumn,FALSE
Rasa Sete Cidades,Rasa Sete Cidades,Sao Miguel,TRUE,Diatom,2021,Spring,FALSE
Rasa Sete Cidades,Rasa Sete Cidades,Sao Miguel,TRUE,Diatom,2021,Summer,FALSE
Rasa Sete Cidades,Rasa Sete Cidades,Sao Miguel,TRUE,Diatom,2021,Winter,FALSE
Rasa Sete Cidades,Rasa Sete Cidades,Sao Miguel,TRUE,Diatom,2022,Autumn,FALSE
Rasa Sete Cidades,Rasa Sete Cidades,Sao Miguel,TRUE,Diatom,2022,Spring,FALSE
Rasa Sete Cidades,Rasa Sete Cidades,Sao Miguel,TRUE,Diatom,2022,Summer,FALSE
Rasa Sete Cidades,Rasa Sete Cidades,Sao Miguel,TRUE,Diatom,2022,Winter,FALSE
Rasa Sete Cidades,Rasa Sete Cidades,Sao Miguel,TRUE,Diatom,2023,Autumn,FALSE
Rasa Sete Cidades,Rasa Sete Cidades,Sao Miguel,TRUE,Diatom,2023,Spring,FALSE
Rasa Sete Cidades,Rasa Sete Cidades,Sao Miguel,TRUE,Diatom,2023,Summer,FALSE
Rasa Sete Cidades,Rasa Sete Cidades,Sao Miguel,TRUE,Diatom,2023,Winter,FALSE
Rasa Sete Cidades,Rasa Sete Cidades,Sao Miguel,TRUE,Diatom,2024,Autumn,TRUE
Rasa Sete Cidades,Rasa Sete Cidades,Sao Miguel,TRUE,Diatom,2024,Spring,TRUE
Rasa Sete Cidades,Rasa Sete Cidades,Sao Miguel,TRUE,Diatom,2024,Summer,TRUE
Rasa Sete Cidades,Rasa Sete Cidades,Sao Miguel,TRUE,Diatom,2024,Winter,TRUE
Rasa Sete Cidades,Rasa Sete Cidades,Sao Miguel,TRUE,Diatom,2025,Autumn,TRUE
Rasa Sete Cidades,Rasa Sete Cidades,Sao Miguel,TRUE,Diatom,2025,Spring,TRUE
Rasa Sete Cidades,Rasa Sete Cidades,Sao Miguel,TRUE,Diatom,2025,Summer,TRUE
Rasa Sete Cidades,Rasa Sete Cidades,Sao Miguel,TRUE,Diatom,2025,Winter,TRUE
Rasa Sete Cidades,Rasa Sete Cidades,Sao Miguel,TRUE,Env,2003,Autumn,FALSE
Rasa Sete Cidades,Rasa Sete Cidades,Sao Miguel,TRUE,Env,2003,Spring,FALSE
Rasa Sete Cidades,Rasa Sete Cidades,Sao Miguel,TRUE,Env,2003,Summer,FALSE
Rasa Sete Cidades,Rasa Sete Cidades,Sao Miguel,TRUE,Env,2003,Winter,FALSE
Rasa Sete Cidades,Rasa Sete Cidades,Sao Miguel,TRUE,Env,2004,Autumn,FALSE
Rasa Sete Cidades,Rasa Sete Cidades,Sao Miguel,TRUE,Env,2004,Spring,FALSE
Rasa Sete Cidades,Rasa Sete Cidades,Sao Miguel,TRUE,Env,2004,Summer,FALSE
Rasa Sete Cidades,Rasa Sete Cidades,Sao Miguel,TRUE,Env,2004,Winter,FALSE
Rasa Sete Cidades,Rasa Sete Cidades,Sao Miguel,TRUE,Env,2005,Autumn,FALSE
Rasa Sete Cidades,Rasa Sete Cidades,Sao Miguel,TRUE,Env,2005,Spring,FALSE
Rasa Sete Cidades,Rasa Sete Cidades,Sao Miguel,TRUE,Env,2005,Summer,FALSE
Rasa Sete Cidades,Rasa Sete Cidades,Sao Miguel,TRUE,Env,2005,Winter,FALSE
Rasa Sete Cidades,Rasa Sete Cidades,Sao Miguel,TRUE,Env,2006,Autumn,FALSE
Rasa Sete Cidades,Rasa Sete Cidades,Sao Miguel,TRUE,Env,2006,Spring,FALSE
Rasa Sete Cidades,Rasa Sete Cidades,Sao Miguel,TRUE,Env,2006,Summer,FALSE
Rasa Sete Cidades,Rasa Sete Cidades,Sao Miguel,TRUE,Env,2006,Winter,FALSE
Rasa Sete Cidades,Rasa Sete Cidades,Sao Miguel,TRUE,Env,2007,Autumn,FALSE
Rasa Sete Cidades,Rasa Sete Cidades,Sao Miguel,TRUE,Env,2007,Spring,FALSE
Rasa Sete Cidades,Rasa Sete Cidades,Sao Miguel,TRUE,Env,2007,Summer,FALSE
Rasa Sete Cidades,Rasa Sete Cidades,Sao Miguel,TRUE,Env,2007,Winter,FALSE
Rasa Sete Cidades,Rasa Sete Cidades,Sao Miguel,TRUE,Env,2008,Autumn,TRUE
Rasa Sete Cidades,Rasa Sete Cidades,Sao Miguel,TRUE,Env,2008,Spring,TRUE
Rasa Sete Cidades,Rasa Sete Cidades,Sao Miguel,TRUE,Env,2008,Summer,TRUE
Rasa Sete Cidades,Rasa Sete Cidades,Sao Miguel,TRUE,Env,2008,Winter,TRUE
Rasa Sete Cidades,Rasa Sete Cidades,Sao Miguel,TRUE,Env,2009,Autumn,FALSE
Rasa Sete Cidades,Rasa Sete Cidades,Sao Miguel,TRUE,Env,2009,Spring,FALSE
Rasa Sete Cidades,Rasa Sete Cidades,Sao Miguel,TRUE,Env,2009,Summer,FALSE
Rasa Sete Cidades,Rasa Sete Cidades,Sao Miguel,TRUE,Env,2009,Winter,FALSE
Rasa Sete Cidades,Rasa Sete Cidades,Sao Miguel,TRUE,Env,2010,Autumn,TRUE
Rasa Sete Cidades,Rasa Sete Cidades,Sao Miguel,TRUE,Env,2010,Spring,TRUE
Rasa Sete Cidades,Rasa Sete Cidades,Sao Miguel,TRUE,Env,2010,Summer,TRUE
Rasa Sete Cidades,Rasa Sete Cidades,Sao Miguel,TRUE,Env,2010,Winter,TRUE
Rasa Sete Cidades,Rasa Sete Cidades,Sao Miguel,TRUE,Env,2011,Autumn,TRUE
Rasa Sete Cidades,Rasa Sete Cidades,Sao Miguel,TRUE,Env,2011,Spring,TRUE
Rasa Sete Cidades,Rasa Sete Cidades,Sao Miguel,TRUE,Env,2011,Summer,TRUE
Rasa Sete Cidades,Rasa Sete Cidades,Sao Miguel,TRUE,Env,2011,Winter,TRUE
Rasa Sete Cidades,Rasa Sete Cidades,Sao Miguel,TRUE,Env,2012,Autumn,TRUE
Rasa Sete Cidades,Rasa Sete Cidades,Sao Miguel,TRUE,Env,2012,Spring,TRUE
Rasa Sete Cidades,Rasa Sete Cidades,Sao Miguel,TRUE,Env,2012,Summer,TRUE
Rasa Sete Cidades,Rasa Sete Cidades,Sao Miguel,TRUE,Env,2012,Winter,TRUE
Rasa Sete Cidades,Rasa Sete Cidades,Sao Miguel,TRUE,Env,2013,Autumn,FALSE
Rasa Sete Cidades,Rasa Sete Cidades,Sao Miguel,TRUE,Env,2013,Spring,FALSE
Rasa Sete Cidades,Rasa Sete Cidades,Sao Miguel,TRUE,Env,2013,Summer,FALSE
Rasa Sete Cidades,Rasa Sete Cidades,Sao Miguel,TRUE,Env,2013,Winter,FALSE
Rasa Sete Cidades,Rasa Sete Cidades,Sao Miguel,TRUE,Env,2014,Autumn,FALSE
Rasa Sete Cidades,Rasa Sete Cidades,Sao Miguel,TRUE,Env,2014,Spring,FALSE
Rasa Sete Cidades,Rasa Sete Cidades,Sao Miguel,TRUE,Env,2014,Summer,FALSE
Rasa Sete Cidades,Rasa Sete Cidades,Sao Miguel,TRUE,Env,2014,Winter,FALSE
Rasa Sete Cidades,Rasa Sete Cidades,Sao Miguel,TRUE,Env,2015,Autumn,FALSE
Rasa Sete Cidades,Rasa Sete Cidades,Sao Miguel,TRUE,Env,2015,Spring,FALSE
Rasa Sete Cidades,Rasa Sete Cidades,Sao Miguel,TRUE,Env,2015,Summer,FALSE
Rasa Sete Cidades,Rasa Sete Cidades,Sao Miguel,TRUE,Env,2015,Winter,FALSE
Rasa Sete Cidades,Rasa Sete Cidades,Sao Miguel,TRUE,Env,2016,Autumn,FALSE
Rasa Sete Cidades,Rasa Sete Cidades,Sao Miguel,TRUE,Env,2016,Spring,FALSE
Rasa Sete Cidades,Rasa Sete Cidades,Sao Miguel,TRUE,Env,2016,Summer,FALSE
Rasa Sete Cidades,Rasa Sete Cidades,Sao Miguel,TRUE,Env,2016,Winter,FALSE
Rasa Sete Cidades,Rasa Sete Cidades,Sao Miguel,TRUE,Env,2017,Autumn,FALSE
Rasa Sete Cidades,Rasa Sete Cidades,Sao Miguel,TRUE,Env,2017,Spring,FALSE
Rasa Sete Cidades,Rasa Sete Cidades,Sao Miguel,TRUE,Env,2017,Summer,FALSE
Rasa Sete Cidades,Rasa Sete Cidades,Sao Miguel,TRUE,Env,2017,Winter,FALSE
Rasa Sete Cidades,Rasa Sete Cidades,Sao Miguel,TRUE,Env,2018,Autumn,FALSE
Rasa Sete Cidades,Rasa Sete Cidades,Sao Miguel,TRUE,Env,2018,Spring,TRUE
Rasa Sete Cidades,Rasa Sete Cidades,Sao Miguel,TRUE,Env,2018,Summer,FALSE
Rasa Sete Cidades,Rasa Sete Cidades,Sao Miguel,TRUE,Env,2018,Winter,FALSE
Rasa Sete Cidades,Rasa Sete Cidades,Sao Miguel,TRUE,Env,2019,Autumn,FALSE
Rasa Sete Cidades,Rasa Sete Cidades,Sao Miguel,TRUE,Env,2019,Spring,FALSE
Rasa Sete Cidades,Rasa Sete Cidades,Sao Miguel,TRUE,Env,2019,Summer,FALSE
Rasa Sete Cidades,Rasa Sete Cidades,Sao Miguel,TRUE,Env,2019,Winter,FALSE
Rasa Sete Cidades,Rasa Sete Cidades,Sao Miguel,TRUE,Env,2020,Autumn,FALSE
Rasa Sete Cidades,Rasa Sete Cidades,Sao Miguel,TRUE,Env,2020,Spring,FALSE
Rasa Sete Cidades,Rasa Sete Cidades,Sao Miguel,TRUE,Env,2020,Summer,FALSE
Rasa Sete Cidades,Rasa Sete Cidades,Sao Miguel,TRUE,Env,2020,Winter,FALSE
Rasa Sete Cidades,Rasa Sete Cidades,Sao Miguel,TRUE,Env,2021,Autumn,FALSE
Rasa Sete Cidades,Rasa Sete Cidades,Sao Miguel,TRUE,Env,2021,Spring,FALSE
Rasa Sete Cidades,Rasa Sete Cidades,Sao Miguel,TRUE,Env,2021,Summer,FALSE
Rasa Sete Cidades,Rasa Sete Cidades,Sao Miguel,TRUE,Env,2021,Winter,FALSE
Rasa Sete Cidades,Rasa Sete Cidades,Sao Miguel,TRUE,Env,2022,Autumn,FALSE
Rasa Sete Cidades,Rasa Sete Cidades,Sao Miguel,TRUE,Env,2022,Spring,FALSE
Rasa Sete Cidades,Rasa Sete Cidades,Sao Miguel,TRUE,Env,2022,Summer,FALSE
Rasa Sete Cidades,Rasa Sete Cidades,Sao Miguel,TRUE,Env,2022,Winter,FALSE
Rasa Sete Cidades,Rasa Sete Cidades,Sao Miguel,TRUE,Env,2023,Autumn,FALSE
Rasa Sete Cidades,Rasa Sete Cidades,Sao Miguel,TRUE,Env,2023,Spring,FALSE
Rasa Sete Cidades,Rasa Sete Cidades,Sao Miguel,TRUE,Env,2023,Summer,FALSE
Rasa Sete Cidades,Rasa Sete Cidades,Sao Miguel,TRUE,Env,2023,Winter,FALSE
Rasa Sete Cidades,Rasa Sete Cidades,Sao Miguel,TRUE,Env,2024,Autumn,TRUE
Rasa Sete Cidades,Rasa Sete Cidades,Sao Miguel,TRUE,Env,2024,Spring,TRUE
Rasa Sete Cidades,Rasa Sete Cidades,Sao Miguel,TRUE,Env,2024,Summer,TRUE
Rasa Sete Cidades,Rasa Sete Cidades,Sao Miguel,TRUE,Env,2024,Winter,TRUE
Rasa Sete Cidades,Rasa Sete Cidades,Sao Miguel,TRUE,Env,2025,Autumn,TRUE
Rasa Sete Cidades,Rasa Sete Cidades,Sao Miguel,TRUE,Env,2025,Spring,TRUE
Rasa Sete Cidades,Rasa Sete Cidades,Sao Miguel,TRUE,Env,2025,Summer,TRUE
Rasa Sete Cidades,Rasa Sete Cidades,Sao Miguel,TRUE,Env,2025,Winter,TRUE
Rasa Sete Cidades,Rasa Sete Cidades,Sao Miguel,TRUE,Macro,2003,Autumn,FALSE
Rasa Sete Cidades,Rasa Sete Cidades,Sao Miguel,TRUE,Macro,2003,Spring,FALSE
Rasa Sete Cidades,Rasa Sete Cidades,Sao Miguel,TRUE,Macro,2003,Summer,FALSE
Rasa Sete Cidades,Rasa Sete Cidades,Sao Miguel,TRUE,Macro,2003,Winter,FALSE
Rasa Sete Cidades,Rasa Sete Cidades,Sao Miguel,TRUE,Macro,2004,Autumn,FALSE
Rasa Sete Cidades,Rasa Sete Cidades,Sao Miguel,TRUE,Macro,2004,Spring,FALSE
Rasa Sete Cidades,Rasa Sete Cidades,Sao Miguel,TRUE,Macro,2004,Summer,FALSE
Rasa Sete Cidades,Rasa Sete Cidades,Sao Miguel,TRUE,Macro,2004,Winter,FALSE
Rasa Sete Cidades,Rasa Sete Cidades,Sao Miguel,TRUE,Macro,2005,Autumn,FALSE
Rasa Sete Cidades,Rasa Sete Cidades,Sao Miguel,TRUE,Macro,2005,Spring,FALSE
Rasa Sete Cidades,Rasa Sete Cidades,Sao Miguel,TRUE,Macro,2005,Summer,FALSE
Rasa Sete Cidades,Rasa Sete Cidades,Sao Miguel,TRUE,Macro,2005,Winter,FALSE
Rasa Sete Cidades,Rasa Sete Cidades,Sao Miguel,TRUE,Macro,2006,Autumn,FALSE
Rasa Sete Cidades,Rasa Sete Cidades,Sao Miguel,TRUE,Macro,2006,Spring,FALSE
Rasa Sete Cidades,Rasa Sete Cidades,Sao Miguel,TRUE,Macro,2006,Summer,FALSE
Rasa Sete Cidades,Rasa Sete Cidades,Sao Miguel,TRUE,Macro,2006,Winter,FALSE
Rasa Sete Cidades,Rasa Sete Cidades,Sao Miguel,TRUE,Macro,2007,Autumn,FALSE
Rasa Sete Cidades,Rasa Sete Cidades,Sao Miguel,TRUE,Macro,2007,Spring,FALSE
Rasa Sete Cidades,Rasa Sete Cidades,Sao Miguel,TRUE,Macro,2007,Summer,FALSE
Rasa Sete Cidades,Rasa Sete Cidades,Sao Miguel,TRUE,Macro,2007,Winter,FALSE
Rasa Sete Cidades,Rasa Sete Cidades,Sao Miguel,TRUE,Macro,2008,Autumn,TRUE
Rasa Sete Cidades,Rasa Sete Cidades,Sao Miguel,TRUE,Macro,2008,Spring,TRUE
Rasa Sete Cidades,Rasa Sete Cidades,Sao Miguel,TRUE,Macro,2008,Summer,TRUE
Rasa Sete Cidades,Rasa Sete Cidades,Sao Miguel,TRUE,Macro,2008,Winter,FALSE
Rasa Sete Cidades,Rasa Sete Cidades,Sao Miguel,TRUE,Macro,2009,Autumn,FALSE
Rasa Sete Cidades,Rasa Sete Cidades,Sao Miguel,TRUE,Macro,2009,Spring,FALSE
Rasa Sete Cidades,Rasa Sete Cidades,Sao Miguel,TRUE,Macro,2009,Summer,TRUE
Rasa Sete Cidades,Rasa Sete Cidades,Sao Miguel,TRUE,Macro,2009,Winter,TRUE
Rasa Sete Cidades,Rasa Sete Cidades,Sao Miguel,TRUE,Macro,2010,Autumn,FALSE
Rasa Sete Cidades,Rasa Sete Cidades,Sao Miguel,TRUE,Macro,2010,Spring,FALSE
Rasa Sete Cidades,Rasa Sete Cidades,Sao Miguel,TRUE,Macro,2010,Summer,TRUE
Rasa Sete Cidades,Rasa Sete Cidades,Sao Miguel,TRUE,Macro,2010,Winter,TRUE
Rasa Sete Cidades,Rasa Sete Cidades,Sao Miguel,TRUE,Macro,2011,Autumn,TRUE
Rasa Sete Cidades,Rasa Sete Cidades,Sao Miguel,TRUE,Macro,2011,Spring,TRUE
Rasa Sete Cidades,Rasa Sete Cidades,Sao Miguel,TRUE,Macro,2011,Summer,TRUE
Rasa Sete Cidades,Rasa Sete Cidades,Sao Miguel,TRUE,Macro,2011,Winter,TRUE
Rasa Sete Cidades,Rasa Sete Cidades,Sao Miguel,TRUE,Macro,2012,Autumn,TRUE
Rasa Sete Cidades,Rasa Sete Cidades,Sao Miguel,TRUE,Macro,2012,Spring,TRUE
Rasa Sete Cidades,Rasa Sete Cidades,Sao Miguel,TRUE,Macro,2012,Summer,TRUE
Rasa Sete Cidades,Rasa Sete Cidades,Sao Miguel,TRUE,Macro,2012,Winter,TRUE
Rasa Sete Cidades,Rasa Sete Cidades,Sao Miguel,TRUE,Macro,2013,Autumn,FALSE
Rasa Sete Cidades,Rasa Sete Cidades,Sao Miguel,TRUE,Macro,2013,Spring,FALSE
Rasa Sete Cidades,Rasa Sete Cidades,Sao Miguel,TRUE,Macro,2013,Summer,FALSE
Rasa Sete Cidades,Rasa Sete Cidades,Sao Miguel,TRUE,Macro,2013,Winter,FALSE
Rasa Sete Cidades,Rasa Sete Cidades,Sao Miguel,TRUE,Macro,2014,Autumn,FALSE
Rasa Sete Cidades,Rasa Sete Cidades,Sao Miguel,TRUE,Macro,2014,Spring,FALSE
Rasa Sete Cidades,Rasa Sete Cidades,Sao Miguel,TRUE,Macro,2014,Summer,FALSE
Rasa Sete Cidades,Rasa Sete Cidades,Sao Miguel,TRUE,Macro,2014,Winter,FALSE
Rasa Sete Cidades,Rasa Sete Cidades,Sao Miguel,TRUE,Macro,2015,Autumn,FALSE
Rasa Sete Cidades,Rasa Sete Cidades,Sao Miguel,TRUE,Macro,2015,Spring,FALSE
Rasa Sete Cidades,Rasa Sete Cidades,Sao Miguel,TRUE,Macro,2015,Summer,FALSE
Rasa Sete Cidades,Rasa Sete Cidades,Sao Miguel,TRUE,Macro,2015,Winter,FALSE
Rasa Sete Cidades,Rasa Sete Cidades,Sao Miguel,TRUE,Macro,2016,Autumn,FALSE
Rasa Sete Cidades,Rasa Sete Cidades,Sao Miguel,TRUE,Macro,2016,Spring,FALSE
Rasa Sete Cidades,Rasa Sete Cidades,Sao Miguel,TRUE,Macro,2016,Summer,FALSE
Rasa Sete Cidades,Rasa Sete Cidades,Sao Miguel,TRUE,Macro,2016,Winter,FALSE
Rasa Sete Cidades,Rasa Sete Cidades,Sao Miguel,TRUE,Macro,2017,Autumn,FALSE
Rasa Sete Cidades,Rasa Sete Cidades,Sao Miguel,TRUE,Macro,2017,Spring,FALSE
Rasa Sete Cidades,Rasa Sete Cidades,Sao Miguel,TRUE,Macro,2017,Summer,FALSE
Rasa Sete Cidades,Rasa Sete Cidades,Sao Miguel,TRUE,Macro,2017,Winter,FALSE
Rasa Sete Cidades,Rasa Sete Cidades,Sao Miguel,TRUE,Macro,2018,Autumn,FALSE
Rasa Sete Cidades,Rasa Sete Cidades,Sao Miguel,TRUE,Macro,2018,Spring,TRUE
Rasa Sete Cidades,Rasa Sete Cidades,Sao Miguel,TRUE,Macro,2018,Summer,FALSE
Rasa Sete Cidades,Rasa Sete Cidades,Sao Miguel,TRUE,Macro,2018,Winter,FALSE
Rasa Sete Cidades,Rasa Sete Cidades,Sao Miguel,TRUE,Macro,2019,Autumn,FALSE
Rasa Sete Cidades,Rasa Sete Cidades,Sao Miguel,TRUE,Macro,2019,Spring,FALSE
Rasa Sete Cidades,Rasa Sete Cidades,Sao Miguel,TRUE,Macro,2019,Summer,FALSE
Rasa Sete Cidades,Rasa Sete Cidades,Sao Miguel,TRUE,Macro,2019,Winter,FALSE
Rasa Sete Cidades,Rasa Sete Cidades,Sao Miguel,TRUE,Macro,2020,Autumn,FALSE
Rasa Sete Cidades,Rasa Sete Cidades,Sao Miguel,TRUE,Macro,2020,Spring,FALSE
Rasa Sete Cidades,Rasa Sete Cidades,Sao Miguel,TRUE,Macro,2020,Summer,FALSE
Rasa Sete Cidades,Rasa Sete Cidades,Sao Miguel,TRUE,Macro,2020,Winter,FALSE
Rasa Sete Cidades,Rasa Sete Cidades,Sao Miguel,TRUE,Macro,2021,Autumn,FALSE
Rasa Sete Cidades,Rasa Sete Cidades,Sao Miguel,TRUE,Macro,2021,Spring,FALSE
Rasa Sete Cidades,Rasa Sete Cidades,Sao Miguel,TRUE,Macro,2021,Summer,FALSE
Rasa Sete Cidades,Rasa Sete Cidades,Sao Miguel,TRUE,Macro,2021,Winter,FALSE
Rasa Sete Cidades,Rasa Sete Cidades,Sao Miguel,TRUE,Macro,2022,Autumn,FALSE
Rasa Sete Cidades,Rasa Sete Cidades,Sao Miguel,TRUE,Macro,2022,Spring,FALSE
Rasa Sete Cidades,Rasa Sete Cidades,Sao Miguel,TRUE,Macro,2022,Summer,FALSE
Rasa Sete Cidades,Rasa Sete Cidades,Sao Miguel,TRUE,Macro,2022,Winter,FALSE
Rasa Sete Cidades,Rasa Sete Cidades,Sao Miguel,TRUE,Macro,2023,Autumn,FALSE
Rasa Sete Cidades,Rasa Sete Cidades,Sao Miguel,TRUE,Macro,2023,Spring,FALSE
Rasa Sete Cidades,Rasa Sete Cidades,Sao Miguel,TRUE,Macro,2023,Summer,FALSE
Rasa Sete Cidades,Rasa Sete Cidades,Sao Miguel,TRUE,Macro,2023,Winter,FALSE
Rasa Sete Cidades,Rasa Sete Cidades,Sao Miguel,TRUE,Macro,2024,Autumn,TRUE
Rasa Sete Cidades,Rasa Sete Cidades,Sao Miguel,TRUE,Macro,2024,Spring,TRUE
Rasa Sete Cidades,Rasa Sete Cidades,Sao Miguel,TRUE,Macro,2024,Summer,TRUE
Rasa Sete Cidades,Rasa Sete Cidades,Sao Miguel,TRUE,Macro,2024,Winter,TRUE
Rasa Sete Cidades,Rasa Sete Cidades,Sao Miguel,TRUE,Macro,2025,Autumn,TRUE
Rasa Sete Cidades,Rasa Sete Cidades,Sao Miguel,TRUE,Macro,2025,Spring,TRUE
Rasa Sete Cidades,Rasa Sete Cidades,Sao Miguel,TRUE,Macro,2025,Summer,TRUE
Rasa Sete Cidades,Rasa Sete Cidades,Sao Miguel,TRUE,Macro,2025,Winter,TRUE
Rasa Sete Cidades,Rasa Sete Cidades,Sao Miguel,TRUE,Phyto,2003,Autumn,FALSE
Rasa Sete Cidades,Rasa Sete Cidades,Sao Miguel,TRUE,Phyto,2003,Spring,FALSE
Rasa Sete Cidades,Rasa Sete Cidades,Sao Miguel,TRUE,Phyto,2003,Summer,FALSE
Rasa Sete Cidades,Rasa Sete Cidades,Sao Miguel,TRUE,Phyto,2003,Winter,FALSE
Rasa Sete Cidades,Rasa Sete Cidades,Sao Miguel,TRUE,Phyto,2004,Autumn,FALSE
Rasa Sete Cidades,Rasa Sete Cidades,Sao Miguel,TRUE,Phyto,2004,Spring,FALSE
Rasa Sete Cidades,Rasa Sete Cidades,Sao Miguel,TRUE,Phyto,2004,Summer,FALSE
Rasa Sete Cidades,Rasa Sete Cidades,Sao Miguel,TRUE,Phyto,2004,Winter,FALSE
Rasa Sete Cidades,Rasa Sete Cidades,Sao Miguel,TRUE,Phyto,2005,Autumn,FALSE
Rasa Sete Cidades,Rasa Sete Cidades,Sao Miguel,TRUE,Phyto,2005,Spring,FALSE
Rasa Sete Cidades,Rasa Sete Cidades,Sao Miguel,TRUE,Phyto,2005,Summer,FALSE
Rasa Sete Cidades,Rasa Sete Cidades,Sao Miguel,TRUE,Phyto,2005,Winter,FALSE
Rasa Sete Cidades,Rasa Sete Cidades,Sao Miguel,TRUE,Phyto,2006,Autumn,FALSE
Rasa Sete Cidades,Rasa Sete Cidades,Sao Miguel,TRUE,Phyto,2006,Spring,FALSE
Rasa Sete Cidades,Rasa Sete Cidades,Sao Miguel,TRUE,Phyto,2006,Summer,FALSE
Rasa Sete Cidades,Rasa Sete Cidades,Sao Miguel,TRUE,Phyto,2006,Winter,FALSE
Rasa Sete Cidades,Rasa Sete Cidades,Sao Miguel,TRUE,Phyto,2007,Autumn,FALSE
Rasa Sete Cidades,Rasa Sete Cidades,Sao Miguel,TRUE,Phyto,2007,Spring,FALSE
Rasa Sete Cidades,Rasa Sete Cidades,Sao Miguel,TRUE,Phyto,2007,Summer,FALSE
Rasa Sete Cidades,Rasa Sete Cidades,Sao Miguel,TRUE,Phyto,2007,Winter,FALSE
Rasa Sete Cidades,Rasa Sete Cidades,Sao Miguel,TRUE,Phyto,2008,Autumn,TRUE
Rasa Sete Cidades,Rasa Sete Cidades,Sao Miguel,TRUE,Phyto,2008,Spring,TRUE
Rasa Sete Cidades,Rasa Sete Cidades,Sao Miguel,TRUE,Phyto,2008,Summer,FALSE
Rasa Sete Cidades,Rasa Sete Cidades,Sao Miguel,TRUE,Phyto,2008,Winter,FALSE
Rasa Sete Cidades,Rasa Sete Cidades,Sao Miguel,TRUE,Phyto,2009,Autumn,FALSE
Rasa Sete Cidades,Rasa Sete Cidades,Sao Miguel,TRUE,Phyto,2009,Spring,FALSE
Rasa Sete Cidades,Rasa Sete Cidades,Sao Miguel,TRUE,Phyto,2009,Summer,TRUE
Rasa Sete Cidades,Rasa Sete Cidades,Sao Miguel,TRUE,Phyto,2009,Winter,TRUE
Rasa Sete Cidades,Rasa Sete Cidades,Sao Miguel,TRUE,Phyto,2010,Autumn,FALSE
Rasa Sete Cidades,Rasa Sete Cidades,Sao Miguel,TRUE,Phyto,2010,Spring,FALSE
Rasa Sete Cidades,Rasa Sete Cidades,Sao Miguel,TRUE,Phyto,2010,Summer,TRUE
Rasa Sete Cidades,Rasa Sete Cidades,Sao Miguel,TRUE,Phyto,2010,Winter,TRUE
Rasa Sete Cidades,Rasa Sete Cidades,Sao Miguel,TRUE,Phyto,2011,Autumn,TRUE
Rasa Sete Cidades,Rasa Sete Cidades,Sao Miguel,TRUE,Phyto,2011,Spring,TRUE
Rasa Sete Cidades,Rasa Sete Cidades,Sao Miguel,TRUE,Phyto,2011,Summer,TRUE
Rasa Sete Cidades,Rasa Sete Cidades,Sao Miguel,TRUE,Phyto,2011,Winter,TRUE
Rasa Sete Cidades,Rasa Sete Cidades,Sao Miguel,TRUE,Phyto,2012,Autumn,TRUE
Rasa Sete Cidades,Rasa Sete Cidades,Sao Miguel,TRUE,Phyto,2012,Spring,TRUE
Rasa Sete Cidades,Rasa Sete Cidades,Sao Miguel,TRUE,Phyto,2012,Summer,TRUE
Rasa Sete Cidades,Rasa Sete Cidades,Sao Miguel,TRUE,Phyto,2012,Winter,TRUE
Rasa Sete Cidades,Rasa Sete Cidades,Sao Miguel,TRUE,Phyto,2013,Autumn,FALSE
Rasa Sete Cidades,Rasa Sete Cidades,Sao Miguel,TRUE,Phyto,2013,Spring,FALSE
Rasa Sete Cidades,Rasa Sete Cidades,Sao Miguel,TRUE,Phyto,2013,Summer,FALSE
Rasa Sete Cidades,Rasa Sete Cidades,Sao Miguel,TRUE,Phyto,2013,Winter,FALSE
Rasa Sete Cidades,Rasa Sete Cidades,Sao Miguel,TRUE,Phyto,2014,Autumn,FALSE
Rasa Sete Cidades,Rasa Sete Cidades,Sao Miguel,TRUE,Phyto,2014,Spring,FALSE
Rasa Sete Cidades,Rasa Sete Cidades,Sao Miguel,TRUE,Phyto,2014,Summer,FALSE
Rasa Sete Cidades,Rasa Sete Cidades,Sao Miguel,TRUE,Phyto,2014,Winter,FALSE
Rasa Sete Cidades,Rasa Sete Cidades,Sao Miguel,TRUE,Phyto,2015,Autumn,FALSE
Rasa Sete Cidades,Rasa Sete Cidades,Sao Miguel,TRUE,Phyto,2015,Spring,FALSE
Rasa Sete Cidades,Rasa Sete Cidades,Sao Miguel,TRUE,Phyto,2015,Summer,FALSE
Rasa Sete Cidades,Rasa Sete Cidades,Sao Miguel,TRUE,Phyto,2015,Winter,FALSE
Rasa Sete Cidades,Rasa Sete Cidades,Sao Miguel,TRUE,Phyto,2016,Autumn,FALSE
Rasa Sete Cidades,Rasa Sete Cidades,Sao Miguel,TRUE,Phyto,2016,Spring,FALSE
Rasa Sete Cidades,Rasa Sete Cidades,Sao Miguel,TRUE,Phyto,2016,Summer,FALSE
Rasa Sete Cidades,Rasa Sete Cidades,Sao Miguel,TRUE,Phyto,2016,Winter,FALSE
Rasa Sete Cidades,Rasa Sete Cidades,Sao Miguel,TRUE,Phyto,2017,Autumn,FALSE
Rasa Sete Cidades,Rasa Sete Cidades,Sao Miguel,TRUE,Phyto,2017,Spring,FALSE
Rasa Sete Cidades,Rasa Sete Cidades,Sao Miguel,TRUE,Phyto,2017,Summer,FALSE
Rasa Sete Cidades,Rasa Sete Cidades,Sao Miguel,TRUE,Phyto,2017,Winter,FALSE
Rasa Sete Cidades,Rasa Sete Cidades,Sao Miguel,TRUE,Phyto,2018,Autumn,TRUE
Rasa Sete Cidades,Rasa Sete Cidades,Sao Miguel,TRUE,Phyto,2018,Spring,TRUE
Rasa Sete Cidades,Rasa Sete Cidades,Sao Miguel,TRUE,Phyto,2018,Summer,TRUE
Rasa Sete Cidades,Rasa Sete Cidades,Sao Miguel,TRUE,Phyto,2018,Winter,TRUE
Rasa Sete Cidades,Rasa Sete Cidades,Sao Miguel,TRUE,Phyto,2019,Autumn,FALSE
Rasa Sete Cidades,Rasa Sete Cidades,Sao Miguel,TRUE,Phyto,2019,Spring,FALSE
Rasa Sete Cidades,Rasa Sete Cidades,Sao Miguel,TRUE,Phyto,2019,Summer,FALSE
Rasa Sete Cidades,Rasa Sete Cidades,Sao Miguel,TRUE,Phyto,2019,Winter,FALSE
Rasa Sete Cidades,Rasa Sete Cidades,Sao Miguel,TRUE,Phyto,2020,Autumn,FALSE
Rasa Sete Cidades,Rasa Sete Cidades,Sao Miguel,TRUE,Phyto,2020,Spring,FALSE
Rasa Sete Cidades,Rasa Sete Cidades,Sao Miguel,TRUE,Phyto,2020,Summer,FALSE
Rasa Sete Cidades,Rasa Sete Cidades,Sao Miguel,TRUE,Phyto,2020,Winter,FALSE
Rasa Sete Cidades,Rasa Sete Cidades,Sao Miguel,TRUE,Phyto,2021,Autumn,FALSE
Rasa Sete Cidades,Rasa Sete Cidades,Sao Miguel,TRUE,Phyto,2021,Spring,FALSE
Rasa Sete Cidades,Rasa Sete Cidades,Sao Miguel,TRUE,Phyto,2021,Summer,FALSE
Rasa Sete Cidades,Rasa Sete Cidades,Sao Miguel,TRUE,Phyto,2021,Winter,FALSE
Rasa Sete Cidades,Rasa Sete Cidades,Sao Miguel,TRUE,Phyto,2022,Autumn,FALSE
Rasa Sete Cidades,Rasa Sete Cidades,Sao Miguel,TRUE,Phyto,2022,Spring,FALSE
Rasa Sete Cidades,Rasa Sete Cidades,Sao Miguel,TRUE,Phyto,2022,Summer,FALSE
Rasa Sete Cidades,Rasa Sete Cidades,Sao Miguel,TRUE,Phyto,2022,Winter,FALSE
Rasa Sete Cidades,Rasa Sete Cidades,Sao Miguel,TRUE,Phyto,2023,Autumn,FALSE
Rasa Sete Cidades,Rasa Sete Cidades,Sao Miguel,TRUE,Phyto,2023,Spring,FALSE
Rasa Sete Cidades,Rasa Sete Cidades,Sao Miguel,TRUE,Phyto,2023,Summer,FALSE
Rasa Sete Cidades,Rasa Sete Cidades,Sao Miguel,TRUE,Phyto,2023,Winter,FALSE
Rasa Sete Cidades,Rasa Sete Cidades,Sao Miguel,TRUE,Phyto,2024,Autumn,TRUE
Rasa Sete Cidades,Rasa Sete Cidades,Sao Miguel,TRUE,Phyto,2024,Spring,TRUE
Rasa Sete Cidades,Rasa Sete Cidades,Sao Miguel,TRUE,Phyto,2024,Summer,TRUE
Rasa Sete Cidades,Rasa Sete Cidades,Sao Miguel,TRUE,Phyto,2024,Winter,TRUE
Rasa Sete Cidades,Rasa Sete Cidades,Sao Miguel,TRUE,Phyto,2025,Autumn,TRUE
Rasa Sete Cidades,Rasa Sete Cidades,Sao Miguel,TRUE,Phyto,2025,Spring,TRUE
Rasa Sete Cidades,Rasa Sete Cidades,Sao Miguel,TRUE,Phyto,2025,Summer,TRUE
Rasa Sete Cidades,Rasa Sete Cidades,Sao Miguel,TRUE,Phyto,2025,Winter,TRUE
Rasa Sete Cidades,Rasa Sete Cidades,Sao Miguel,TRUE,Zoo,2003,Autumn,FALSE
Rasa Sete Cidades,Rasa Sete Cidades,Sao Miguel,TRUE,Zoo,2003,Spring,FALSE
Rasa Sete Cidades,Rasa Sete Cidades,Sao Miguel,TRUE,Zoo,2003,Summer,FALSE
Rasa Sete Cidades,Rasa Sete Cidades,Sao Miguel,TRUE,Zoo,2003,Winter,FALSE
Rasa Sete Cidades,Rasa Sete Cidades,Sao Miguel,TRUE,Zoo,2004,Autumn,FALSE
Rasa Sete Cidades,Rasa Sete Cidades,Sao Miguel,TRUE,Zoo,2004,Spring,FALSE
Rasa Sete Cidades,Rasa Sete Cidades,Sao Miguel,TRUE,Zoo,2004,Summer,FALSE
Rasa Sete Cidades,Rasa Sete Cidades,Sao Miguel,TRUE,Zoo,2004,Winter,FALSE
Rasa Sete Cidades,Rasa Sete Cidades,Sao Miguel,TRUE,Zoo,2005,Autumn,FALSE
Rasa Sete Cidades,Rasa Sete Cidades,Sao Miguel,TRUE,Zoo,2005,Spring,FALSE
Rasa Sete Cidades,Rasa Sete Cidades,Sao Miguel,TRUE,Zoo,2005,Summer,FALSE
Rasa Sete Cidades,Rasa Sete Cidades,Sao Miguel,TRUE,Zoo,2005,Winter,FALSE
Rasa Sete Cidades,Rasa Sete Cidades,Sao Miguel,TRUE,Zoo,2006,Autumn,FALSE
Rasa Sete Cidades,Rasa Sete Cidades,Sao Miguel,TRUE,Zoo,2006,Spring,FALSE
Rasa Sete Cidades,Rasa Sete Cidades,Sao Miguel,TRUE,Zoo,2006,Summer,FALSE
Rasa Sete Cidades,Rasa Sete Cidades,Sao Miguel,TRUE,Zoo,2006,Winter,FALSE
Rasa Sete Cidades,Rasa Sete Cidades,Sao Miguel,TRUE,Zoo,2007,Autumn,FALSE
Rasa Sete Cidades,Rasa Sete Cidades,Sao Miguel,TRUE,Zoo,2007,Spring,FALSE
Rasa Sete Cidades,Rasa Sete Cidades,Sao Miguel,TRUE,Zoo,2007,Summer,FALSE
Rasa Sete Cidades,Rasa Sete Cidades,Sao Miguel,TRUE,Zoo,2007,Winter,FALSE
Rasa Sete Cidades,Rasa Sete Cidades,Sao Miguel,TRUE,Zoo,2008,Autumn,FALSE
Rasa Sete Cidades,Rasa Sete Cidades,Sao Miguel,TRUE,Zoo,2008,Spring,FALSE
Rasa Sete Cidades,Rasa Sete Cidades,Sao Miguel,TRUE,Zoo,2008,Summer,FALSE
Rasa Sete Cidades,Rasa Sete Cidades,Sao Miguel,TRUE,Zoo,2008,Winter,FALSE
Rasa Sete Cidades,Rasa Sete Cidades,Sao Miguel,TRUE,Zoo,2009,Autumn,FALSE
Rasa Sete Cidades,Rasa Sete Cidades,Sao Miguel,TRUE,Zoo,2009,Spring,FALSE
Rasa Sete Cidades,Rasa Sete Cidades,Sao Miguel,TRUE,Zoo,2009,Summer,FALSE
Rasa Sete Cidades,Rasa Sete Cidades,Sao Miguel,TRUE,Zoo,2009,Winter,FALSE
Rasa Sete Cidades,Rasa Sete Cidades,Sao Miguel,TRUE,Zoo,2010,Autumn,FALSE
Rasa Sete Cidades,Rasa Sete Cidades,Sao Miguel,TRUE,Zoo,2010,Spring,FALSE
Rasa Sete Cidades,Rasa Sete Cidades,Sao Miguel,TRUE,Zoo,2010,Summer,FALSE
Rasa Sete Cidades,Rasa Sete Cidades,Sao Miguel,TRUE,Zoo,2010,Winter,FALSE
Rasa Sete Cidades,Rasa Sete Cidades,Sao Miguel,TRUE,Zoo,2011,Autumn,FALSE
Rasa Sete Cidades,Rasa Sete Cidades,Sao Miguel,TRUE,Zoo,2011,Spring,FALSE
Rasa Sete Cidades,Rasa Sete Cidades,Sao Miguel,TRUE,Zoo,2011,Summer,TRUE
Rasa Sete Cidades,Rasa Sete Cidades,Sao Miguel,TRUE,Zoo,2011,Winter,FALSE
Rasa Sete Cidades,Rasa Sete Cidades,Sao Miguel,TRUE,Zoo,2012,Autumn,FALSE
Rasa Sete Cidades,Rasa Sete Cidades,Sao Miguel,TRUE,Zoo,2012,Spring,FALSE
Rasa Sete Cidades,Rasa Sete Cidades,Sao Miguel,TRUE,Zoo,2012,Summer,FALSE
Rasa Sete Cidades,Rasa Sete Cidades,Sao Miguel,TRUE,Zoo,2012,Winter,FALSE
Rasa Sete Cidades,Rasa Sete Cidades,Sao Miguel,TRUE,Zoo,2013,Autumn,FALSE
Rasa Sete Cidades,Rasa Sete Cidades,Sao Miguel,TRUE,Zoo,2013,Spring,FALSE
Rasa Sete Cidades,Rasa Sete Cidades,Sao Miguel,TRUE,Zoo,2013,Summer,FALSE
Rasa Sete Cidades,Rasa Sete Cidades,Sao Miguel,TRUE,Zoo,2013,Winter,FALSE
Rasa Sete Cidades,Rasa Sete Cidades,Sao Miguel,TRUE,Zoo,2014,Autumn,FALSE
Rasa Sete Cidades,Rasa Sete Cidades,Sao Miguel,TRUE,Zoo,2014,Spring,FALSE
Rasa Sete Cidades,Rasa Sete Cidades,Sao Miguel,TRUE,Zoo,2014,Summer,FALSE
Rasa Sete Cidades,Rasa Sete Cidades,Sao Miguel,TRUE,Zoo,2014,Winter,FALSE
Rasa Sete Cidades,Rasa Sete Cidades,Sao Miguel,TRUE,Zoo,2015,Autumn,FALSE
Rasa Sete Cidades,Rasa Sete Cidades,Sao Miguel,TRUE,Zoo,2015,Spring,FALSE
Rasa Sete Cidades,Rasa Sete Cidades,Sao Miguel,TRUE,Zoo,2015,Summer,FALSE
Rasa Sete Cidades,Rasa Sete Cidades,Sao Miguel,TRUE,Zoo,2015,Winter,FALSE
Rasa Sete Cidades,Rasa Sete Cidades,Sao Miguel,TRUE,Zoo,2016,Autumn,FALSE
Rasa Sete Cidades,Rasa Sete Cidades,Sao Miguel,TRUE,Zoo,2016,Spring,FALSE
Rasa Sete Cidades,Rasa Sete Cidades,Sao Miguel,TRUE,Zoo,2016,Summer,FALSE
Rasa Sete Cidades,Rasa Sete Cidades,Sao Miguel,TRUE,Zoo,2016,Winter,FALSE
Rasa Sete Cidades,Rasa Sete Cidades,Sao Miguel,TRUE,Zoo,2017,Autumn,FALSE
Rasa Sete Cidades,Rasa Sete Cidades,Sao Miguel,TRUE,Zoo,2017,Spring,FALSE
Rasa Sete Cidades,Rasa Sete Cidades,Sao Miguel,TRUE,Zoo,2017,Summer,FALSE
Rasa Sete Cidades,Rasa Sete Cidades,Sao Miguel,TRUE,Zoo,2017,Winter,FALSE
Rasa Sete Cidades,Rasa Sete Cidades,Sao Miguel,TRUE,Zoo,2018,Autumn,FALSE
Rasa Sete Cidades,Rasa Sete Cidades,Sao Miguel,TRUE,Zoo,2018,Spring,FALSE
Rasa Sete Cidades,Rasa Sete Cidades,Sao Miguel,TRUE,Zoo,2018,Summer,FALSE
Rasa Sete Cidades,Rasa Sete Cidades,Sao Miguel,TRUE,Zoo,2018,Winter,FALSE
Rasa Sete Cidades,Rasa Sete Cidades,Sao Miguel,TRUE,Zoo,2019,Autumn,FALSE
Rasa Sete Cidades,Rasa Sete Cidades,Sao Miguel,TRUE,Zoo,2019,Spring,FALSE
Rasa Sete Cidades,Rasa Sete Cidades,Sao Miguel,TRUE,Zoo,2019,Summer,FALSE
Rasa Sete Cidades,Rasa Sete Cidades,Sao Miguel,TRUE,Zoo,2019,Winter,FALSE
Rasa Sete Cidades,Rasa Sete Cidades,Sao Miguel,TRUE,Zoo,2020,Autumn,FALSE
Rasa Sete Cidades,Rasa Sete Cidades,Sao Miguel,TRUE,Zoo,2020,Spring,FALSE
Rasa Sete Cidades,Rasa Sete Cidades,Sao Miguel,TRUE,Zoo,2020,Summer,FALSE
Rasa Sete Cidades,Rasa Sete Cidades,Sao Miguel,TRUE,Zoo,2020,Winter,FALSE
Rasa Sete Cidades,Rasa Sete Cidades,Sao Miguel,TRUE,Zoo,2021,Autumn,FALSE
Rasa Sete Cidades,Rasa Sete Cidades,Sao Miguel,TRUE,Zoo,2021,Spring,FALSE
Rasa Sete Cidades,Rasa Sete Cidades,Sao Miguel,TRUE,Zoo,2021,Summer,FALSE
Rasa Sete Cidades,Rasa Sete Cidades,Sao Miguel,TRUE,Zoo,2021,Winter,FALSE
Rasa Sete Cidades,Rasa Sete Cidades,Sao Miguel,TRUE,Zoo,2022,Autumn,FALSE
Rasa Sete Cidades,Rasa Sete Cidades,Sao Miguel,TRUE,Zoo,2022,Spring,FALSE
Rasa Sete Cidades,Rasa Sete Cidades,Sao Miguel,TRUE,Zoo,2022,Summer,FALSE
Rasa Sete Cidades,Rasa Sete Cidades,Sao Miguel,TRUE,Zoo,2022,Winter,FALSE
Rasa Sete Cidades,Rasa Sete Cidades,Sao Miguel,TRUE,Zoo,2023,Autumn,FALSE
Rasa Sete Cidades,Rasa Sete Cidades,Sao Miguel,TRUE,Zoo,2023,Spring,FALSE
Rasa Sete Cidades,Rasa Sete Cidades,Sao Miguel,TRUE,Zoo,2023,Summer,FALSE
Rasa Sete Cidades,Rasa Sete Cidades,Sao Miguel,TRUE,Zoo,2023,Winter,FALSE
Rasa Sete Cidades,Rasa Sete Cidades,Sao Miguel,TRUE,Zoo,2024,Autumn,FALSE
Rasa Sete Cidades,Rasa Sete Cidades,Sao Miguel,TRUE,Zoo,2024,Spring,FALSE
Rasa Sete Cidades,Rasa Sete Cidades,Sao Miguel,TRUE,Zoo,2024,Summer,FALSE
Rasa Sete Cidades,Rasa Sete Cidades,Sao Miguel,TRUE,Zoo,2024,Winter,FALSE
Rasa Sete Cidades,Rasa Sete Cidades,Sao Miguel,TRUE,Zoo,2025,Autumn,FALSE
Rasa Sete Cidades,Rasa Sete Cidades,Sao Miguel,TRUE,Zoo,2025,Spring,TRUE
Rasa Sete Cidades,Rasa Sete Cidades,Sao Miguel,TRUE,Zoo,2025,Summer,FALSE
Rasa Sete Cidades,Rasa Sete Cidades,Sao Miguel,TRUE,Zoo,2025,Winter,FALSE
Rosada,Rosada,Pico,TRUE,Diatom,2003,Autumn,FALSE
Rosada,Rosada,Pico,TRUE,Diatom,2003,Spring,FALSE
Rosada,Rosada,Pico,TRUE,Diatom,2003,Summer,FALSE
Rosada,Rosada,Pico,TRUE,Diatom,2003,Winter,FALSE
Rosada,Rosada,Pico,TRUE,Diatom,2004,Autumn,FALSE
Rosada,Rosada,Pico,TRUE,Diatom,2004,Spring,FALSE
Rosada,Rosada,Pico,TRUE,Diatom,2004,Summer,FALSE
Rosada,Rosada,Pico,TRUE,Diatom,2004,Winter,FALSE
Rosada,Rosada,Pico,TRUE,Diatom,2005,Autumn,FALSE
Rosada,Rosada,Pico,TRUE,Diatom,2005,Spring,FALSE
Rosada,Rosada,Pico,TRUE,Diatom,2005,Summer,FALSE
Rosada,Rosada,Pico,TRUE,Diatom,2005,Winter,FALSE
Rosada,Rosada,Pico,TRUE,Diatom,2006,Autumn,FALSE
Rosada,Rosada,Pico,TRUE,Diatom,2006,Spring,TRUE
Rosada,Rosada,Pico,TRUE,Diatom,2006,Summer,TRUE
Rosada,Rosada,Pico,TRUE,Diatom,2006,Winter,TRUE
Rosada,Rosada,Pico,TRUE,Diatom,2007,Autumn,FALSE
Rosada,Rosada,Pico,TRUE,Diatom,2007,Spring,FALSE
Rosada,Rosada,Pico,TRUE,Diatom,2007,Summer,FALSE
Rosada,Rosada,Pico,TRUE,Diatom,2007,Winter,FALSE
Rosada,Rosada,Pico,TRUE,Diatom,2008,Autumn,TRUE
Rosada,Rosada,Pico,TRUE,Diatom,2008,Spring,TRUE
Rosada,Rosada,Pico,TRUE,Diatom,2008,Summer,FALSE
Rosada,Rosada,Pico,TRUE,Diatom,2008,Winter,FALSE
Rosada,Rosada,Pico,TRUE,Diatom,2009,Autumn,FALSE
Rosada,Rosada,Pico,TRUE,Diatom,2009,Spring,TRUE
Rosada,Rosada,Pico,TRUE,Diatom,2009,Summer,TRUE
Rosada,Rosada,Pico,TRUE,Diatom,2009,Winter,FALSE
Rosada,Rosada,Pico,TRUE,Diatom,2010,Autumn,FALSE
Rosada,Rosada,Pico,TRUE,Diatom,2010,Spring,FALSE
Rosada,Rosada,Pico,TRUE,Diatom,2010,Summer,TRUE
Rosada,Rosada,Pico,TRUE,Diatom,2010,Winter,TRUE
Rosada,Rosada,Pico,TRUE,Diatom,2011,Autumn,TRUE
Rosada,Rosada,Pico,TRUE,Diatom,2011,Spring,TRUE
Rosada,Rosada,Pico,TRUE,Diatom,2011,Summer,TRUE
Rosada,Rosada,Pico,TRUE,Diatom,2011,Winter,TRUE
Rosada,Rosada,Pico,TRUE,Diatom,2012,Autumn,TRUE
Rosada,Rosada,Pico,TRUE,Diatom,2012,Spring,TRUE
Rosada,Rosada,Pico,TRUE,Diatom,2012,Summer,TRUE
Rosada,Rosada,Pico,TRUE,Diatom,2012,Winter,TRUE
Rosada,Rosada,Pico,TRUE,Diatom,2013,Autumn,FALSE
Rosada,Rosada,Pico,TRUE,Diatom,2013,Spring,FALSE
Rosada,Rosada,Pico,TRUE,Diatom,2013,Summer,FALSE
Rosada,Rosada,Pico,TRUE,Diatom,2013,Winter,FALSE
Rosada,Rosada,Pico,TRUE,Diatom,2014,Autumn,FALSE
Rosada,Rosada,Pico,TRUE,Diatom,2014,Spring,FALSE
Rosada,Rosada,Pico,TRUE,Diatom,2014,Summer,FALSE
Rosada,Rosada,Pico,TRUE,Diatom,2014,Winter,FALSE
Rosada,Rosada,Pico,TRUE,Diatom,2015,Autumn,TRUE
Rosada,Rosada,Pico,TRUE,Diatom,2015,Spring,FALSE
Rosada,Rosada,Pico,TRUE,Diatom,2015,Summer,FALSE
Rosada,Rosada,Pico,TRUE,Diatom,2015,Winter,FALSE
Rosada,Rosada,Pico,TRUE,Diatom,2016,Autumn,TRUE
Rosada,Rosada,Pico,TRUE,Diatom,2016,Spring,TRUE
Rosada,Rosada,Pico,TRUE,Diatom,2016,Summer,TRUE
Rosada,Rosada,Pico,TRUE,Diatom,2016,Winter,TRUE
Rosada,Rosada,Pico,TRUE,Diatom,2017,Autumn,TRUE
Rosada,Rosada,Pico,TRUE,Diatom,2017,Spring,FALSE
Rosada,Rosada,Pico,TRUE,Diatom,2017,Summer,FALSE
Rosada,Rosada,Pico,TRUE,Diatom,2017,Winter,TRUE
Rosada,Rosada,Pico,TRUE,Diatom,2018,Autumn,FALSE
Rosada,Rosada,Pico,TRUE,Diatom,2018,Spring,TRUE
Rosada,Rosada,Pico,TRUE,Diatom,2018,Summer,FALSE
Rosada,Rosada,Pico,TRUE,Diatom,2018,Winter,TRUE
Rosada,Rosada,Pico,TRUE,Diatom,2019,Autumn,FALSE
Rosada,Rosada,Pico,TRUE,Diatom,2019,Spring,FALSE
Rosada,Rosada,Pico,TRUE,Diatom,2019,Summer,FALSE
Rosada,Rosada,Pico,TRUE,Diatom,2019,Winter,FALSE
Rosada,Rosada,Pico,TRUE,Diatom,2020,Autumn,FALSE
Rosada,Rosada,Pico,TRUE,Diatom,2020,Spring,FALSE
Rosada,Rosada,Pico,TRUE,Diatom,2020,Summer,FALSE
Rosada,Rosada,Pico,TRUE,Diatom,2020,Winter,FALSE
Rosada,Rosada,Pico,TRUE,Diatom,2021,Autumn,FALSE
Rosada,Rosada,Pico,TRUE,Diatom,2021,Spring,FALSE
Rosada,Rosada,Pico,TRUE,Diatom,2021,Summer,FALSE
Rosada,Rosada,Pico,TRUE,Diatom,2021,Winter,FALSE
Rosada,Rosada,Pico,TRUE,Diatom,2022,Autumn,FALSE
Rosada,Rosada,Pico,TRUE,Diatom,2022,Spring,FALSE
Rosada,Rosada,Pico,TRUE,Diatom,2022,Summer,FALSE
Rosada,Rosada,Pico,TRUE,Diatom,2022,Winter,FALSE
Rosada,Rosada,Pico,TRUE,Diatom,2023,Autumn,FALSE
Rosada,Rosada,Pico,TRUE,Diatom,2023,Spring,FALSE
Rosada,Rosada,Pico,TRUE,Diatom,2023,Summer,FALSE
Rosada,Rosada,Pico,TRUE,Diatom,2023,Winter,FALSE
Rosada,Rosada,Pico,TRUE,Diatom,2024,Autumn,TRUE
Rosada,Rosada,Pico,TRUE,Diatom,2024,Spring,TRUE
Rosada,Rosada,Pico,TRUE,Diatom,2024,Summer,TRUE
Rosada,Rosada,Pico,TRUE,Diatom,2024,Winter,TRUE
Rosada,Rosada,Pico,TRUE,Diatom,2025,Autumn,TRUE
Rosada,Rosada,Pico,TRUE,Diatom,2025,Spring,TRUE
Rosada,Rosada,Pico,TRUE,Diatom,2025,Summer,TRUE
Rosada,Rosada,Pico,TRUE,Diatom,2025,Winter,TRUE
Rosada,Rosada,Pico,TRUE,Env,2003,Autumn,FALSE
Rosada,Rosada,Pico,TRUE,Env,2003,Spring,FALSE
Rosada,Rosada,Pico,TRUE,Env,2003,Summer,FALSE
Rosada,Rosada,Pico,TRUE,Env,2003,Winter,FALSE
Rosada,Rosada,Pico,TRUE,Env,2004,Autumn,FALSE
Rosada,Rosada,Pico,TRUE,Env,2004,Spring,FALSE
Rosada,Rosada,Pico,TRUE,Env,2004,Summer,FALSE
Rosada,Rosada,Pico,TRUE,Env,2004,Winter,FALSE
Rosada,Rosada,Pico,TRUE,Env,2005,Autumn,FALSE
Rosada,Rosada,Pico,TRUE,Env,2005,Spring,FALSE
Rosada,Rosada,Pico,TRUE,Env,2005,Summer,FALSE
Rosada,Rosada,Pico,TRUE,Env,2005,Winter,FALSE
Rosada,Rosada,Pico,TRUE,Env,2006,Autumn,FALSE
Rosada,Rosada,Pico,TRUE,Env,2006,Spring,FALSE
Rosada,Rosada,Pico,TRUE,Env,2006,Summer,TRUE
Rosada,Rosada,Pico,TRUE,Env,2006,Winter,TRUE
Rosada,Rosada,Pico,TRUE,Env,2007,Autumn,FALSE
Rosada,Rosada,Pico,TRUE,Env,2007,Spring,FALSE
Rosada,Rosada,Pico,TRUE,Env,2007,Summer,FALSE
Rosada,Rosada,Pico,TRUE,Env,2007,Winter,FALSE
Rosada,Rosada,Pico,TRUE,Env,2008,Autumn,TRUE
Rosada,Rosada,Pico,TRUE,Env,2008,Spring,TRUE
Rosada,Rosada,Pico,TRUE,Env,2008,Summer,TRUE
Rosada,Rosada,Pico,TRUE,Env,2008,Winter,TRUE
Rosada,Rosada,Pico,TRUE,Env,2009,Autumn,FALSE
Rosada,Rosada,Pico,TRUE,Env,2009,Spring,FALSE
Rosada,Rosada,Pico,TRUE,Env,2009,Summer,FALSE
Rosada,Rosada,Pico,TRUE,Env,2009,Winter,FALSE
Rosada,Rosada,Pico,TRUE,Env,2010,Autumn,TRUE
Rosada,Rosada,Pico,TRUE,Env,2010,Spring,TRUE
Rosada,Rosada,Pico,TRUE,Env,2010,Summer,TRUE
Rosada,Rosada,Pico,TRUE,Env,2010,Winter,TRUE
Rosada,Rosada,Pico,TRUE,Env,2011,Autumn,TRUE
Rosada,Rosada,Pico,TRUE,Env,2011,Spring,TRUE
Rosada,Rosada,Pico,TRUE,Env,2011,Summer,TRUE
Rosada,Rosada,Pico,TRUE,Env,2011,Winter,TRUE
Rosada,Rosada,Pico,TRUE,Env,2012,Autumn,FALSE
Rosada,Rosada,Pico,TRUE,Env,2012,Spring,TRUE
Rosada,Rosada,Pico,TRUE,Env,2012,Summer,TRUE
Rosada,Rosada,Pico,TRUE,Env,2012,Winter,TRUE
Rosada,Rosada,Pico,TRUE,Env,2013,Autumn,FALSE
Rosada,Rosada,Pico,TRUE,Env,2013,Spring,FALSE
Rosada,Rosada,Pico,TRUE,Env,2013,Summer,FALSE
Rosada,Rosada,Pico,TRUE,Env,2013,Winter,FALSE
Rosada,Rosada,Pico,TRUE,Env,2014,Autumn,FALSE
Rosada,Rosada,Pico,TRUE,Env,2014,Spring,FALSE
Rosada,Rosada,Pico,TRUE,Env,2014,Summer,FALSE
Rosada,Rosada,Pico,TRUE,Env,2014,Winter,FALSE
Rosada,Rosada,Pico,TRUE,Env,2015,Autumn,FALSE
Rosada,Rosada,Pico,TRUE,Env,2015,Spring,FALSE
Rosada,Rosada,Pico,TRUE,Env,2015,Summer,FALSE
Rosada,Rosada,Pico,TRUE,Env,2015,Winter,FALSE
Rosada,Rosada,Pico,TRUE,Env,2016,Autumn,FALSE
Rosada,Rosada,Pico,TRUE,Env,2016,Spring,FALSE
Rosada,Rosada,Pico,TRUE,Env,2016,Summer,FALSE
Rosada,Rosada,Pico,TRUE,Env,2016,Winter,FALSE
Rosada,Rosada,Pico,TRUE,Env,2017,Autumn,FALSE
Rosada,Rosada,Pico,TRUE,Env,2017,Spring,FALSE
Rosada,Rosada,Pico,TRUE,Env,2017,Summer,FALSE
Rosada,Rosada,Pico,TRUE,Env,2017,Winter,FALSE
Rosada,Rosada,Pico,TRUE,Env,2018,Autumn,FALSE
Rosada,Rosada,Pico,TRUE,Env,2018,Spring,TRUE
Rosada,Rosada,Pico,TRUE,Env,2018,Summer,FALSE
Rosada,Rosada,Pico,TRUE,Env,2018,Winter,FALSE
Rosada,Rosada,Pico,TRUE,Env,2019,Autumn,FALSE
Rosada,Rosada,Pico,TRUE,Env,2019,Spring,FALSE
Rosada,Rosada,Pico,TRUE,Env,2019,Summer,FALSE
Rosada,Rosada,Pico,TRUE,Env,2019,Winter,FALSE
Rosada,Rosada,Pico,TRUE,Env,2020,Autumn,FALSE
Rosada,Rosada,Pico,TRUE,Env,2020,Spring,FALSE
Rosada,Rosada,Pico,TRUE,Env,2020,Summer,FALSE
Rosada,Rosada,Pico,TRUE,Env,2020,Winter,FALSE
Rosada,Rosada,Pico,TRUE,Env,2021,Autumn,FALSE
Rosada,Rosada,Pico,TRUE,Env,2021,Spring,FALSE
Rosada,Rosada,Pico,TRUE,Env,2021,Summer,FALSE
Rosada,Rosada,Pico,TRUE,Env,2021,Winter,FALSE
Rosada,Rosada,Pico,TRUE,Env,2022,Autumn,FALSE
Rosada,Rosada,Pico,TRUE,Env,2022,Spring,FALSE
Rosada,Rosada,Pico,TRUE,Env,2022,Summer,FALSE
Rosada,Rosada,Pico,TRUE,Env,2022,Winter,FALSE
Rosada,Rosada,Pico,TRUE,Env,2023,Autumn,FALSE
Rosada,Rosada,Pico,TRUE,Env,2023,Spring,FALSE
Rosada,Rosada,Pico,TRUE,Env,2023,Summer,FALSE
Rosada,Rosada,Pico,TRUE,Env,2023,Winter,FALSE
Rosada,Rosada,Pico,TRUE,Env,2024,Autumn,TRUE
Rosada,Rosada,Pico,TRUE,Env,2024,Spring,TRUE
Rosada,Rosada,Pico,TRUE,Env,2024,Summer,TRUE
Rosada,Rosada,Pico,TRUE,Env,2024,Winter,TRUE
Rosada,Rosada,Pico,TRUE,Env,2025,Autumn,TRUE
Rosada,Rosada,Pico,TRUE,Env,2025,Spring,TRUE
Rosada,Rosada,Pico,TRUE,Env,2025,Summer,TRUE
Rosada,Rosada,Pico,TRUE,Env,2025,Winter,TRUE
Rosada,Rosada,Pico,TRUE,Macro,2003,Autumn,FALSE
Rosada,Rosada,Pico,TRUE,Macro,2003,Spring,FALSE
Rosada,Rosada,Pico,TRUE,Macro,2003,Summer,FALSE
Rosada,Rosada,Pico,TRUE,Macro,2003,Winter,FALSE
Rosada,Rosada,Pico,TRUE,Macro,2004,Autumn,FALSE
Rosada,Rosada,Pico,TRUE,Macro,2004,Spring,FALSE
Rosada,Rosada,Pico,TRUE,Macro,2004,Summer,FALSE
Rosada,Rosada,Pico,TRUE,Macro,2004,Winter,FALSE
Rosada,Rosada,Pico,TRUE,Macro,2005,Autumn,FALSE
Rosada,Rosada,Pico,TRUE,Macro,2005,Spring,FALSE
Rosada,Rosada,Pico,TRUE,Macro,2005,Summer,FALSE
Rosada,Rosada,Pico,TRUE,Macro,2005,Winter,FALSE
Rosada,Rosada,Pico,TRUE,Macro,2006,Autumn,FALSE
Rosada,Rosada,Pico,TRUE,Macro,2006,Spring,FALSE
Rosada,Rosada,Pico,TRUE,Macro,2006,Summer,FALSE
Rosada,Rosada,Pico,TRUE,Macro,2006,Winter,TRUE
Rosada,Rosada,Pico,TRUE,Macro,2007,Autumn,FALSE
Rosada,Rosada,Pico,TRUE,Macro,2007,Spring,FALSE
Rosada,Rosada,Pico,TRUE,Macro,2007,Summer,FALSE
Rosada,Rosada,Pico,TRUE,Macro,2007,Winter,FALSE
Rosada,Rosada,Pico,TRUE,Macro,2008,Autumn,TRUE
Rosada,Rosada,Pico,TRUE,Macro,2008,Spring,TRUE
Rosada,Rosada,Pico,TRUE,Macro,2008,Summer,FALSE
Rosada,Rosada,Pico,TRUE,Macro,2008,Winter,FALSE
Rosada,Rosada,Pico,TRUE,Macro,2009,Autumn,FALSE
Rosada,Rosada,Pico,TRUE,Macro,2009,Spring,FALSE
Rosada,Rosada,Pico,TRUE,Macro,2009,Summer,TRUE
Rosada,Rosada,Pico,TRUE,Macro,2009,Winter,TRUE
Rosada,Rosada,Pico,TRUE,Macro,2010,Autumn,FALSE
Rosada,Rosada,Pico,TRUE,Macro,2010,Spring,FALSE
Rosada,Rosada,Pico,TRUE,Macro,2010,Summer,TRUE
Rosada,Rosada,Pico,TRUE,Macro,2010,Winter,TRUE
Rosada,Rosada,Pico,TRUE,Macro,2011,Autumn,TRUE
Rosada,Rosada,Pico,TRUE,Macro,2011,Spring,TRUE
Rosada,Rosada,Pico,TRUE,Macro,2011,Summer,TRUE
Rosada,Rosada,Pico,TRUE,Macro,2011,Winter,TRUE
Rosada,Rosada,Pico,TRUE,Macro,2012,Autumn,TRUE
Rosada,Rosada,Pico,TRUE,Macro,2012,Spring,TRUE
Rosada,Rosada,Pico,TRUE,Macro,2012,Summer,TRUE
Rosada,Rosada,Pico,TRUE,Macro,2012,Winter,TRUE
Rosada,Rosada,Pico,TRUE,Macro,2013,Autumn,FALSE
Rosada,Rosada,Pico,TRUE,Macro,2013,Spring,FALSE
Rosada,Rosada,Pico,TRUE,Macro,2013,Summer,FALSE
Rosada,Rosada,Pico,TRUE,Macro,2013,Winter,FALSE
Rosada,Rosada,Pico,TRUE,Macro,2014,Autumn,FALSE
Rosada,Rosada,Pico,TRUE,Macro,2014,Spring,FALSE
Rosada,Rosada,Pico,TRUE,Macro,2014,Summer,FALSE
Rosada,Rosada,Pico,TRUE,Macro,2014,Winter,FALSE
Rosada,Rosada,Pico,TRUE,Macro,2015,Autumn,FALSE
Rosada,Rosada,Pico,TRUE,Macro,2015,Spring,FALSE
Rosada,Rosada,Pico,TRUE,Macro,2015,Summer,FALSE
Rosada,Rosada,Pico,TRUE,Macro,2015,Winter,FALSE
Rosada,Rosada,Pico,TRUE,Macro,2016,Autumn,FALSE
Rosada,Rosada,Pico,TRUE,Macro,2016,Spring,FALSE
Rosada,Rosada,Pico,TRUE,Macro,2016,Summer,FALSE
Rosada,Rosada,Pico,TRUE,Macro,2016,Winter,FALSE
Rosada,Rosada,Pico,TRUE,Macro,2017,Autumn,FALSE
Rosada,Rosada,Pico,TRUE,Macro,2017,Spring,FALSE
Rosada,Rosada,Pico,TRUE,Macro,2017,Summer,FALSE
Rosada,Rosada,Pico,TRUE,Macro,2017,Winter,FALSE
Rosada,Rosada,Pico,TRUE,Macro,2018,Autumn,FALSE
Rosada,Rosada,Pico,TRUE,Macro,2018,Spring,TRUE
Rosada,Rosada,Pico,TRUE,Macro,2018,Summer,FALSE
Rosada,Rosada,Pico,TRUE,Macro,2018,Winter,FALSE
Rosada,Rosada,Pico,TRUE,Macro,2019,Autumn,FALSE
Rosada,Rosada,Pico,TRUE,Macro,2019,Spring,FALSE
Rosada,Rosada,Pico,TRUE,Macro,2019,Summer,FALSE
Rosada,Rosada,Pico,TRUE,Macro,2019,Winter,FALSE
Rosada,Rosada,Pico,TRUE,Macro,2020,Autumn,FALSE
Rosada,Rosada,Pico,TRUE,Macro,2020,Spring,FALSE
Rosada,Rosada,Pico,TRUE,Macro,2020,Summer,FALSE
Rosada,Rosada,Pico,TRUE,Macro,2020,Winter,FALSE
Rosada,Rosada,Pico,TRUE,Macro,2021,Autumn,FALSE
Rosada,Rosada,Pico,TRUE,Macro,2021,Spring,FALSE
Rosada,Rosada,Pico,TRUE,Macro,2021,Summer,FALSE
Rosada,Rosada,Pico,TRUE,Macro,2021,Winter,FALSE
Rosada,Rosada,Pico,TRUE,Macro,2022,Autumn,FALSE
Rosada,Rosada,Pico,TRUE,Macro,2022,Spring,FALSE
Rosada,Rosada,Pico,TRUE,Macro,2022,Summer,FALSE
Rosada,Rosada,Pico,TRUE,Macro,2022,Winter,FALSE
Rosada,Rosada,Pico,TRUE,Macro,2023,Autumn,FALSE
Rosada,Rosada,Pico,TRUE,Macro,2023,Spring,FALSE
Rosada,Rosada,Pico,TRUE,Macro,2023,Summer,FALSE
Rosada,Rosada,Pico,TRUE,Macro,2023,Winter,FALSE
Rosada,Rosada,Pico,TRUE,Macro,2024,Autumn,TRUE
Rosada,Rosada,Pico,TRUE,Macro,2024,Spring,TRUE
Rosada,Rosada,Pico,TRUE,Macro,2024,Summer,TRUE
Rosada,Rosada,Pico,TRUE,Macro,2024,Winter,TRUE
Rosada,Rosada,Pico,TRUE,Macro,2025,Autumn,TRUE
Rosada,Rosada,Pico,TRUE,Macro,2025,Spring,TRUE
Rosada,Rosada,Pico,TRUE,Macro,2025,Summer,TRUE
Rosada,Rosada,Pico,TRUE,Macro,2025,Winter,TRUE
Rosada,Rosada,Pico,TRUE,Phyto,2003,Autumn,FALSE
Rosada,Rosada,Pico,TRUE,Phyto,2003,Spring,FALSE
Rosada,Rosada,Pico,TRUE,Phyto,2003,Summer,FALSE
Rosada,Rosada,Pico,TRUE,Phyto,2003,Winter,FALSE
Rosada,Rosada,Pico,TRUE,Phyto,2004,Autumn,FALSE
Rosada,Rosada,Pico,TRUE,Phyto,2004,Spring,FALSE
Rosada,Rosada,Pico,TRUE,Phyto,2004,Summer,FALSE
Rosada,Rosada,Pico,TRUE,Phyto,2004,Winter,FALSE
Rosada,Rosada,Pico,TRUE,Phyto,2005,Autumn,FALSE
Rosada,Rosada,Pico,TRUE,Phyto,2005,Spring,FALSE
Rosada,Rosada,Pico,TRUE,Phyto,2005,Summer,FALSE
Rosada,Rosada,Pico,TRUE,Phyto,2005,Winter,FALSE
Rosada,Rosada,Pico,TRUE,Phyto,2006,Autumn,FALSE
Rosada,Rosada,Pico,TRUE,Phyto,2006,Spring,FALSE
Rosada,Rosada,Pico,TRUE,Phyto,2006,Summer,TRUE
Rosada,Rosada,Pico,TRUE,Phyto,2006,Winter,TRUE
Rosada,Rosada,Pico,TRUE,Phyto,2007,Autumn,FALSE
Rosada,Rosada,Pico,TRUE,Phyto,2007,Spring,FALSE
Rosada,Rosada,Pico,TRUE,Phyto,2007,Summer,FALSE
Rosada,Rosada,Pico,TRUE,Phyto,2007,Winter,FALSE
Rosada,Rosada,Pico,TRUE,Phyto,2008,Autumn,TRUE
Rosada,Rosada,Pico,TRUE,Phyto,2008,Spring,TRUE
Rosada,Rosada,Pico,TRUE,Phyto,2008,Summer,FALSE
Rosada,Rosada,Pico,TRUE,Phyto,2008,Winter,FALSE
Rosada,Rosada,Pico,TRUE,Phyto,2009,Autumn,FALSE
Rosada,Rosada,Pico,TRUE,Phyto,2009,Spring,FALSE
Rosada,Rosada,Pico,TRUE,Phyto,2009,Summer,TRUE
Rosada,Rosada,Pico,TRUE,Phyto,2009,Winter,TRUE
Rosada,Rosada,Pico,TRUE,Phyto,2010,Autumn,FALSE
Rosada,Rosada,Pico,TRUE,Phyto,2010,Spring,FALSE
Rosada,Rosada,Pico,TRUE,Phyto,2010,Summer,TRUE
Rosada,Rosada,Pico,TRUE,Phyto,2010,Winter,TRUE
Rosada,Rosada,Pico,TRUE,Phyto,2011,Autumn,TRUE
Rosada,Rosada,Pico,TRUE,Phyto,2011,Spring,TRUE
Rosada,Rosada,Pico,TRUE,Phyto,2011,Summer,TRUE
Rosada,Rosada,Pico,TRUE,Phyto,2011,Winter,TRUE
Rosada,Rosada,Pico,TRUE,Phyto,2012,Autumn,TRUE
Rosada,Rosada,Pico,TRUE,Phyto,2012,Spring,TRUE
Rosada,Rosada,Pico,TRUE,Phyto,2012,Summer,TRUE
Rosada,Rosada,Pico,TRUE,Phyto,2012,Winter,TRUE
Rosada,Rosada,Pico,TRUE,Phyto,2013,Autumn,FALSE
Rosada,Rosada,Pico,TRUE,Phyto,2013,Spring,FALSE
Rosada,Rosada,Pico,TRUE,Phyto,2013,Summer,FALSE
Rosada,Rosada,Pico,TRUE,Phyto,2013,Winter,FALSE
Rosada,Rosada,Pico,TRUE,Phyto,2014,Autumn,FALSE
Rosada,Rosada,Pico,TRUE,Phyto,2014,Spring,FALSE
Rosada,Rosada,Pico,TRUE,Phyto,2014,Summer,FALSE
Rosada,Rosada,Pico,TRUE,Phyto,2014,Winter,FALSE
Rosada,Rosada,Pico,TRUE,Phyto,2015,Autumn,FALSE
Rosada,Rosada,Pico,TRUE,Phyto,2015,Spring,FALSE
Rosada,Rosada,Pico,TRUE,Phyto,2015,Summer,FALSE
Rosada,Rosada,Pico,TRUE,Phyto,2015,Winter,FALSE
Rosada,Rosada,Pico,TRUE,Phyto,2016,Autumn,FALSE
Rosada,Rosada,Pico,TRUE,Phyto,2016,Spring,FALSE
Rosada,Rosada,Pico,TRUE,Phyto,2016,Summer,FALSE
Rosada,Rosada,Pico,TRUE,Phyto,2016,Winter,FALSE
Rosada,Rosada,Pico,TRUE,Phyto,2017,Autumn,FALSE
Rosada,Rosada,Pico,TRUE,Phyto,2017,Spring,FALSE
Rosada,Rosada,Pico,TRUE,Phyto,2017,Summer,FALSE
Rosada,Rosada,Pico,TRUE,Phyto,2017,Winter,FALSE
Rosada,Rosada,Pico,TRUE,Phyto,2018,Autumn,TRUE
Rosada,Rosada,Pico,TRUE,Phyto,2018,Spring,FALSE
Rosada,Rosada,Pico,TRUE,Phyto,2018,Summer,TRUE
Rosada,Rosada,Pico,TRUE,Phyto,2018,Winter,TRUE
Rosada,Rosada,Pico,TRUE,Phyto,2019,Autumn,FALSE
Rosada,Rosada,Pico,TRUE,Phyto,2019,Spring,FALSE
Rosada,Rosada,Pico,TRUE,Phyto,2019,Summer,FALSE
Rosada,Rosada,Pico,TRUE,Phyto,2019,Winter,FALSE
Rosada,Rosada,Pico,TRUE,Phyto,2020,Autumn,FALSE
Rosada,Rosada,Pico,TRUE,Phyto,2020,Spring,FALSE
Rosada,Rosada,Pico,TRUE,Phyto,2020,Summer,FALSE
Rosada,Rosada,Pico,TRUE,Phyto,2020,Winter,FALSE
Rosada,Rosada,Pico,TRUE,Phyto,2021,Autumn,FALSE
Rosada,Rosada,Pico,TRUE,Phyto,2021,Spring,FALSE
Rosada,Rosada,Pico,TRUE,Phyto,2021,Summer,FALSE
Rosada,Rosada,Pico,TRUE,Phyto,2021,Winter,FALSE
Rosada,Rosada,Pico,TRUE,Phyto,2022,Autumn,FALSE
Rosada,Rosada,Pico,TRUE,Phyto,2022,Spring,FALSE
Rosada,Rosada,Pico,TRUE,Phyto,2022,Summer,FALSE
Rosada,Rosada,Pico,TRUE,Phyto,2022,Winter,FALSE
Rosada,Rosada,Pico,TRUE,Phyto,2023,Autumn,FALSE
Rosada,Rosada,Pico,TRUE,Phyto,2023,Spring,FALSE
Rosada,Rosada,Pico,TRUE,Phyto,2023,Summer,FALSE
Rosada,Rosada,Pico,TRUE,Phyto,2023,Winter,FALSE
Rosada,Rosada,Pico,TRUE,Phyto,2024,Autumn,TRUE
Rosada,Rosada,Pico,TRUE,Phyto,2024,Spring,TRUE
Rosada,Rosada,Pico,TRUE,Phyto,2024,Summer,TRUE
Rosada,Rosada,Pico,TRUE,Phyto,2024,Winter,TRUE
Rosada,Rosada,Pico,TRUE,Phyto,2025,Autumn,TRUE
Rosada,Rosada,Pico,TRUE,Phyto,2025,Spring,TRUE
Rosada,Rosada,Pico,TRUE,Phyto,2025,Summer,TRUE
Rosada,Rosada,Pico,TRUE,Phyto,2025,Winter,TRUE
Rosada,Rosada,Pico,TRUE,Zoo,2003,Autumn,FALSE
Rosada,Rosada,Pico,TRUE,Zoo,2003,Spring,FALSE
Rosada,Rosada,Pico,TRUE,Zoo,2003,Summer,FALSE
Rosada,Rosada,Pico,TRUE,Zoo,2003,Winter,FALSE
Rosada,Rosada,Pico,TRUE,Zoo,2004,Autumn,FALSE
Rosada,Rosada,Pico,TRUE,Zoo,2004,Spring,FALSE
Rosada,Rosada,Pico,TRUE,Zoo,2004,Summer,FALSE
Rosada,Rosada,Pico,TRUE,Zoo,2004,Winter,FALSE
Rosada,Rosada,Pico,TRUE,Zoo,2005,Autumn,FALSE
Rosada,Rosada,Pico,TRUE,Zoo,2005,Spring,FALSE
Rosada,Rosada,Pico,TRUE,Zoo,2005,Summer,FALSE
Rosada,Rosada,Pico,TRUE,Zoo,2005,Winter,FALSE
Rosada,Rosada,Pico,TRUE,Zoo,2006,Autumn,FALSE
Rosada,Rosada,Pico,TRUE,Zoo,2006,Spring,FALSE
Rosada,Rosada,Pico,TRUE,Zoo,2006,Summer,FALSE
Rosada,Rosada,Pico,TRUE,Zoo,2006,Winter,FALSE
Rosada,Rosada,Pico,TRUE,Zoo,2007,Autumn,FALSE
Rosada,Rosada,Pico,TRUE,Zoo,2007,Spring,FALSE
Rosada,Rosada,Pico,TRUE,Zoo,2007,Summer,FALSE
Rosada,Rosada,Pico,TRUE,Zoo,2007,Winter,FALSE
Rosada,Rosada,Pico,TRUE,Zoo,2008,Autumn,FALSE
Rosada,Rosada,Pico,TRUE,Zoo,2008,Spring,FALSE
Rosada,Rosada,Pico,TRUE,Zoo,2008,Summer,FALSE
Rosada,Rosada,Pico,TRUE,Zoo,2008,Winter,FALSE
Rosada,Rosada,Pico,TRUE,Zoo,2009,Autumn,FALSE
Rosada,Rosada,Pico,TRUE,Zoo,2009,Spring,FALSE
Rosada,Rosada,Pico,TRUE,Zoo,2009,Summer,FALSE
Rosada,Rosada,Pico,TRUE,Zoo,2009,Winter,FALSE
Rosada,Rosada,Pico,TRUE,Zoo,2010,Autumn,FALSE
Rosada,Rosada,Pico,TRUE,Zoo,2010,Spring,FALSE
Rosada,Rosada,Pico,TRUE,Zoo,2010,Summer,FALSE
Rosada,Rosada,Pico,TRUE,Zoo,2010,Winter,FALSE
Rosada,Rosada,Pico,TRUE,Zoo,2011,Autumn,FALSE
Rosada,Rosada,Pico,TRUE,Zoo,2011,Spring,FALSE
Rosada,Rosada,Pico,TRUE,Zoo,2011,Summer,TRUE
Rosada,Rosada,Pico,TRUE,Zoo,2011,Winter,FALSE
Rosada,Rosada,Pico,TRUE,Zoo,2012,Autumn,FALSE
Rosada,Rosada,Pico,TRUE,Zoo,2012,Spring,FALSE
Rosada,Rosada,Pico,TRUE,Zoo,2012,Summer,FALSE
Rosada,Rosada,Pico,TRUE,Zoo,2012,Winter,FALSE
Rosada,Rosada,Pico,TRUE,Zoo,2013,Autumn,FALSE
Rosada,Rosada,Pico,TRUE,Zoo,2013,Spring,FALSE
Rosada,Rosada,Pico,TRUE,Zoo,2013,Summer,FALSE
Rosada,Rosada,Pico,TRUE,Zoo,2013,Winter,FALSE
Rosada,Rosada,Pico,TRUE,Zoo,2014,Autumn,FALSE
Rosada,Rosada,Pico,TRUE,Zoo,2014,Spring,FALSE
Rosada,Rosada,Pico,TRUE,Zoo,2014,Summer,FALSE
Rosada,Rosada,Pico,TRUE,Zoo,2014,Winter,FALSE
Rosada,Rosada,Pico,TRUE,Zoo,2015,Autumn,FALSE
Rosada,Rosada,Pico,TRUE,Zoo,2015,Spring,FALSE
Rosada,Rosada,Pico,TRUE,Zoo,2015,Summer,FALSE
Rosada,Rosada,Pico,TRUE,Zoo,2015,Winter,FALSE
Rosada,Rosada,Pico,TRUE,Zoo,2016,Autumn,FALSE
Rosada,Rosada,Pico,TRUE,Zoo,2016,Spring,FALSE
Rosada,Rosada,Pico,TRUE,Zoo,2016,Summer,FALSE
Rosada,Rosada,Pico,TRUE,Zoo,2016,Winter,FALSE
Rosada,Rosada,Pico,TRUE,Zoo,2017,Autumn,FALSE
Rosada,Rosada,Pico,TRUE,Zoo,2017,Spring,FALSE
Rosada,Rosada,Pico,TRUE,Zoo,2017,Summer,FALSE
Rosada,Rosada,Pico,TRUE,Zoo,2017,Winter,FALSE
Rosada,Rosada,Pico,TRUE,Zoo,2018,Autumn,FALSE
Rosada,Rosada,Pico,TRUE,Zoo,2018,Spring,FALSE
Rosada,Rosada,Pico,TRUE,Zoo,2018,Summer,FALSE
Rosada,Rosada,Pico,TRUE,Zoo,2018,Winter,FALSE
Rosada,Rosada,Pico,TRUE,Zoo,2019,Autumn,FALSE
Rosada,Rosada,Pico,TRUE,Zoo,2019,Spring,FALSE
Rosada,Rosada,Pico,TRUE,Zoo,2019,Summer,FALSE
Rosada,Rosada,Pico,TRUE,Zoo,2019,Winter,FALSE
Rosada,Rosada,Pico,TRUE,Zoo,2020,Autumn,FALSE
Rosada,Rosada,Pico,TRUE,Zoo,2020,Spring,FALSE
Rosada,Rosada,Pico,TRUE,Zoo,2020,Summer,FALSE
Rosada,Rosada,Pico,TRUE,Zoo,2020,Winter,FALSE
Rosada,Rosada,Pico,TRUE,Zoo,2021,Autumn,FALSE
Rosada,Rosada,Pico,TRUE,Zoo,2021,Spring,FALSE
Rosada,Rosada,Pico,TRUE,Zoo,2021,Summer,FALSE
Rosada,Rosada,Pico,TRUE,Zoo,2021,Winter,FALSE
Rosada,Rosada,Pico,TRUE,Zoo,2022,Autumn,FALSE
Rosada,Rosada,Pico,TRUE,Zoo,2022,Spring,FALSE
Rosada,Rosada,Pico,TRUE,Zoo,2022,Summer,FALSE
Rosada,Rosada,Pico,TRUE,Zoo,2022,Winter,FALSE
Rosada,Rosada,Pico,TRUE,Zoo,2023,Autumn,FALSE
Rosada,Rosada,Pico,TRUE,Zoo,2023,Spring,FALSE
Rosada,Rosada,Pico,TRUE,Zoo,2023,Summer,FALSE
Rosada,Rosada,Pico,TRUE,Zoo,2023,Winter,FALSE
Rosada,Rosada,Pico,TRUE,Zoo,2024,Autumn,FALSE
Rosada,Rosada,Pico,TRUE,Zoo,2024,Spring,FALSE
Rosada,Rosada,Pico,TRUE,Zoo,2024,Summer,FALSE
Rosada,Rosada,Pico,TRUE,Zoo,2024,Winter,FALSE
Rosada,Rosada,Pico,TRUE,Zoo,2025,Autumn,FALSE
Rosada,Rosada,Pico,TRUE,Zoo,2025,Spring,TRUE
Rosada,Rosada,Pico,TRUE,Zoo,2025,Summer,FALSE
Rosada,Rosada,Pico,TRUE,Zoo,2025,Winter,FALSE
Santiago,Santiago,Sao Miguel,TRUE,Diatom,2003,Autumn,FALSE
Santiago,Santiago,Sao Miguel,TRUE,Diatom,2003,Spring,FALSE
Santiago,Santiago,Sao Miguel,TRUE,Diatom,2003,Summer,FALSE
Santiago,Santiago,Sao Miguel,TRUE,Diatom,2003,Winter,FALSE
Santiago,Santiago,Sao Miguel,TRUE,Diatom,2004,Autumn,FALSE
Santiago,Santiago,Sao Miguel,TRUE,Diatom,2004,Spring,FALSE
Santiago,Santiago,Sao Miguel,TRUE,Diatom,2004,Summer,FALSE
Santiago,Santiago,Sao Miguel,TRUE,Diatom,2004,Winter,FALSE
Santiago,Santiago,Sao Miguel,TRUE,Diatom,2005,Autumn,FALSE
Santiago,Santiago,Sao Miguel,TRUE,Diatom,2005,Spring,FALSE
Santiago,Santiago,Sao Miguel,TRUE,Diatom,2005,Summer,FALSE
Santiago,Santiago,Sao Miguel,TRUE,Diatom,2005,Winter,FALSE
Santiago,Santiago,Sao Miguel,TRUE,Diatom,2006,Autumn,FALSE
Santiago,Santiago,Sao Miguel,TRUE,Diatom,2006,Spring,FALSE
Santiago,Santiago,Sao Miguel,TRUE,Diatom,2006,Summer,FALSE
Santiago,Santiago,Sao Miguel,TRUE,Diatom,2006,Winter,FALSE
Santiago,Santiago,Sao Miguel,TRUE,Diatom,2007,Autumn,FALSE
Santiago,Santiago,Sao Miguel,TRUE,Diatom,2007,Spring,FALSE
Santiago,Santiago,Sao Miguel,TRUE,Diatom,2007,Summer,FALSE
Santiago,Santiago,Sao Miguel,TRUE,Diatom,2007,Winter,FALSE
Santiago,Santiago,Sao Miguel,TRUE,Diatom,2008,Autumn,FALSE
Santiago,Santiago,Sao Miguel,TRUE,Diatom,2008,Spring,TRUE
Santiago,Santiago,Sao Miguel,TRUE,Diatom,2008,Summer,FALSE
Santiago,Santiago,Sao Miguel,TRUE,Diatom,2008,Winter,FALSE
Santiago,Santiago,Sao Miguel,TRUE,Diatom,2009,Autumn,TRUE
Santiago,Santiago,Sao Miguel,TRUE,Diatom,2009,Spring,FALSE
Santiago,Santiago,Sao Miguel,TRUE,Diatom,2009,Summer,FALSE
Santiago,Santiago,Sao Miguel,TRUE,Diatom,2009,Winter,FALSE
Santiago,Santiago,Sao Miguel,TRUE,Diatom,2010,Autumn,FALSE
Santiago,Santiago,Sao Miguel,TRUE,Diatom,2010,Spring,FALSE
Santiago,Santiago,Sao Miguel,TRUE,Diatom,2010,Summer,FALSE
Santiago,Santiago,Sao Miguel,TRUE,Diatom,2010,Winter,TRUE
Santiago,Santiago,Sao Miguel,TRUE,Diatom,2011,Autumn,TRUE
Santiago,Santiago,Sao Miguel,TRUE,Diatom,2011,Spring,FALSE
Santiago,Santiago,Sao Miguel,TRUE,Diatom,2011,Summer,FALSE
Santiago,Santiago,Sao Miguel,TRUE,Diatom,2011,Winter,FALSE
Santiago,Santiago,Sao Miguel,TRUE,Diatom,2012,Autumn,TRUE
Santiago,Santiago,Sao Miguel,TRUE,Diatom,2012,Spring,TRUE
Santiago,Santiago,Sao Miguel,TRUE,Diatom,2012,Summer,TRUE
Santiago,Santiago,Sao Miguel,TRUE,Diatom,2012,Winter,TRUE
Santiago,Santiago,Sao Miguel,TRUE,Diatom,2013,Autumn,FALSE
Santiago,Santiago,Sao Miguel,TRUE,Diatom,2013,Spring,FALSE
Santiago,Santiago,Sao Miguel,TRUE,Diatom,2013,Summer,FALSE
Santiago,Santiago,Sao Miguel,TRUE,Diatom,2013,Winter,FALSE
Santiago,Santiago,Sao Miguel,TRUE,Diatom,2014,Autumn,FALSE
Santiago,Santiago,Sao Miguel,TRUE,Diatom,2014,Spring,FALSE
Santiago,Santiago,Sao Miguel,TRUE,Diatom,2014,Summer,FALSE
Santiago,Santiago,Sao Miguel,TRUE,Diatom,2014,Winter,FALSE
Santiago,Santiago,Sao Miguel,TRUE,Diatom,2015,Autumn,TRUE
Santiago,Santiago,Sao Miguel,TRUE,Diatom,2015,Spring,FALSE
Santiago,Santiago,Sao Miguel,TRUE,Diatom,2015,Summer,FALSE
Santiago,Santiago,Sao Miguel,TRUE,Diatom,2015,Winter,FALSE
Santiago,Santiago,Sao Miguel,TRUE,Diatom,2016,Autumn,TRUE
Santiago,Santiago,Sao Miguel,TRUE,Diatom,2016,Spring,FALSE
Santiago,Santiago,Sao Miguel,TRUE,Diatom,2016,Summer,TRUE
Santiago,Santiago,Sao Miguel,TRUE,Diatom,2016,Winter,FALSE
Santiago,Santiago,Sao Miguel,TRUE,Diatom,2017,Autumn,TRUE
Santiago,Santiago,Sao Miguel,TRUE,Diatom,2017,Spring,FALSE
Santiago,Santiago,Sao Miguel,TRUE,Diatom,2017,Summer,FALSE
Santiago,Santiago,Sao Miguel,TRUE,Diatom,2017,Winter,FALSE
Santiago,Santiago,Sao Miguel,TRUE,Diatom,2018,Autumn,FALSE
Santiago,Santiago,Sao Miguel,TRUE,Diatom,2018,Spring,TRUE
Santiago,Santiago,Sao Miguel,TRUE,Diatom,2018,Summer,TRUE
Santiago,Santiago,Sao Miguel,TRUE,Diatom,2018,Winter,TRUE
Santiago,Santiago,Sao Miguel,TRUE,Diatom,2019,Autumn,FALSE
Santiago,Santiago,Sao Miguel,TRUE,Diatom,2019,Spring,FALSE
Santiago,Santiago,Sao Miguel,TRUE,Diatom,2019,Summer,FALSE
Santiago,Santiago,Sao Miguel,TRUE,Diatom,2019,Winter,FALSE
Santiago,Santiago,Sao Miguel,TRUE,Diatom,2020,Autumn,FALSE
Santiago,Santiago,Sao Miguel,TRUE,Diatom,2020,Spring,FALSE
Santiago,Santiago,Sao Miguel,TRUE,Diatom,2020,Summer,FALSE
Santiago,Santiago,Sao Miguel,TRUE,Diatom,2020,Winter,FALSE
Santiago,Santiago,Sao Miguel,TRUE,Diatom,2021,Autumn,FALSE
Santiago,Santiago,Sao Miguel,TRUE,Diatom,2021,Spring,FALSE
Santiago,Santiago,Sao Miguel,TRUE,Diatom,2021,Summer,FALSE
Santiago,Santiago,Sao Miguel,TRUE,Diatom,2021,Winter,FALSE
Santiago,Santiago,Sao Miguel,TRUE,Diatom,2022,Autumn,FALSE
Santiago,Santiago,Sao Miguel,TRUE,Diatom,2022,Spring,FALSE
Santiago,Santiago,Sao Miguel,TRUE,Diatom,2022,Summer,FALSE
Santiago,Santiago,Sao Miguel,TRUE,Diatom,2022,Winter,FALSE
Santiago,Santiago,Sao Miguel,TRUE,Diatom,2023,Autumn,FALSE
Santiago,Santiago,Sao Miguel,TRUE,Diatom,2023,Spring,FALSE
Santiago,Santiago,Sao Miguel,TRUE,Diatom,2023,Summer,FALSE
Santiago,Santiago,Sao Miguel,TRUE,Diatom,2023,Winter,FALSE
Santiago,Santiago,Sao Miguel,TRUE,Diatom,2024,Autumn,TRUE
Santiago,Santiago,Sao Miguel,TRUE,Diatom,2024,Spring,TRUE
Santiago,Santiago,Sao Miguel,TRUE,Diatom,2024,Summer,TRUE
Santiago,Santiago,Sao Miguel,TRUE,Diatom,2024,Winter,TRUE
Santiago,Santiago,Sao Miguel,TRUE,Diatom,2025,Autumn,TRUE
Santiago,Santiago,Sao Miguel,TRUE,Diatom,2025,Spring,TRUE
Santiago,Santiago,Sao Miguel,TRUE,Diatom,2025,Summer,TRUE
Santiago,Santiago,Sao Miguel,TRUE,Diatom,2025,Winter,TRUE
Santiago,Santiago,Sao Miguel,TRUE,Env,2003,Autumn,FALSE
Santiago,Santiago,Sao Miguel,TRUE,Env,2003,Spring,FALSE
Santiago,Santiago,Sao Miguel,TRUE,Env,2003,Summer,FALSE
Santiago,Santiago,Sao Miguel,TRUE,Env,2003,Winter,FALSE
Santiago,Santiago,Sao Miguel,TRUE,Env,2004,Autumn,FALSE
Santiago,Santiago,Sao Miguel,TRUE,Env,2004,Spring,FALSE
Santiago,Santiago,Sao Miguel,TRUE,Env,2004,Summer,FALSE
Santiago,Santiago,Sao Miguel,TRUE,Env,2004,Winter,FALSE
Santiago,Santiago,Sao Miguel,TRUE,Env,2005,Autumn,FALSE
Santiago,Santiago,Sao Miguel,TRUE,Env,2005,Spring,FALSE
Santiago,Santiago,Sao Miguel,TRUE,Env,2005,Summer,FALSE
Santiago,Santiago,Sao Miguel,TRUE,Env,2005,Winter,FALSE
Santiago,Santiago,Sao Miguel,TRUE,Env,2006,Autumn,FALSE
Santiago,Santiago,Sao Miguel,TRUE,Env,2006,Spring,FALSE
Santiago,Santiago,Sao Miguel,TRUE,Env,2006,Summer,FALSE
Santiago,Santiago,Sao Miguel,TRUE,Env,2006,Winter,FALSE
Santiago,Santiago,Sao Miguel,TRUE,Env,2007,Autumn,FALSE
Santiago,Santiago,Sao Miguel,TRUE,Env,2007,Spring,FALSE
Santiago,Santiago,Sao Miguel,TRUE,Env,2007,Summer,FALSE
Santiago,Santiago,Sao Miguel,TRUE,Env,2007,Winter,FALSE
Santiago,Santiago,Sao Miguel,TRUE,Env,2008,Autumn,TRUE
Santiago,Santiago,Sao Miguel,TRUE,Env,2008,Spring,TRUE
Santiago,Santiago,Sao Miguel,TRUE,Env,2008,Summer,TRUE
Santiago,Santiago,Sao Miguel,TRUE,Env,2008,Winter,TRUE
Santiago,Santiago,Sao Miguel,TRUE,Env,2009,Autumn,FALSE
Santiago,Santiago,Sao Miguel,TRUE,Env,2009,Spring,FALSE
Santiago,Santiago,Sao Miguel,TRUE,Env,2009,Summer,FALSE
Santiago,Santiago,Sao Miguel,TRUE,Env,2009,Winter,FALSE
Santiago,Santiago,Sao Miguel,TRUE,Env,2010,Autumn,TRUE
Santiago,Santiago,Sao Miguel,TRUE,Env,2010,Spring,TRUE
Santiago,Santiago,Sao Miguel,TRUE,Env,2010,Summer,TRUE
Santiago,Santiago,Sao Miguel,TRUE,Env,2010,Winter,TRUE
Santiago,Santiago,Sao Miguel,TRUE,Env,2011,Autumn,TRUE
Santiago,Santiago,Sao Miguel,TRUE,Env,2011,Spring,TRUE
Santiago,Santiago,Sao Miguel,TRUE,Env,2011,Summer,TRUE
Santiago,Santiago,Sao Miguel,TRUE,Env,2011,Winter,TRUE
Santiago,Santiago,Sao Miguel,TRUE,Env,2012,Autumn,TRUE
Santiago,Santiago,Sao Miguel,TRUE,Env,2012,Spring,TRUE
Santiago,Santiago,Sao Miguel,TRUE,Env,2012,Summer,TRUE
Santiago,Santiago,Sao Miguel,TRUE,Env,2012,Winter,TRUE
Santiago,Santiago,Sao Miguel,TRUE,Env,2013,Autumn,FALSE
Santiago,Santiago,Sao Miguel,TRUE,Env,2013,Spring,FALSE
Santiago,Santiago,Sao Miguel,TRUE,Env,2013,Summer,FALSE
Santiago,Santiago,Sao Miguel,TRUE,Env,2013,Winter,FALSE
Santiago,Santiago,Sao Miguel,TRUE,Env,2014,Autumn,FALSE
Santiago,Santiago,Sao Miguel,TRUE,Env,2014,Spring,FALSE
Santiago,Santiago,Sao Miguel,TRUE,Env,2014,Summer,FALSE
Santiago,Santiago,Sao Miguel,TRUE,Env,2014,Winter,FALSE
Santiago,Santiago,Sao Miguel,TRUE,Env,2015,Autumn,FALSE
Santiago,Santiago,Sao Miguel,TRUE,Env,2015,Spring,FALSE
Santiago,Santiago,Sao Miguel,TRUE,Env,2015,Summer,FALSE
Santiago,Santiago,Sao Miguel,TRUE,Env,2015,Winter,FALSE
Santiago,Santiago,Sao Miguel,TRUE,Env,2016,Autumn,FALSE
Santiago,Santiago,Sao Miguel,TRUE,Env,2016,Spring,FALSE
Santiago,Santiago,Sao Miguel,TRUE,Env,2016,Summer,FALSE
Santiago,Santiago,Sao Miguel,TRUE,Env,2016,Winter,FALSE
Santiago,Santiago,Sao Miguel,TRUE,Env,2017,Autumn,FALSE
Santiago,Santiago,Sao Miguel,TRUE,Env,2017,Spring,FALSE
Santiago,Santiago,Sao Miguel,TRUE,Env,2017,Summer,FALSE
Santiago,Santiago,Sao Miguel,TRUE,Env,2017,Winter,FALSE
Santiago,Santiago,Sao Miguel,TRUE,Env,2018,Autumn,FALSE
Santiago,Santiago,Sao Miguel,TRUE,Env,2018,Spring,TRUE
Santiago,Santiago,Sao Miguel,TRUE,Env,2018,Summer,FALSE
Santiago,Santiago,Sao Miguel,TRUE,Env,2018,Winter,FALSE
Santiago,Santiago,Sao Miguel,TRUE,Env,2019,Autumn,FALSE
Santiago,Santiago,Sao Miguel,TRUE,Env,2019,Spring,FALSE
Santiago,Santiago,Sao Miguel,TRUE,Env,2019,Summer,FALSE
Santiago,Santiago,Sao Miguel,TRUE,Env,2019,Winter,FALSE
Santiago,Santiago,Sao Miguel,TRUE,Env,2020,Autumn,FALSE
Santiago,Santiago,Sao Miguel,TRUE,Env,2020,Spring,FALSE
Santiago,Santiago,Sao Miguel,TRUE,Env,2020,Summer,FALSE
Santiago,Santiago,Sao Miguel,TRUE,Env,2020,Winter,FALSE
Santiago,Santiago,Sao Miguel,TRUE,Env,2021,Autumn,FALSE
Santiago,Santiago,Sao Miguel,TRUE,Env,2021,Spring,FALSE
Santiago,Santiago,Sao Miguel,TRUE,Env,2021,Summer,FALSE
Santiago,Santiago,Sao Miguel,TRUE,Env,2021,Winter,FALSE
Santiago,Santiago,Sao Miguel,TRUE,Env,2022,Autumn,FALSE
Santiago,Santiago,Sao Miguel,TRUE,Env,2022,Spring,FALSE
Santiago,Santiago,Sao Miguel,TRUE,Env,2022,Summer,FALSE
Santiago,Santiago,Sao Miguel,TRUE,Env,2022,Winter,FALSE
Santiago,Santiago,Sao Miguel,TRUE,Env,2023,Autumn,FALSE
Santiago,Santiago,Sao Miguel,TRUE,Env,2023,Spring,FALSE
Santiago,Santiago,Sao Miguel,TRUE,Env,2023,Summer,FALSE
Santiago,Santiago,Sao Miguel,TRUE,Env,2023,Winter,FALSE
Santiago,Santiago,Sao Miguel,TRUE,Env,2024,Autumn,TRUE
Santiago,Santiago,Sao Miguel,TRUE,Env,2024,Spring,TRUE
Santiago,Santiago,Sao Miguel,TRUE,Env,2024,Summer,TRUE
Santiago,Santiago,Sao Miguel,TRUE,Env,2024,Winter,TRUE
Santiago,Santiago,Sao Miguel,TRUE,Env,2025,Autumn,TRUE
Santiago,Santiago,Sao Miguel,TRUE,Env,2025,Spring,TRUE
Santiago,Santiago,Sao Miguel,TRUE,Env,2025,Summer,TRUE
Santiago,Santiago,Sao Miguel,TRUE,Env,2025,Winter,TRUE
Santiago,Santiago,Sao Miguel,TRUE,Macro,2003,Autumn,FALSE
Santiago,Santiago,Sao Miguel,TRUE,Macro,2003,Spring,FALSE
Santiago,Santiago,Sao Miguel,TRUE,Macro,2003,Summer,FALSE
Santiago,Santiago,Sao Miguel,TRUE,Macro,2003,Winter,FALSE
Santiago,Santiago,Sao Miguel,TRUE,Macro,2004,Autumn,FALSE
Santiago,Santiago,Sao Miguel,TRUE,Macro,2004,Spring,FALSE
Santiago,Santiago,Sao Miguel,TRUE,Macro,2004,Summer,FALSE
Santiago,Santiago,Sao Miguel,TRUE,Macro,2004,Winter,FALSE
Santiago,Santiago,Sao Miguel,TRUE,Macro,2005,Autumn,FALSE
Santiago,Santiago,Sao Miguel,TRUE,Macro,2005,Spring,FALSE
Santiago,Santiago,Sao Miguel,TRUE,Macro,2005,Summer,FALSE
Santiago,Santiago,Sao Miguel,TRUE,Macro,2005,Winter,FALSE
Santiago,Santiago,Sao Miguel,TRUE,Macro,2006,Autumn,FALSE
Santiago,Santiago,Sao Miguel,TRUE,Macro,2006,Spring,FALSE
Santiago,Santiago,Sao Miguel,TRUE,Macro,2006,Summer,FALSE
Santiago,Santiago,Sao Miguel,TRUE,Macro,2006,Winter,FALSE
Santiago,Santiago,Sao Miguel,TRUE,Macro,2007,Autumn,FALSE
Santiago,Santiago,Sao Miguel,TRUE,Macro,2007,Spring,FALSE
Santiago,Santiago,Sao Miguel,TRUE,Macro,2007,Summer,FALSE
Santiago,Santiago,Sao Miguel,TRUE,Macro,2007,Winter,FALSE
Santiago,Santiago,Sao Miguel,TRUE,Macro,2008,Autumn,TRUE
Santiago,Santiago,Sao Miguel,TRUE,Macro,2008,Spring,TRUE
Santiago,Santiago,Sao Miguel,TRUE,Macro,2008,Summer,TRUE
Santiago,Santiago,Sao Miguel,TRUE,Macro,2008,Winter,FALSE
Santiago,Santiago,Sao Miguel,TRUE,Macro,2009,Autumn,FALSE
Santiago,Santiago,Sao Miguel,TRUE,Macro,2009,Spring,FALSE
Santiago,Santiago,Sao Miguel,TRUE,Macro,2009,Summer,TRUE
Santiago,Santiago,Sao Miguel,TRUE,Macro,2009,Winter,TRUE
Santiago,Santiago,Sao Miguel,TRUE,Macro,2010,Autumn,FALSE
Santiago,Santiago,Sao Miguel,TRUE,Macro,2010,Spring,FALSE
Santiago,Santiago,Sao Miguel,TRUE,Macro,2010,Summer,TRUE
Santiago,Santiago,Sao Miguel,TRUE,Macro,2010,Winter,TRUE
Santiago,Santiago,Sao Miguel,TRUE,Macro,2011,Autumn,TRUE
Santiago,Santiago,Sao Miguel,TRUE,Macro,2011,Spring,FALSE
Santiago,Santiago,Sao Miguel,TRUE,Macro,2011,Summer,FALSE
Santiago,Santiago,Sao Miguel,TRUE,Macro,2011,Winter,FALSE
Santiago,Santiago,Sao Miguel,TRUE,Macro,2012,Autumn,TRUE
Santiago,Santiago,Sao Miguel,TRUE,Macro,2012,Spring,TRUE
Santiago,Santiago,Sao Miguel,TRUE,Macro,2012,Summer,TRUE
Santiago,Santiago,Sao Miguel,TRUE,Macro,2012,Winter,TRUE
Santiago,Santiago,Sao Miguel,TRUE,Macro,2013,Autumn,FALSE
Santiago,Santiago,Sao Miguel,TRUE,Macro,2013,Spring,FALSE
Santiago,Santiago,Sao Miguel,TRUE,Macro,2013,Summer,FALSE
Santiago,Santiago,Sao Miguel,TRUE,Macro,2013,Winter,FALSE
Santiago,Santiago,Sao Miguel,TRUE,Macro,2014,Autumn,FALSE
Santiago,Santiago,Sao Miguel,TRUE,Macro,2014,Spring,FALSE
Santiago,Santiago,Sao Miguel,TRUE,Macro,2014,Summer,FALSE
Santiago,Santiago,Sao Miguel,TRUE,Macro,2014,Winter,FALSE
Santiago,Santiago,Sao Miguel,TRUE,Macro,2015,Autumn,FALSE
Santiago,Santiago,Sao Miguel,TRUE,Macro,2015,Spring,FALSE
Santiago,Santiago,Sao Miguel,TRUE,Macro,2015,Summer,FALSE
Santiago,Santiago,Sao Miguel,TRUE,Macro,2015,Winter,FALSE
Santiago,Santiago,Sao Miguel,TRUE,Macro,2016,Autumn,FALSE
Santiago,Santiago,Sao Miguel,TRUE,Macro,2016,Spring,FALSE
Santiago,Santiago,Sao Miguel,TRUE,Macro,2016,Summer,FALSE
Santiago,Santiago,Sao Miguel,TRUE,Macro,2016,Winter,FALSE
Santiago,Santiago,Sao Miguel,TRUE,Macro,2017,Autumn,FALSE
Santiago,Santiago,Sao Miguel,TRUE,Macro,2017,Spring,FALSE
Santiago,Santiago,Sao Miguel,TRUE,Macro,2017,Summer,FALSE
Santiago,Santiago,Sao Miguel,TRUE,Macro,2017,Winter,FALSE
Santiago,Santiago,Sao Miguel,TRUE,Macro,2018,Autumn,FALSE
Santiago,Santiago,Sao Miguel,TRUE,Macro,2018,Spring,TRUE
Santiago,Santiago,Sao Miguel,TRUE,Macro,2018,Summer,FALSE
Santiago,Santiago,Sao Miguel,TRUE,Macro,2018,Winter,FALSE
Santiago,Santiago,Sao Miguel,TRUE,Macro,2019,Autumn,FALSE
Santiago,Santiago,Sao Miguel,TRUE,Macro,2019,Spring,FALSE
Santiago,Santiago,Sao Miguel,TRUE,Macro,2019,Summer,FALSE
Santiago,Santiago,Sao Miguel,TRUE,Macro,2019,Winter,FALSE
Santiago,Santiago,Sao Miguel,TRUE,Macro,2020,Autumn,FALSE
Santiago,Santiago,Sao Miguel,TRUE,Macro,2020,Spring,FALSE
Santiago,Santiago,Sao Miguel,TRUE,Macro,2020,Summer,FALSE
Santiago,Santiago,Sao Miguel,TRUE,Macro,2020,Winter,FALSE
Santiago,Santiago,Sao Miguel,TRUE,Macro,2021,Autumn,FALSE
Santiago,Santiago,Sao Miguel,TRUE,Macro,2021,Spring,FALSE
Santiago,Santiago,Sao Miguel,TRUE,Macro,2021,Summer,FALSE
Santiago,Santiago,Sao Miguel,TRUE,Macro,2021,Winter,FALSE
Santiago,Santiago,Sao Miguel,TRUE,Macro,2022,Autumn,FALSE
Santiago,Santiago,Sao Miguel,TRUE,Macro,2022,Spring,FALSE
Santiago,Santiago,Sao Miguel,TRUE,Macro,2022,Summer,FALSE
Santiago,Santiago,Sao Miguel,TRUE,Macro,2022,Winter,FALSE
Santiago,Santiago,Sao Miguel,TRUE,Macro,2023,Autumn,FALSE
Santiago,Santiago,Sao Miguel,TRUE,Macro,2023,Spring,FALSE
Santiago,Santiago,Sao Miguel,TRUE,Macro,2023,Summer,FALSE
Santiago,Santiago,Sao Miguel,TRUE,Macro,2023,Winter,FALSE
Santiago,Santiago,Sao Miguel,TRUE,Macro,2024,Autumn,TRUE
Santiago,Santiago,Sao Miguel,TRUE,Macro,2024,Spring,TRUE
Santiago,Santiago,Sao Miguel,TRUE,Macro,2024,Summer,TRUE
Santiago,Santiago,Sao Miguel,TRUE,Macro,2024,Winter,TRUE
Santiago,Santiago,Sao Miguel,TRUE,Macro,2025,Autumn,TRUE
Santiago,Santiago,Sao Miguel,TRUE,Macro,2025,Spring,TRUE
Santiago,Santiago,Sao Miguel,TRUE,Macro,2025,Summer,TRUE
Santiago,Santiago,Sao Miguel,TRUE,Macro,2025,Winter,TRUE
Santiago,Santiago,Sao Miguel,TRUE,Phyto,2003,Autumn,FALSE
Santiago,Santiago,Sao Miguel,TRUE,Phyto,2003,Spring,FALSE
Santiago,Santiago,Sao Miguel,TRUE,Phyto,2003,Summer,FALSE
Santiago,Santiago,Sao Miguel,TRUE,Phyto,2003,Winter,FALSE
Santiago,Santiago,Sao Miguel,TRUE,Phyto,2004,Autumn,FALSE
Santiago,Santiago,Sao Miguel,TRUE,Phyto,2004,Spring,FALSE
Santiago,Santiago,Sao Miguel,TRUE,Phyto,2004,Summer,FALSE
Santiago,Santiago,Sao Miguel,TRUE,Phyto,2004,Winter,FALSE
Santiago,Santiago,Sao Miguel,TRUE,Phyto,2005,Autumn,FALSE
Santiago,Santiago,Sao Miguel,TRUE,Phyto,2005,Spring,FALSE
Santiago,Santiago,Sao Miguel,TRUE,Phyto,2005,Summer,FALSE
Santiago,Santiago,Sao Miguel,TRUE,Phyto,2005,Winter,FALSE
Santiago,Santiago,Sao Miguel,TRUE,Phyto,2006,Autumn,FALSE
Santiago,Santiago,Sao Miguel,TRUE,Phyto,2006,Spring,FALSE
Santiago,Santiago,Sao Miguel,TRUE,Phyto,2006,Summer,FALSE
Santiago,Santiago,Sao Miguel,TRUE,Phyto,2006,Winter,FALSE
Santiago,Santiago,Sao Miguel,TRUE,Phyto,2007,Autumn,FALSE
Santiago,Santiago,Sao Miguel,TRUE,Phyto,2007,Spring,FALSE
Santiago,Santiago,Sao Miguel,TRUE,Phyto,2007,Summer,FALSE
Santiago,Santiago,Sao Miguel,TRUE,Phyto,2007,Winter,FALSE
Santiago,Santiago,Sao Miguel,TRUE,Phyto,2008,Autumn,TRUE
Santiago,Santiago,Sao Miguel,TRUE,Phyto,2008,Spring,TRUE
Santiago,Santiago,Sao Miguel,TRUE,Phyto,2008,Summer,FALSE
Santiago,Santiago,Sao Miguel,TRUE,Phyto,2008,Winter,FALSE
Santiago,Santiago,Sao Miguel,TRUE,Phyto,2009,Autumn,FALSE
Santiago,Santiago,Sao Miguel,TRUE,Phyto,2009,Spring,FALSE
Santiago,Santiago,Sao Miguel,TRUE,Phyto,2009,Summer,TRUE
Santiago,Santiago,Sao Miguel,TRUE,Phyto,2009,Winter,TRUE
Santiago,Santiago,Sao Miguel,TRUE,Phyto,2010,Autumn,FALSE
Santiago,Santiago,Sao Miguel,TRUE,Phyto,2010,Spring,FALSE
Santiago,Santiago,Sao Miguel,TRUE,Phyto,2010,Summer,TRUE
Santiago,Santiago,Sao Miguel,TRUE,Phyto,2010,Winter,TRUE
Santiago,Santiago,Sao Miguel,TRUE,Phyto,2011,Autumn,TRUE
Santiago,Santiago,Sao Miguel,TRUE,Phyto,2011,Spring,TRUE
Santiago,Santiago,Sao Miguel,TRUE,Phyto,2011,Summer,TRUE
Santiago,Santiago,Sao Miguel,TRUE,Phyto,2011,Winter,TRUE
Santiago,Santiago,Sao Miguel,TRUE,Phyto,2012,Autumn,TRUE
Santiago,Santiago,Sao Miguel,TRUE,Phyto,2012,Spring,TRUE
Santiago,Santiago,Sao Miguel,TRUE,Phyto,2012,Summer,TRUE
Santiago,Santiago,Sao Miguel,TRUE,Phyto,2012,Winter,TRUE
Santiago,Santiago,Sao Miguel,TRUE,Phyto,2013,Autumn,FALSE
Santiago,Santiago,Sao Miguel,TRUE,Phyto,2013,Spring,FALSE
Santiago,Santiago,Sao Miguel,TRUE,Phyto,2013,Summer,FALSE
Santiago,Santiago,Sao Miguel,TRUE,Phyto,2013,Winter,FALSE
Santiago,Santiago,Sao Miguel,TRUE,Phyto,2014,Autumn,FALSE
Santiago,Santiago,Sao Miguel,TRUE,Phyto,2014,Spring,FALSE
Santiago,Santiago,Sao Miguel,TRUE,Phyto,2014,Summer,FALSE
Santiago,Santiago,Sao Miguel,TRUE,Phyto,2014,Winter,FALSE
Santiago,Santiago,Sao Miguel,TRUE,Phyto,2015,Autumn,FALSE
Santiago,Santiago,Sao Miguel,TRUE,Phyto,2015,Spring,FALSE
Santiago,Santiago,Sao Miguel,TRUE,Phyto,2015,Summer,FALSE
Santiago,Santiago,Sao Miguel,TRUE,Phyto,2015,Winter,FALSE
Santiago,Santiago,Sao Miguel,TRUE,Phyto,2016,Autumn,FALSE
Santiago,Santiago,Sao Miguel,TRUE,Phyto,2016,Spring,FALSE
Santiago,Santiago,Sao Miguel,TRUE,Phyto,2016,Summer,FALSE
Santiago,Santiago,Sao Miguel,TRUE,Phyto,2016,Winter,FALSE
Santiago,Santiago,Sao Miguel,TRUE,Phyto,2017,Autumn,FALSE
Santiago,Santiago,Sao Miguel,TRUE,Phyto,2017,Spring,FALSE
Santiago,Santiago,Sao Miguel,TRUE,Phyto,2017,Summer,FALSE
Santiago,Santiago,Sao Miguel,TRUE,Phyto,2017,Winter,FALSE
Santiago,Santiago,Sao Miguel,TRUE,Phyto,2018,Autumn,TRUE
Santiago,Santiago,Sao Miguel,TRUE,Phyto,2018,Spring,TRUE
Santiago,Santiago,Sao Miguel,TRUE,Phyto,2018,Summer,TRUE
Santiago,Santiago,Sao Miguel,TRUE,Phyto,2018,Winter,TRUE
Santiago,Santiago,Sao Miguel,TRUE,Phyto,2019,Autumn,FALSE
Santiago,Santiago,Sao Miguel,TRUE,Phyto,2019,Spring,FALSE
Santiago,Santiago,Sao Miguel,TRUE,Phyto,2019,Summer,FALSE
Santiago,Santiago,Sao Miguel,TRUE,Phyto,2019,Winter,FALSE
Santiago,Santiago,Sao Miguel,TRUE,Phyto,2020,Autumn,FALSE
Santiago,Santiago,Sao Miguel,TRUE,Phyto,2020,Spring,FALSE
Santiago,Santiago,Sao Miguel,TRUE,Phyto,2020,Summer,FALSE
Santiago,Santiago,Sao Miguel,TRUE,Phyto,2020,Winter,FALSE
Santiago,Santiago,Sao Miguel,TRUE,Phyto,2021,Autumn,FALSE
Santiago,Santiago,Sao Miguel,TRUE,Phyto,2021,Spring,FALSE
Santiago,Santiago,Sao Miguel,TRUE,Phyto,2021,Summer,FALSE
Santiago,Santiago,Sao Miguel,TRUE,Phyto,2021,Winter,FALSE
Santiago,Santiago,Sao Miguel,TRUE,Phyto,2022,Autumn,FALSE
Santiago,Santiago,Sao Miguel,TRUE,Phyto,2022,Spring,FALSE
Santiago,Santiago,Sao Miguel,TRUE,Phyto,2022,Summer,FALSE
Santiago,Santiago,Sao Miguel,TRUE,Phyto,2022,Winter,FALSE
Santiago,Santiago,Sao Miguel,TRUE,Phyto,2023,Autumn,FALSE
Santiago,Santiago,Sao Miguel,TRUE,Phyto,2023,Spring,FALSE
Santiago,Santiago,Sao Miguel,TRUE,Phyto,2023,Summer,FALSE
Santiago,Santiago,Sao Miguel,TRUE,Phyto,2023,Winter,FALSE
Santiago,Santiago,Sao Miguel,TRUE,Phyto,2024,Autumn,TRUE
Santiago,Santiago,Sao Miguel,TRUE,Phyto,2024,Spring,TRUE
Santiago,Santiago,Sao Miguel,TRUE,Phyto,2024,Summer,TRUE
Santiago,Santiago,Sao Miguel,TRUE,Phyto,2024,Winter,TRUE
Santiago,Santiago,Sao Miguel,TRUE,Phyto,2025,Autumn,TRUE
Santiago,Santiago,Sao Miguel,TRUE,Phyto,2025,Spring,TRUE
Santiago,Santiago,Sao Miguel,TRUE,Phyto,2025,Summer,TRUE
Santiago,Santiago,Sao Miguel,TRUE,Phyto,2025,Winter,TRUE
Santiago,Santiago,Sao Miguel,TRUE,Zoo,2003,Autumn,FALSE
Santiago,Santiago,Sao Miguel,TRUE,Zoo,2003,Spring,FALSE
Santiago,Santiago,Sao Miguel,TRUE,Zoo,2003,Summer,FALSE
Santiago,Santiago,Sao Miguel,TRUE,Zoo,2003,Winter,FALSE
Santiago,Santiago,Sao Miguel,TRUE,Zoo,2004,Autumn,FALSE
Santiago,Santiago,Sao Miguel,TRUE,Zoo,2004,Spring,FALSE
Santiago,Santiago,Sao Miguel,TRUE,Zoo,2004,Summer,FALSE
Santiago,Santiago,Sao Miguel,TRUE,Zoo,2004,Winter,FALSE
Santiago,Santiago,Sao Miguel,TRUE,Zoo,2005,Autumn,FALSE
Santiago,Santiago,Sao Miguel,TRUE,Zoo,2005,Spring,FALSE
Santiago,Santiago,Sao Miguel,TRUE,Zoo,2005,Summer,FALSE
Santiago,Santiago,Sao Miguel,TRUE,Zoo,2005,Winter,FALSE
Santiago,Santiago,Sao Miguel,TRUE,Zoo,2006,Autumn,FALSE
Santiago,Santiago,Sao Miguel,TRUE,Zoo,2006,Spring,FALSE
Santiago,Santiago,Sao Miguel,TRUE,Zoo,2006,Summer,FALSE
Santiago,Santiago,Sao Miguel,TRUE,Zoo,2006,Winter,FALSE
Santiago,Santiago,Sao Miguel,TRUE,Zoo,2007,Autumn,FALSE
Santiago,Santiago,Sao Miguel,TRUE,Zoo,2007,Spring,FALSE
Santiago,Santiago,Sao Miguel,TRUE,Zoo,2007,Summer,FALSE
Santiago,Santiago,Sao Miguel,TRUE,Zoo,2007,Winter,FALSE
Santiago,Santiago,Sao Miguel,TRUE,Zoo,2008,Autumn,FALSE
Santiago,Santiago,Sao Miguel,TRUE,Zoo,2008,Spring,FALSE
Santiago,Santiago,Sao Miguel,TRUE,Zoo,2008,Summer,FALSE
Santiago,Santiago,Sao Miguel,TRUE,Zoo,2008,Winter,FALSE
Santiago,Santiago,Sao Miguel,TRUE,Zoo,2009,Autumn,FALSE
Santiago,Santiago,Sao Miguel,TRUE,Zoo,2009,Spring,FALSE
Santiago,Santiago,Sao Miguel,TRUE,Zoo,2009,Summer,FALSE
Santiago,Santiago,Sao Miguel,TRUE,Zoo,2009,Winter,FALSE
Santiago,Santiago,Sao Miguel,TRUE,Zoo,2010,Autumn,FALSE
Santiago,Santiago,Sao Miguel,TRUE,Zoo,2010,Spring,FALSE
Santiago,Santiago,Sao Miguel,TRUE,Zoo,2010,Summer,FALSE
Santiago,Santiago,Sao Miguel,TRUE,Zoo,2010,Winter,FALSE
Santiago,Santiago,Sao Miguel,TRUE,Zoo,2011,Autumn,TRUE
Santiago,Santiago,Sao Miguel,TRUE,Zoo,2011,Spring,FALSE
Santiago,Santiago,Sao Miguel,TRUE,Zoo,2011,Summer,TRUE
Santiago,Santiago,Sao Miguel,TRUE,Zoo,2011,Winter,FALSE
Santiago,Santiago,Sao Miguel,TRUE,Zoo,2012,Autumn,FALSE
Santiago,Santiago,Sao Miguel,TRUE,Zoo,2012,Spring,TRUE
Santiago,Santiago,Sao Miguel,TRUE,Zoo,2012,Summer,FALSE
Santiago,Santiago,Sao Miguel,TRUE,Zoo,2012,Winter,TRUE
Santiago,Santiago,Sao Miguel,TRUE,Zoo,2013,Autumn,FALSE
Santiago,Santiago,Sao Miguel,TRUE,Zoo,2013,Spring,FALSE
Santiago,Santiago,Sao Miguel,TRUE,Zoo,2013,Summer,FALSE
Santiago,Santiago,Sao Miguel,TRUE,Zoo,2013,Winter,FALSE
Santiago,Santiago,Sao Miguel,TRUE,Zoo,2014,Autumn,FALSE
Santiago,Santiago,Sao Miguel,TRUE,Zoo,2014,Spring,FALSE
Santiago,Santiago,Sao Miguel,TRUE,Zoo,2014,Summer,FALSE
Santiago,Santiago,Sao Miguel,TRUE,Zoo,2014,Winter,FALSE
Santiago,Santiago,Sao Miguel,TRUE,Zoo,2015,Autumn,FALSE
Santiago,Santiago,Sao Miguel,TRUE,Zoo,2015,Spring,FALSE
Santiago,Santiago,Sao Miguel,TRUE,Zoo,2015,Summer,FALSE
Santiago,Santiago,Sao Miguel,TRUE,Zoo,2015,Winter,FALSE
Santiago,Santiago,Sao Miguel,TRUE,Zoo,2016,Autumn,FALSE
Santiago,Santiago,Sao Miguel,TRUE,Zoo,2016,Spring,FALSE
Santiago,Santiago,Sao Miguel,TRUE,Zoo,2016,Summer,FALSE
Santiago,Santiago,Sao Miguel,TRUE,Zoo,2016,Winter,FALSE
Santiago,Santiago,Sao Miguel,TRUE,Zoo,2017,Autumn,FALSE
Santiago,Santiago,Sao Miguel,TRUE,Zoo,2017,Spring,FALSE
Santiago,Santiago,Sao Miguel,TRUE,Zoo,2017,Summer,FALSE
Santiago,Santiago,Sao Miguel,TRUE,Zoo,2017,Winter,FALSE
Santiago,Santiago,Sao Miguel,TRUE,Zoo,2018,Autumn,FALSE
Santiago,Santiago,Sao Miguel,TRUE,Zoo,2018,Spring,FALSE
Santiago,Santiago,Sao Miguel,TRUE,Zoo,2018,Summer,FALSE
Santiago,Santiago,Sao Miguel,TRUE,Zoo,2018,Winter,FALSE
Santiago,Santiago,Sao Miguel,TRUE,Zoo,2019,Autumn,FALSE
Santiago,Santiago,Sao Miguel,TRUE,Zoo,2019,Spring,FALSE
Santiago,Santiago,Sao Miguel,TRUE,Zoo,2019,Summer,FALSE
Santiago,Santiago,Sao Miguel,TRUE,Zoo,2019,Winter,FALSE
Santiago,Santiago,Sao Miguel,TRUE,Zoo,2020,Autumn,FALSE
Santiago,Santiago,Sao Miguel,TRUE,Zoo,2020,Spring,FALSE
Santiago,Santiago,Sao Miguel,TRUE,Zoo,2020,Summer,FALSE
Santiago,Santiago,Sao Miguel,TRUE,Zoo,2020,Winter,FALSE
Santiago,Santiago,Sao Miguel,TRUE,Zoo,2021,Autumn,FALSE
Santiago,Santiago,Sao Miguel,TRUE,Zoo,2021,Spring,FALSE
Santiago,Santiago,Sao Miguel,TRUE,Zoo,2021,Summer,FALSE
Santiago,Santiago,Sao Miguel,TRUE,Zoo,2021,Winter,FALSE
Santiago,Santiago,Sao Miguel,TRUE,Zoo,2022,Autumn,FALSE
Santiago,Santiago,Sao Miguel,TRUE,Zoo,2022,Spring,FALSE
Santiago,Santiago,Sao Miguel,TRUE,Zoo,2022,Summer,FALSE
Santiago,Santiago,Sao Miguel,TRUE,Zoo,2022,Winter,FALSE
Santiago,Santiago,Sao Miguel,TRUE,Zoo,2023,Autumn,FALSE
Santiago,Santiago,Sao Miguel,TRUE,Zoo,2023,Spring,FALSE
Santiago,Santiago,Sao Miguel,TRUE,Zoo,2023,Summer,FALSE
Santiago,Santiago,Sao Miguel,TRUE,Zoo,2023,Winter,FALSE
Santiago,Santiago,Sao Miguel,TRUE,Zoo,2024,Autumn,FALSE
Santiago,Santiago,Sao Miguel,TRUE,Zoo,2024,Spring,FALSE
Santiago,Santiago,Sao Miguel,TRUE,Zoo,2024,Summer,FALSE
Santiago,Santiago,Sao Miguel,TRUE,Zoo,2024,Winter,FALSE
Santiago,Santiago,Sao Miguel,TRUE,Zoo,2025,Autumn,FALSE
Santiago,Santiago,Sao Miguel,TRUE,Zoo,2025,Spring,TRUE
Santiago,Santiago,Sao Miguel,TRUE,Zoo,2025,Summer,FALSE
Santiago,Santiago,Sao Miguel,TRUE,Zoo,2025,Winter,FALSE
Santo Cristo,Santo Cristo,Sao Jorge,FALSE,Diatom,2003,Autumn,FALSE
Santo Cristo,Santo Cristo,Sao Jorge,FALSE,Diatom,2003,Spring,FALSE
Santo Cristo,Santo Cristo,Sao Jorge,FALSE,Diatom,2003,Summer,FALSE
Santo Cristo,Santo Cristo,Sao Jorge,FALSE,Diatom,2003,Winter,FALSE
Santo Cristo,Santo Cristo,Sao Jorge,FALSE,Diatom,2004,Autumn,FALSE
Santo Cristo,Santo Cristo,Sao Jorge,FALSE,Diatom,2004,Spring,FALSE
Santo Cristo,Santo Cristo,Sao Jorge,FALSE,Diatom,2004,Summer,FALSE
Santo Cristo,Santo Cristo,Sao Jorge,FALSE,Diatom,2004,Winter,FALSE
Santo Cristo,Santo Cristo,Sao Jorge,FALSE,Diatom,2005,Autumn,FALSE
Santo Cristo,Santo Cristo,Sao Jorge,FALSE,Diatom,2005,Spring,FALSE
Santo Cristo,Santo Cristo,Sao Jorge,FALSE,Diatom,2005,Summer,FALSE
Santo Cristo,Santo Cristo,Sao Jorge,FALSE,Diatom,2005,Winter,FALSE
Santo Cristo,Santo Cristo,Sao Jorge,FALSE,Diatom,2006,Autumn,FALSE
Santo Cristo,Santo Cristo,Sao Jorge,FALSE,Diatom,2006,Spring,FALSE
Santo Cristo,Santo Cristo,Sao Jorge,FALSE,Diatom,2006,Summer,FALSE
Santo Cristo,Santo Cristo,Sao Jorge,FALSE,Diatom,2006,Winter,FALSE
Santo Cristo,Santo Cristo,Sao Jorge,FALSE,Diatom,2007,Autumn,FALSE
Santo Cristo,Santo Cristo,Sao Jorge,FALSE,Diatom,2007,Spring,FALSE
Santo Cristo,Santo Cristo,Sao Jorge,FALSE,Diatom,2007,Summer,FALSE
Santo Cristo,Santo Cristo,Sao Jorge,FALSE,Diatom,2007,Winter,FALSE
Santo Cristo,Santo Cristo,Sao Jorge,FALSE,Diatom,2008,Autumn,FALSE
Santo Cristo,Santo Cristo,Sao Jorge,FALSE,Diatom,2008,Spring,FALSE
Santo Cristo,Santo Cristo,Sao Jorge,FALSE,Diatom,2008,Summer,FALSE
Santo Cristo,Santo Cristo,Sao Jorge,FALSE,Diatom,2008,Winter,FALSE
Santo Cristo,Santo Cristo,Sao Jorge,FALSE,Diatom,2009,Autumn,FALSE
Santo Cristo,Santo Cristo,Sao Jorge,FALSE,Diatom,2009,Spring,FALSE
Santo Cristo,Santo Cristo,Sao Jorge,FALSE,Diatom,2009,Summer,FALSE
Santo Cristo,Santo Cristo,Sao Jorge,FALSE,Diatom,2009,Winter,FALSE
Santo Cristo,Santo Cristo,Sao Jorge,FALSE,Diatom,2010,Autumn,FALSE
Santo Cristo,Santo Cristo,Sao Jorge,FALSE,Diatom,2010,Spring,FALSE
Santo Cristo,Santo Cristo,Sao Jorge,FALSE,Diatom,2010,Summer,FALSE
Santo Cristo,Santo Cristo,Sao Jorge,FALSE,Diatom,2010,Winter,FALSE
Santo Cristo,Santo Cristo,Sao Jorge,FALSE,Diatom,2011,Autumn,FALSE
Santo Cristo,Santo Cristo,Sao Jorge,FALSE,Diatom,2011,Spring,FALSE
Santo Cristo,Santo Cristo,Sao Jorge,FALSE,Diatom,2011,Summer,FALSE
Santo Cristo,Santo Cristo,Sao Jorge,FALSE,Diatom,2011,Winter,FALSE
Santo Cristo,Santo Cristo,Sao Jorge,FALSE,Diatom,2012,Autumn,FALSE
Santo Cristo,Santo Cristo,Sao Jorge,FALSE,Diatom,2012,Spring,FALSE
Santo Cristo,Santo Cristo,Sao Jorge,FALSE,Diatom,2012,Summer,FALSE
Santo Cristo,Santo Cristo,Sao Jorge,FALSE,Diatom,2012,Winter,FALSE
Santo Cristo,Santo Cristo,Sao Jorge,FALSE,Diatom,2013,Autumn,FALSE
Santo Cristo,Santo Cristo,Sao Jorge,FALSE,Diatom,2013,Spring,FALSE
Santo Cristo,Santo Cristo,Sao Jorge,FALSE,Diatom,2013,Summer,FALSE
Santo Cristo,Santo Cristo,Sao Jorge,FALSE,Diatom,2013,Winter,FALSE
Santo Cristo,Santo Cristo,Sao Jorge,FALSE,Diatom,2014,Autumn,FALSE
Santo Cristo,Santo Cristo,Sao Jorge,FALSE,Diatom,2014,Spring,FALSE
Santo Cristo,Santo Cristo,Sao Jorge,FALSE,Diatom,2014,Summer,FALSE
Santo Cristo,Santo Cristo,Sao Jorge,FALSE,Diatom,2014,Winter,FALSE
Santo Cristo,Santo Cristo,Sao Jorge,FALSE,Diatom,2015,Autumn,FALSE
Santo Cristo,Santo Cristo,Sao Jorge,FALSE,Diatom,2015,Spring,FALSE
Santo Cristo,Santo Cristo,Sao Jorge,FALSE,Diatom,2015,Summer,FALSE
Santo Cristo,Santo Cristo,Sao Jorge,FALSE,Diatom,2015,Winter,FALSE
Santo Cristo,Santo Cristo,Sao Jorge,FALSE,Diatom,2016,Autumn,FALSE
Santo Cristo,Santo Cristo,Sao Jorge,FALSE,Diatom,2016,Spring,FALSE
Santo Cristo,Santo Cristo,Sao Jorge,FALSE,Diatom,2016,Summer,FALSE
Santo Cristo,Santo Cristo,Sao Jorge,FALSE,Diatom,2016,Winter,FALSE
Santo Cristo,Santo Cristo,Sao Jorge,FALSE,Diatom,2017,Autumn,FALSE
Santo Cristo,Santo Cristo,Sao Jorge,FALSE,Diatom,2017,Spring,FALSE
Santo Cristo,Santo Cristo,Sao Jorge,FALSE,Diatom,2017,Summer,FALSE
Santo Cristo,Santo Cristo,Sao Jorge,FALSE,Diatom,2017,Winter,FALSE
Santo Cristo,Santo Cristo,Sao Jorge,FALSE,Diatom,2018,Autumn,FALSE
Santo Cristo,Santo Cristo,Sao Jorge,FALSE,Diatom,2018,Spring,FALSE
Santo Cristo,Santo Cristo,Sao Jorge,FALSE,Diatom,2018,Summer,FALSE
Santo Cristo,Santo Cristo,Sao Jorge,FALSE,Diatom,2018,Winter,FALSE
Santo Cristo,Santo Cristo,Sao Jorge,FALSE,Diatom,2019,Autumn,FALSE
Santo Cristo,Santo Cristo,Sao Jorge,FALSE,Diatom,2019,Spring,FALSE
Santo Cristo,Santo Cristo,Sao Jorge,FALSE,Diatom,2019,Summer,FALSE
Santo Cristo,Santo Cristo,Sao Jorge,FALSE,Diatom,2019,Winter,FALSE
Santo Cristo,Santo Cristo,Sao Jorge,FALSE,Diatom,2020,Autumn,FALSE
Santo Cristo,Santo Cristo,Sao Jorge,FALSE,Diatom,2020,Spring,FALSE
Santo Cristo,Santo Cristo,Sao Jorge,FALSE,Diatom,2020,Summer,FALSE
Santo Cristo,Santo Cristo,Sao Jorge,FALSE,Diatom,2020,Winter,FALSE
Santo Cristo,Santo Cristo,Sao Jorge,FALSE,Diatom,2021,Autumn,FALSE
Santo Cristo,Santo Cristo,Sao Jorge,FALSE,Diatom,2021,Spring,FALSE
Santo Cristo,Santo Cristo,Sao Jorge,FALSE,Diatom,2021,Summer,FALSE
Santo Cristo,Santo Cristo,Sao Jorge,FALSE,Diatom,2021,Winter,FALSE
Santo Cristo,Santo Cristo,Sao Jorge,FALSE,Diatom,2022,Autumn,FALSE
Santo Cristo,Santo Cristo,Sao Jorge,FALSE,Diatom,2022,Spring,FALSE
Santo Cristo,Santo Cristo,Sao Jorge,FALSE,Diatom,2022,Summer,FALSE
Santo Cristo,Santo Cristo,Sao Jorge,FALSE,Diatom,2022,Winter,FALSE
Santo Cristo,Santo Cristo,Sao Jorge,FALSE,Diatom,2023,Autumn,FALSE
Santo Cristo,Santo Cristo,Sao Jorge,FALSE,Diatom,2023,Spring,FALSE
Santo Cristo,Santo Cristo,Sao Jorge,FALSE,Diatom,2023,Summer,FALSE
Santo Cristo,Santo Cristo,Sao Jorge,FALSE,Diatom,2023,Winter,FALSE
Santo Cristo,Santo Cristo,Sao Jorge,FALSE,Diatom,2024,Autumn,FALSE
Santo Cristo,Santo Cristo,Sao Jorge,FALSE,Diatom,2024,Spring,FALSE
Santo Cristo,Santo Cristo,Sao Jorge,FALSE,Diatom,2024,Summer,FALSE
Santo Cristo,Santo Cristo,Sao Jorge,FALSE,Diatom,2024,Winter,FALSE
Santo Cristo,Santo Cristo,Sao Jorge,FALSE,Diatom,2025,Autumn,FALSE
Santo Cristo,Santo Cristo,Sao Jorge,FALSE,Diatom,2025,Spring,FALSE
Santo Cristo,Santo Cristo,Sao Jorge,FALSE,Diatom,2025,Summer,FALSE
Santo Cristo,Santo Cristo,Sao Jorge,FALSE,Diatom,2025,Winter,FALSE
Santo Cristo,Santo Cristo,Sao Jorge,FALSE,Env,2003,Autumn,FALSE
Santo Cristo,Santo Cristo,Sao Jorge,FALSE,Env,2003,Spring,FALSE
Santo Cristo,Santo Cristo,Sao Jorge,FALSE,Env,2003,Summer,FALSE
Santo Cristo,Santo Cristo,Sao Jorge,FALSE,Env,2003,Winter,FALSE
Santo Cristo,Santo Cristo,Sao Jorge,FALSE,Env,2004,Autumn,FALSE
Santo Cristo,Santo Cristo,Sao Jorge,FALSE,Env,2004,Spring,FALSE
Santo Cristo,Santo Cristo,Sao Jorge,FALSE,Env,2004,Summer,FALSE
Santo Cristo,Santo Cristo,Sao Jorge,FALSE,Env,2004,Winter,FALSE
Santo Cristo,Santo Cristo,Sao Jorge,FALSE,Env,2005,Autumn,FALSE
Santo Cristo,Santo Cristo,Sao Jorge,FALSE,Env,2005,Spring,FALSE
Santo Cristo,Santo Cristo,Sao Jorge,FALSE,Env,2005,Summer,FALSE
Santo Cristo,Santo Cristo,Sao Jorge,FALSE,Env,2005,Winter,FALSE
Santo Cristo,Santo Cristo,Sao Jorge,FALSE,Env,2006,Autumn,FALSE
Santo Cristo,Santo Cristo,Sao Jorge,FALSE,Env,2006,Spring,FALSE
Santo Cristo,Santo Cristo,Sao Jorge,FALSE,Env,2006,Summer,FALSE
Santo Cristo,Santo Cristo,Sao Jorge,FALSE,Env,2006,Winter,FALSE
Santo Cristo,Santo Cristo,Sao Jorge,FALSE,Env,2007,Autumn,FALSE
Santo Cristo,Santo Cristo,Sao Jorge,FALSE,Env,2007,Spring,FALSE
Santo Cristo,Santo Cristo,Sao Jorge,FALSE,Env,2007,Summer,FALSE
Santo Cristo,Santo Cristo,Sao Jorge,FALSE,Env,2007,Winter,FALSE
Santo Cristo,Santo Cristo,Sao Jorge,FALSE,Env,2008,Autumn,FALSE
Santo Cristo,Santo Cristo,Sao Jorge,FALSE,Env,2008,Spring,FALSE
Santo Cristo,Santo Cristo,Sao Jorge,FALSE,Env,2008,Summer,FALSE
Santo Cristo,Santo Cristo,Sao Jorge,FALSE,Env,2008,Winter,FALSE
Santo Cristo,Santo Cristo,Sao Jorge,FALSE,Env,2009,Autumn,FALSE
Santo Cristo,Santo Cristo,Sao Jorge,FALSE,Env,2009,Spring,FALSE
Santo Cristo,Santo Cristo,Sao Jorge,FALSE,Env,2009,Summer,FALSE
Santo Cristo,Santo Cristo,Sao Jorge,FALSE,Env,2009,Winter,FALSE
Santo Cristo,Santo Cristo,Sao Jorge,FALSE,Env,2010,Autumn,FALSE
Santo Cristo,Santo Cristo,Sao Jorge,FALSE,Env,2010,Spring,FALSE
Santo Cristo,Santo Cristo,Sao Jorge,FALSE,Env,2010,Summer,FALSE
Santo Cristo,Santo Cristo,Sao Jorge,FALSE,Env,2010,Winter,FALSE
Santo Cristo,Santo Cristo,Sao Jorge,FALSE,Env,2011,Autumn,FALSE
Santo Cristo,Santo Cristo,Sao Jorge,FALSE,Env,2011,Spring,FALSE
Santo Cristo,Santo Cristo,Sao Jorge,FALSE,Env,2011,Summer,FALSE
Santo Cristo,Santo Cristo,Sao Jorge,FALSE,Env,2011,Winter,FALSE
Santo Cristo,Santo Cristo,Sao Jorge,FALSE,Env,2012,Autumn,FALSE
Santo Cristo,Santo Cristo,Sao Jorge,FALSE,Env,2012,Spring,FALSE
Santo Cristo,Santo Cristo,Sao Jorge,FALSE,Env,2012,Summer,FALSE
Santo Cristo,Santo Cristo,Sao Jorge,FALSE,Env,2012,Winter,FALSE
Santo Cristo,Santo Cristo,Sao Jorge,FALSE,Env,2013,Autumn,FALSE
Santo Cristo,Santo Cristo,Sao Jorge,FALSE,Env,2013,Spring,FALSE
Santo Cristo,Santo Cristo,Sao Jorge,FALSE,Env,2013,Summer,FALSE
Santo Cristo,Santo Cristo,Sao Jorge,FALSE,Env,2013,Winter,FALSE
Santo Cristo,Santo Cristo,Sao Jorge,FALSE,Env,2014,Autumn,FALSE
Santo Cristo,Santo Cristo,Sao Jorge,FALSE,Env,2014,Spring,FALSE
Santo Cristo,Santo Cristo,Sao Jorge,FALSE,Env,2014,Summer,FALSE
Santo Cristo,Santo Cristo,Sao Jorge,FALSE,Env,2014,Winter,FALSE
Santo Cristo,Santo Cristo,Sao Jorge,FALSE,Env,2015,Autumn,FALSE
Santo Cristo,Santo Cristo,Sao Jorge,FALSE,Env,2015,Spring,FALSE
Santo Cristo,Santo Cristo,Sao Jorge,FALSE,Env,2015,Summer,FALSE
Santo Cristo,Santo Cristo,Sao Jorge,FALSE,Env,2015,Winter,FALSE
Santo Cristo,Santo Cristo,Sao Jorge,FALSE,Env,2016,Autumn,FALSE
Santo Cristo,Santo Cristo,Sao Jorge,FALSE,Env,2016,Spring,FALSE
Santo Cristo,Santo Cristo,Sao Jorge,FALSE,Env,2016,Summer,FALSE
Santo Cristo,Santo Cristo,Sao Jorge,FALSE,Env,2016,Winter,FALSE
Santo Cristo,Santo Cristo,Sao Jorge,FALSE,Env,2017,Autumn,FALSE
Santo Cristo,Santo Cristo,Sao Jorge,FALSE,Env,2017,Spring,FALSE
Santo Cristo,Santo Cristo,Sao Jorge,FALSE,Env,2017,Summer,FALSE
Santo Cristo,Santo Cristo,Sao Jorge,FALSE,Env,2017,Winter,FALSE
Santo Cristo,Santo Cristo,Sao Jorge,FALSE,Env,2018,Autumn,FALSE
Santo Cristo,Santo Cristo,Sao Jorge,FALSE,Env,2018,Spring,FALSE
Santo Cristo,Santo Cristo,Sao Jorge,FALSE,Env,2018,Summer,FALSE
Santo Cristo,Santo Cristo,Sao Jorge,FALSE,Env,2018,Winter,FALSE
Santo Cristo,Santo Cristo,Sao Jorge,FALSE,Env,2019,Autumn,FALSE
Santo Cristo,Santo Cristo,Sao Jorge,FALSE,Env,2019,Spring,FALSE
Santo Cristo,Santo Cristo,Sao Jorge,FALSE,Env,2019,Summer,FALSE
Santo Cristo,Santo Cristo,Sao Jorge,FALSE,Env,2019,Winter,FALSE
Santo Cristo,Santo Cristo,Sao Jorge,FALSE,Env,2020,Autumn,FALSE
Santo Cristo,Santo Cristo,Sao Jorge,FALSE,Env,2020,Spring,FALSE
Santo Cristo,Santo Cristo,Sao Jorge,FALSE,Env,2020,Summer,FALSE
Santo Cristo,Santo Cristo,Sao Jorge,FALSE,Env,2020,Winter,FALSE
Santo Cristo,Santo Cristo,Sao Jorge,FALSE,Env,2021,Autumn,FALSE
Santo Cristo,Santo Cristo,Sao Jorge,FALSE,Env,2021,Spring,FALSE
Santo Cristo,Santo Cristo,Sao Jorge,FALSE,Env,2021,Summer,FALSE
Santo Cristo,Santo Cristo,Sao Jorge,FALSE,Env,2021,Winter,FALSE
Santo Cristo,Santo Cristo,Sao Jorge,FALSE,Env,2022,Autumn,FALSE
Santo Cristo,Santo Cristo,Sao Jorge,FALSE,Env,2022,Spring,FALSE
Santo Cristo,Santo Cristo,Sao Jorge,FALSE,Env,2022,Summer,FALSE
Santo Cristo,Santo Cristo,Sao Jorge,FALSE,Env,2022,Winter,FALSE
Santo Cristo,Santo Cristo,Sao Jorge,FALSE,Env,2023,Autumn,FALSE
Santo Cristo,Santo Cristo,Sao Jorge,FALSE,Env,2023,Spring,FALSE
Santo Cristo,Santo Cristo,Sao Jorge,FALSE,Env,2023,Summer,FALSE
Santo Cristo,Santo Cristo,Sao Jorge,FALSE,Env,2023,Winter,FALSE
Santo Cristo,Santo Cristo,Sao Jorge,FALSE,Env,2024,Autumn,FALSE
Santo Cristo,Santo Cristo,Sao Jorge,FALSE,Env,2024,Spring,FALSE
Santo Cristo,Santo Cristo,Sao Jorge,FALSE,Env,2024,Summer,FALSE
Santo Cristo,Santo Cristo,Sao Jorge,FALSE,Env,2024,Winter,FALSE
Santo Cristo,Santo Cristo,Sao Jorge,FALSE,Env,2025,Autumn,FALSE
Santo Cristo,Santo Cristo,Sao Jorge,FALSE,Env,2025,Spring,FALSE
Santo Cristo,Santo Cristo,Sao Jorge,FALSE,Env,2025,Summer,FALSE
Santo Cristo,Santo Cristo,Sao Jorge,FALSE,Env,2025,Winter,FALSE
Santo Cristo,Santo Cristo,Sao Jorge,FALSE,Macro,2003,Autumn,FALSE
Santo Cristo,Santo Cristo,Sao Jorge,FALSE,Macro,2003,Spring,FALSE
Santo Cristo,Santo Cristo,Sao Jorge,FALSE,Macro,2003,Summer,FALSE
Santo Cristo,Santo Cristo,Sao Jorge,FALSE,Macro,2003,Winter,FALSE
Santo Cristo,Santo Cristo,Sao Jorge,FALSE,Macro,2004,Autumn,FALSE
Santo Cristo,Santo Cristo,Sao Jorge,FALSE,Macro,2004,Spring,FALSE
Santo Cristo,Santo Cristo,Sao Jorge,FALSE,Macro,2004,Summer,FALSE
Santo Cristo,Santo Cristo,Sao Jorge,FALSE,Macro,2004,Winter,FALSE
Santo Cristo,Santo Cristo,Sao Jorge,FALSE,Macro,2005,Autumn,FALSE
Santo Cristo,Santo Cristo,Sao Jorge,FALSE,Macro,2005,Spring,FALSE
Santo Cristo,Santo Cristo,Sao Jorge,FALSE,Macro,2005,Summer,FALSE
Santo Cristo,Santo Cristo,Sao Jorge,FALSE,Macro,2005,Winter,FALSE
Santo Cristo,Santo Cristo,Sao Jorge,FALSE,Macro,2006,Autumn,FALSE
Santo Cristo,Santo Cristo,Sao Jorge,FALSE,Macro,2006,Spring,FALSE
Santo Cristo,Santo Cristo,Sao Jorge,FALSE,Macro,2006,Summer,FALSE
Santo Cristo,Santo Cristo,Sao Jorge,FALSE,Macro,2006,Winter,FALSE
Santo Cristo,Santo Cristo,Sao Jorge,FALSE,Macro,2007,Autumn,FALSE
Santo Cristo,Santo Cristo,Sao Jorge,FALSE,Macro,2007,Spring,FALSE
Santo Cristo,Santo Cristo,Sao Jorge,FALSE,Macro,2007,Summer,FALSE
Santo Cristo,Santo Cristo,Sao Jorge,FALSE,Macro,2007,Winter,FALSE
Santo Cristo,Santo Cristo,Sao Jorge,FALSE,Macro,2008,Autumn,FALSE
Santo Cristo,Santo Cristo,Sao Jorge,FALSE,Macro,2008,Spring,FALSE
Santo Cristo,Santo Cristo,Sao Jorge,FALSE,Macro,2008,Summer,FALSE
Santo Cristo,Santo Cristo,Sao Jorge,FALSE,Macro,2008,Winter,FALSE
Santo Cristo,Santo Cristo,Sao Jorge,FALSE,Macro,2009,Autumn,FALSE
Santo Cristo,Santo Cristo,Sao Jorge,FALSE,Macro,2009,Spring,FALSE
Santo Cristo,Santo Cristo,Sao Jorge,FALSE,Macro,2009,Summer,FALSE
Santo Cristo,Santo Cristo,Sao Jorge,FALSE,Macro,2009,Winter,FALSE
Santo Cristo,Santo Cristo,Sao Jorge,FALSE,Macro,2010,Autumn,FALSE
Santo Cristo,Santo Cristo,Sao Jorge,FALSE,Macro,2010,Spring,FALSE
Santo Cristo,Santo Cristo,Sao Jorge,FALSE,Macro,2010,Summer,FALSE
Santo Cristo,Santo Cristo,Sao Jorge,FALSE,Macro,2010,Winter,FALSE
Santo Cristo,Santo Cristo,Sao Jorge,FALSE,Macro,2011,Autumn,FALSE
Santo Cristo,Santo Cristo,Sao Jorge,FALSE,Macro,2011,Spring,FALSE
Santo Cristo,Santo Cristo,Sao Jorge,FALSE,Macro,2011,Summer,FALSE
Santo Cristo,Santo Cristo,Sao Jorge,FALSE,Macro,2011,Winter,FALSE
Santo Cristo,Santo Cristo,Sao Jorge,FALSE,Macro,2012,Autumn,FALSE
Santo Cristo,Santo Cristo,Sao Jorge,FALSE,Macro,2012,Spring,FALSE
Santo Cristo,Santo Cristo,Sao Jorge,FALSE,Macro,2012,Summer,FALSE
Santo Cristo,Santo Cristo,Sao Jorge,FALSE,Macro,2012,Winter,FALSE
Santo Cristo,Santo Cristo,Sao Jorge,FALSE,Macro,2013,Autumn,FALSE
Santo Cristo,Santo Cristo,Sao Jorge,FALSE,Macro,2013,Spring,FALSE
Santo Cristo,Santo Cristo,Sao Jorge,FALSE,Macro,2013,Summer,FALSE
Santo Cristo,Santo Cristo,Sao Jorge,FALSE,Macro,2013,Winter,FALSE
Santo Cristo,Santo Cristo,Sao Jorge,FALSE,Macro,2014,Autumn,FALSE
Santo Cristo,Santo Cristo,Sao Jorge,FALSE,Macro,2014,Spring,FALSE
Santo Cristo,Santo Cristo,Sao Jorge,FALSE,Macro,2014,Summer,FALSE
Santo Cristo,Santo Cristo,Sao Jorge,FALSE,Macro,2014,Winter,FALSE
Santo Cristo,Santo Cristo,Sao Jorge,FALSE,Macro,2015,Autumn,FALSE
Santo Cristo,Santo Cristo,Sao Jorge,FALSE,Macro,2015,Spring,FALSE
Santo Cristo,Santo Cristo,Sao Jorge,FALSE,Macro,2015,Summer,FALSE
Santo Cristo,Santo Cristo,Sao Jorge,FALSE,Macro,2015,Winter,FALSE
Santo Cristo,Santo Cristo,Sao Jorge,FALSE,Macro,2016,Autumn,FALSE
Santo Cristo,Santo Cristo,Sao Jorge,FALSE,Macro,2016,Spring,FALSE
Santo Cristo,Santo Cristo,Sao Jorge,FALSE,Macro,2016,Summer,FALSE
Santo Cristo,Santo Cristo,Sao Jorge,FALSE,Macro,2016,Winter,FALSE
Santo Cristo,Santo Cristo,Sao Jorge,FALSE,Macro,2017,Autumn,FALSE
Santo Cristo,Santo Cristo,Sao Jorge,FALSE,Macro,2017,Spring,FALSE
Santo Cristo,Santo Cristo,Sao Jorge,FALSE,Macro,2017,Summer,FALSE
Santo Cristo,Santo Cristo,Sao Jorge,FALSE,Macro,2017,Winter,FALSE
Santo Cristo,Santo Cristo,Sao Jorge,FALSE,Macro,2018,Autumn,FALSE
Santo Cristo,Santo Cristo,Sao Jorge,FALSE,Macro,2018,Spring,FALSE
Santo Cristo,Santo Cristo,Sao Jorge,FALSE,Macro,2018,Summer,FALSE
Santo Cristo,Santo Cristo,Sao Jorge,FALSE,Macro,2018,Winter,FALSE
Santo Cristo,Santo Cristo,Sao Jorge,FALSE,Macro,2019,Autumn,FALSE
Santo Cristo,Santo Cristo,Sao Jorge,FALSE,Macro,2019,Spring,FALSE
Santo Cristo,Santo Cristo,Sao Jorge,FALSE,Macro,2019,Summer,FALSE
Santo Cristo,Santo Cristo,Sao Jorge,FALSE,Macro,2019,Winter,FALSE
Santo Cristo,Santo Cristo,Sao Jorge,FALSE,Macro,2020,Autumn,FALSE
Santo Cristo,Santo Cristo,Sao Jorge,FALSE,Macro,2020,Spring,FALSE
Santo Cristo,Santo Cristo,Sao Jorge,FALSE,Macro,2020,Summer,FALSE
Santo Cristo,Santo Cristo,Sao Jorge,FALSE,Macro,2020,Winter,FALSE
Santo Cristo,Santo Cristo,Sao Jorge,FALSE,Macro,2021,Autumn,FALSE
Santo Cristo,Santo Cristo,Sao Jorge,FALSE,Macro,2021,Spring,FALSE
Santo Cristo,Santo Cristo,Sao Jorge,FALSE,Macro,2021,Summer,FALSE
Santo Cristo,Santo Cristo,Sao Jorge,FALSE,Macro,2021,Winter,FALSE
Santo Cristo,Santo Cristo,Sao Jorge,FALSE,Macro,2022,Autumn,FALSE
Santo Cristo,Santo Cristo,Sao Jorge,FALSE,Macro,2022,Spring,FALSE
Santo Cristo,Santo Cristo,Sao Jorge,FALSE,Macro,2022,Summer,FALSE
Santo Cristo,Santo Cristo,Sao Jorge,FALSE,Macro,2022,Winter,FALSE
Santo Cristo,Santo Cristo,Sao Jorge,FALSE,Macro,2023,Autumn,FALSE
Santo Cristo,Santo Cristo,Sao Jorge,FALSE,Macro,2023,Spring,FALSE
Santo Cristo,Santo Cristo,Sao Jorge,FALSE,Macro,2023,Summer,FALSE
Santo Cristo,Santo Cristo,Sao Jorge,FALSE,Macro,2023,Winter,FALSE
Santo Cristo,Santo Cristo,Sao Jorge,FALSE,Macro,2024,Autumn,TRUE
Santo Cristo,Santo Cristo,Sao Jorge,FALSE,Macro,2024,Spring,TRUE
Santo Cristo,Santo Cristo,Sao Jorge,FALSE,Macro,2024,Summer,FALSE
Santo Cristo,Santo Cristo,Sao Jorge,FALSE,Macro,2024,Winter,FALSE
Santo Cristo,Santo Cristo,Sao Jorge,FALSE,Macro,2025,Autumn,FALSE
Santo Cristo,Santo Cristo,Sao Jorge,FALSE,Macro,2025,Spring,TRUE
Santo Cristo,Santo Cristo,Sao Jorge,FALSE,Macro,2025,Summer,FALSE
Santo Cristo,Santo Cristo,Sao Jorge,FALSE,Macro,2025,Winter,FALSE
Santo Cristo,Santo Cristo,Sao Jorge,FALSE,Phyto,2003,Autumn,FALSE
Santo Cristo,Santo Cristo,Sao Jorge,FALSE,Phyto,2003,Spring,FALSE
Santo Cristo,Santo Cristo,Sao Jorge,FALSE,Phyto,2003,Summer,FALSE
Santo Cristo,Santo Cristo,Sao Jorge,FALSE,Phyto,2003,Winter,FALSE
Santo Cristo,Santo Cristo,Sao Jorge,FALSE,Phyto,2004,Autumn,FALSE
Santo Cristo,Santo Cristo,Sao Jorge,FALSE,Phyto,2004,Spring,FALSE
Santo Cristo,Santo Cristo,Sao Jorge,FALSE,Phyto,2004,Summer,FALSE
Santo Cristo,Santo Cristo,Sao Jorge,FALSE,Phyto,2004,Winter,FALSE
Santo Cristo,Santo Cristo,Sao Jorge,FALSE,Phyto,2005,Autumn,FALSE
Santo Cristo,Santo Cristo,Sao Jorge,FALSE,Phyto,2005,Spring,FALSE
Santo Cristo,Santo Cristo,Sao Jorge,FALSE,Phyto,2005,Summer,FALSE
Santo Cristo,Santo Cristo,Sao Jorge,FALSE,Phyto,2005,Winter,FALSE
Santo Cristo,Santo Cristo,Sao Jorge,FALSE,Phyto,2006,Autumn,FALSE
Santo Cristo,Santo Cristo,Sao Jorge,FALSE,Phyto,2006,Spring,FALSE
Santo Cristo,Santo Cristo,Sao Jorge,FALSE,Phyto,2006,Summer,FALSE
Santo Cristo,Santo Cristo,Sao Jorge,FALSE,Phyto,2006,Winter,FALSE
Santo Cristo,Santo Cristo,Sao Jorge,FALSE,Phyto,2007,Autumn,FALSE
Santo Cristo,Santo Cristo,Sao Jorge,FALSE,Phyto,2007,Spring,FALSE
Santo Cristo,Santo Cristo,Sao Jorge,FALSE,Phyto,2007,Summer,FALSE
Santo Cristo,Santo Cristo,Sao Jorge,FALSE,Phyto,2007,Winter,FALSE
Santo Cristo,Santo Cristo,Sao Jorge,FALSE,Phyto,2008,Autumn,FALSE
Santo Cristo,Santo Cristo,Sao Jorge,FALSE,Phyto,2008,Spring,FALSE
Santo Cristo,Santo Cristo,Sao Jorge,FALSE,Phyto,2008,Summer,FALSE
Santo Cristo,Santo Cristo,Sao Jorge,FALSE,Phyto,2008,Winter,FALSE
Santo Cristo,Santo Cristo,Sao Jorge,FALSE,Phyto,2009,Autumn,FALSE
Santo Cristo,Santo Cristo,Sao Jorge,FALSE,Phyto,2009,Spring,FALSE
Santo Cristo,Santo Cristo,Sao Jorge,FALSE,Phyto,2009,Summer,FALSE
Santo Cristo,Santo Cristo,Sao Jorge,FALSE,Phyto,2009,Winter,FALSE
Santo Cristo,Santo Cristo,Sao Jorge,FALSE,Phyto,2010,Autumn,FALSE
Santo Cristo,Santo Cristo,Sao Jorge,FALSE,Phyto,2010,Spring,FALSE
Santo Cristo,Santo Cristo,Sao Jorge,FALSE,Phyto,2010,Summer,FALSE
Santo Cristo,Santo Cristo,Sao Jorge,FALSE,Phyto,2010,Winter,FALSE
Santo Cristo,Santo Cristo,Sao Jorge,FALSE,Phyto,2011,Autumn,FALSE
Santo Cristo,Santo Cristo,Sao Jorge,FALSE,Phyto,2011,Spring,FALSE
Santo Cristo,Santo Cristo,Sao Jorge,FALSE,Phyto,2011,Summer,FALSE
Santo Cristo,Santo Cristo,Sao Jorge,FALSE,Phyto,2011,Winter,FALSE
Santo Cristo,Santo Cristo,Sao Jorge,FALSE,Phyto,2012,Autumn,FALSE
Santo Cristo,Santo Cristo,Sao Jorge,FALSE,Phyto,2012,Spring,FALSE
Santo Cristo,Santo Cristo,Sao Jorge,FALSE,Phyto,2012,Summer,FALSE
Santo Cristo,Santo Cristo,Sao Jorge,FALSE,Phyto,2012,Winter,FALSE
Santo Cristo,Santo Cristo,Sao Jorge,FALSE,Phyto,2013,Autumn,FALSE
Santo Cristo,Santo Cristo,Sao Jorge,FALSE,Phyto,2013,Spring,FALSE
Santo Cristo,Santo Cristo,Sao Jorge,FALSE,Phyto,2013,Summer,FALSE
Santo Cristo,Santo Cristo,Sao Jorge,FALSE,Phyto,2013,Winter,FALSE
Santo Cristo,Santo Cristo,Sao Jorge,FALSE,Phyto,2014,Autumn,FALSE
Santo Cristo,Santo Cristo,Sao Jorge,FALSE,Phyto,2014,Spring,FALSE
Santo Cristo,Santo Cristo,Sao Jorge,FALSE,Phyto,2014,Summer,FALSE
Santo Cristo,Santo Cristo,Sao Jorge,FALSE,Phyto,2014,Winter,FALSE
Santo Cristo,Santo Cristo,Sao Jorge,FALSE,Phyto,2015,Autumn,FALSE
Santo Cristo,Santo Cristo,Sao Jorge,FALSE,Phyto,2015,Spring,FALSE
Santo Cristo,Santo Cristo,Sao Jorge,FALSE,Phyto,2015,Summer,FALSE
Santo Cristo,Santo Cristo,Sao Jorge,FALSE,Phyto,2015,Winter,FALSE
Santo Cristo,Santo Cristo,Sao Jorge,FALSE,Phyto,2016,Autumn,FALSE
Santo Cristo,Santo Cristo,Sao Jorge,FALSE,Phyto,2016,Spring,FALSE
Santo Cristo,Santo Cristo,Sao Jorge,FALSE,Phyto,2016,Summer,FALSE
Santo Cristo,Santo Cristo,Sao Jorge,FALSE,Phyto,2016,Winter,FALSE
Santo Cristo,Santo Cristo,Sao Jorge,FALSE,Phyto,2017,Autumn,FALSE
Santo Cristo,Santo Cristo,Sao Jorge,FALSE,Phyto,2017,Spring,FALSE
Santo Cristo,Santo Cristo,Sao Jorge,FALSE,Phyto,2017,Summer,FALSE
Santo Cristo,Santo Cristo,Sao Jorge,FALSE,Phyto,2017,Winter,FALSE
Santo Cristo,Santo Cristo,Sao Jorge,FALSE,Phyto,2018,Autumn,FALSE
Santo Cristo,Santo Cristo,Sao Jorge,FALSE,Phyto,2018,Spring,FALSE
Santo Cristo,Santo Cristo,Sao Jorge,FALSE,Phyto,2018,Summer,FALSE
Santo Cristo,Santo Cristo,Sao Jorge,FALSE,Phyto,2018,Winter,FALSE
Santo Cristo,Santo Cristo,Sao Jorge,FALSE,Phyto,2019,Autumn,FALSE
Santo Cristo,Santo Cristo,Sao Jorge,FALSE,Phyto,2019,Spring,FALSE
Santo Cristo,Santo Cristo,Sao Jorge,FALSE,Phyto,2019,Summer,FALSE
Santo Cristo,Santo Cristo,Sao Jorge,FALSE,Phyto,2019,Winter,FALSE
Santo Cristo,Santo Cristo,Sao Jorge,FALSE,Phyto,2020,Autumn,FALSE
Santo Cristo,Santo Cristo,Sao Jorge,FALSE,Phyto,2020,Spring,FALSE
Santo Cristo,Santo Cristo,Sao Jorge,FALSE,Phyto,2020,Summer,FALSE
Santo Cristo,Santo Cristo,Sao Jorge,FALSE,Phyto,2020,Winter,FALSE
Santo Cristo,Santo Cristo,Sao Jorge,FALSE,Phyto,2021,Autumn,FALSE
Santo Cristo,Santo Cristo,Sao Jorge,FALSE,Phyto,2021,Spring,FALSE
Santo Cristo,Santo Cristo,Sao Jorge,FALSE,Phyto,2021,Summer,FALSE
Santo Cristo,Santo Cristo,Sao Jorge,FALSE,Phyto,2021,Winter,FALSE
Santo Cristo,Santo Cristo,Sao Jorge,FALSE,Phyto,2022,Autumn,FALSE
Santo Cristo,Santo Cristo,Sao Jorge,FALSE,Phyto,2022,Spring,FALSE
Santo Cristo,Santo Cristo,Sao Jorge,FALSE,Phyto,2022,Summer,FALSE
Santo Cristo,Santo Cristo,Sao Jorge,FALSE,Phyto,2022,Winter,FALSE
Santo Cristo,Santo Cristo,Sao Jorge,FALSE,Phyto,2023,Autumn,FALSE
Santo Cristo,Santo Cristo,Sao Jorge,FALSE,Phyto,2023,Spring,FALSE
Santo Cristo,Santo Cristo,Sao Jorge,FALSE,Phyto,2023,Summer,FALSE
Santo Cristo,Santo Cristo,Sao Jorge,FALSE,Phyto,2023,Winter,FALSE
Santo Cristo,Santo Cristo,Sao Jorge,FALSE,Phyto,2024,Autumn,TRUE
Santo Cristo,Santo Cristo,Sao Jorge,FALSE,Phyto,2024,Spring,TRUE
Santo Cristo,Santo Cristo,Sao Jorge,FALSE,Phyto,2024,Summer,FALSE
Santo Cristo,Santo Cristo,Sao Jorge,FALSE,Phyto,2024,Winter,FALSE
Santo Cristo,Santo Cristo,Sao Jorge,FALSE,Phyto,2025,Autumn,FALSE
Santo Cristo,Santo Cristo,Sao Jorge,FALSE,Phyto,2025,Spring,TRUE
Santo Cristo,Santo Cristo,Sao Jorge,FALSE,Phyto,2025,Summer,FALSE
Santo Cristo,Santo Cristo,Sao Jorge,FALSE,Phyto,2025,Winter,FALSE
Santo Cristo,Santo Cristo,Sao Jorge,FALSE,Zoo,2003,Autumn,FALSE
Santo Cristo,Santo Cristo,Sao Jorge,FALSE,Zoo,2003,Spring,FALSE
Santo Cristo,Santo Cristo,Sao Jorge,FALSE,Zoo,2003,Summer,FALSE
Santo Cristo,Santo Cristo,Sao Jorge,FALSE,Zoo,2003,Winter,FALSE
Santo Cristo,Santo Cristo,Sao Jorge,FALSE,Zoo,2004,Autumn,FALSE
Santo Cristo,Santo Cristo,Sao Jorge,FALSE,Zoo,2004,Spring,FALSE
Santo Cristo,Santo Cristo,Sao Jorge,FALSE,Zoo,2004,Summer,FALSE
Santo Cristo,Santo Cristo,Sao Jorge,FALSE,Zoo,2004,Winter,FALSE
Santo Cristo,Santo Cristo,Sao Jorge,FALSE,Zoo,2005,Autumn,FALSE
Santo Cristo,Santo Cristo,Sao Jorge,FALSE,Zoo,2005,Spring,FALSE
Santo Cristo,Santo Cristo,Sao Jorge,FALSE,Zoo,2005,Summer,FALSE
Santo Cristo,Santo Cristo,Sao Jorge,FALSE,Zoo,2005,Winter,FALSE
Santo Cristo,Santo Cristo,Sao Jorge,FALSE,Zoo,2006,Autumn,FALSE
Santo Cristo,Santo Cristo,Sao Jorge,FALSE,Zoo,2006,Spring,FALSE
Santo Cristo,Santo Cristo,Sao Jorge,FALSE,Zoo,2006,Summer,FALSE
Santo Cristo,Santo Cristo,Sao Jorge,FALSE,Zoo,2006,Winter,FALSE
Santo Cristo,Santo Cristo,Sao Jorge,FALSE,Zoo,2007,Autumn,FALSE
Santo Cristo,Santo Cristo,Sao Jorge,FALSE,Zoo,2007,Spring,FALSE
Santo Cristo,Santo Cristo,Sao Jorge,FALSE,Zoo,2007,Summer,FALSE
Santo Cristo,Santo Cristo,Sao Jorge,FALSE,Zoo,2007,Winter,FALSE
Santo Cristo,Santo Cristo,Sao Jorge,FALSE,Zoo,2008,Autumn,FALSE
Santo Cristo,Santo Cristo,Sao Jorge,FALSE,Zoo,2008,Spring,FALSE
Santo Cristo,Santo Cristo,Sao Jorge,FALSE,Zoo,2008,Summer,FALSE
Santo Cristo,Santo Cristo,Sao Jorge,FALSE,Zoo,2008,Winter,FALSE
Santo Cristo,Santo Cristo,Sao Jorge,FALSE,Zoo,2009,Autumn,FALSE
Santo Cristo,Santo Cristo,Sao Jorge,FALSE,Zoo,2009,Spring,FALSE
Santo Cristo,Santo Cristo,Sao Jorge,FALSE,Zoo,2009,Summer,FALSE
Santo Cristo,Santo Cristo,Sao Jorge,FALSE,Zoo,2009,Winter,FALSE
Santo Cristo,Santo Cristo,Sao Jorge,FALSE,Zoo,2010,Autumn,FALSE
Santo Cristo,Santo Cristo,Sao Jorge,FALSE,Zoo,2010,Spring,FALSE
Santo Cristo,Santo Cristo,Sao Jorge,FALSE,Zoo,2010,Summer,FALSE
Santo Cristo,Santo Cristo,Sao Jorge,FALSE,Zoo,2010,Winter,FALSE
Santo Cristo,Santo Cristo,Sao Jorge,FALSE,Zoo,2011,Autumn,FALSE
Santo Cristo,Santo Cristo,Sao Jorge,FALSE,Zoo,2011,Spring,FALSE
Santo Cristo,Santo Cristo,Sao Jorge,FALSE,Zoo,2011,Summer,FALSE
Santo Cristo,Santo Cristo,Sao Jorge,FALSE,Zoo,2011,Winter,FALSE
Santo Cristo,Santo Cristo,Sao Jorge,FALSE,Zoo,2012,Autumn,FALSE
Santo Cristo,Santo Cristo,Sao Jorge,FALSE,Zoo,2012,Spring,FALSE
Santo Cristo,Santo Cristo,Sao Jorge,FALSE,Zoo,2012,Summer,FALSE
Santo Cristo,Santo Cristo,Sao Jorge,FALSE,Zoo,2012,Winter,FALSE
Santo Cristo,Santo Cristo,Sao Jorge,FALSE,Zoo,2013,Autumn,FALSE
Santo Cristo,Santo Cristo,Sao Jorge,FALSE,Zoo,2013,Spring,FALSE
Santo Cristo,Santo Cristo,Sao Jorge,FALSE,Zoo,2013,Summer,FALSE
Santo Cristo,Santo Cristo,Sao Jorge,FALSE,Zoo,2013,Winter,FALSE
Santo Cristo,Santo Cristo,Sao Jorge,FALSE,Zoo,2014,Autumn,FALSE
Santo Cristo,Santo Cristo,Sao Jorge,FALSE,Zoo,2014,Spring,FALSE
Santo Cristo,Santo Cristo,Sao Jorge,FALSE,Zoo,2014,Summer,FALSE
Santo Cristo,Santo Cristo,Sao Jorge,FALSE,Zoo,2014,Winter,FALSE
Santo Cristo,Santo Cristo,Sao Jorge,FALSE,Zoo,2015,Autumn,FALSE
Santo Cristo,Santo Cristo,Sao Jorge,FALSE,Zoo,2015,Spring,FALSE
Santo Cristo,Santo Cristo,Sao Jorge,FALSE,Zoo,2015,Summer,FALSE
Santo Cristo,Santo Cristo,Sao Jorge,FALSE,Zoo,2015,Winter,FALSE
Santo Cristo,Santo Cristo,Sao Jorge,FALSE,Zoo,2016,Autumn,FALSE
Santo Cristo,Santo Cristo,Sao Jorge,FALSE,Zoo,2016,Spring,FALSE
Santo Cristo,Santo Cristo,Sao Jorge,FALSE,Zoo,2016,Summer,FALSE
Santo Cristo,Santo Cristo,Sao Jorge,FALSE,Zoo,2016,Winter,FALSE
Santo Cristo,Santo Cristo,Sao Jorge,FALSE,Zoo,2017,Autumn,FALSE
Santo Cristo,Santo Cristo,Sao Jorge,FALSE,Zoo,2017,Spring,FALSE
Santo Cristo,Santo Cristo,Sao Jorge,FALSE,Zoo,2017,Summer,FALSE
Santo Cristo,Santo Cristo,Sao Jorge,FALSE,Zoo,2017,Winter,FALSE
Santo Cristo,Santo Cristo,Sao Jorge,FALSE,Zoo,2018,Autumn,FALSE
Santo Cristo,Santo Cristo,Sao Jorge,FALSE,Zoo,2018,Spring,FALSE
Santo Cristo,Santo Cristo,Sao Jorge,FALSE,Zoo,2018,Summer,FALSE
Santo Cristo,Santo Cristo,Sao Jorge,FALSE,Zoo,2018,Winter,FALSE
Santo Cristo,Santo Cristo,Sao Jorge,FALSE,Zoo,2019,Autumn,FALSE
Santo Cristo,Santo Cristo,Sao Jorge,FALSE,Zoo,2019,Spring,FALSE
Santo Cristo,Santo Cristo,Sao Jorge,FALSE,Zoo,2019,Summer,FALSE
Santo Cristo,Santo Cristo,Sao Jorge,FALSE,Zoo,2019,Winter,FALSE
Santo Cristo,Santo Cristo,Sao Jorge,FALSE,Zoo,2020,Autumn,FALSE
Santo Cristo,Santo Cristo,Sao Jorge,FALSE,Zoo,2020,Spring,FALSE
Santo Cristo,Santo Cristo,Sao Jorge,FALSE,Zoo,2020,Summer,FALSE
Santo Cristo,Santo Cristo,Sao Jorge,FALSE,Zoo,2020,Winter,FALSE
Santo Cristo,Santo Cristo,Sao Jorge,FALSE,Zoo,2021,Autumn,FALSE
Santo Cristo,Santo Cristo,Sao Jorge,FALSE,Zoo,2021,Spring,FALSE
Santo Cristo,Santo Cristo,Sao Jorge,FALSE,Zoo,2021,Summer,FALSE
Santo Cristo,Santo Cristo,Sao Jorge,FALSE,Zoo,2021,Winter,FALSE
Santo Cristo,Santo Cristo,Sao Jorge,FALSE,Zoo,2022,Autumn,FALSE
Santo Cristo,Santo Cristo,Sao Jorge,FALSE,Zoo,2022,Spring,FALSE
Santo Cristo,Santo Cristo,Sao Jorge,FALSE,Zoo,2022,Summer,FALSE
Santo Cristo,Santo Cristo,Sao Jorge,FALSE,Zoo,2022,Winter,FALSE
Santo Cristo,Santo Cristo,Sao Jorge,FALSE,Zoo,2023,Autumn,FALSE
Santo Cristo,Santo Cristo,Sao Jorge,FALSE,Zoo,2023,Spring,FALSE
Santo Cristo,Santo Cristo,Sao Jorge,FALSE,Zoo,2023,Summer,FALSE
Santo Cristo,Santo Cristo,Sao Jorge,FALSE,Zoo,2023,Winter,FALSE
Santo Cristo,Santo Cristo,Sao Jorge,FALSE,Zoo,2024,Autumn,FALSE
Santo Cristo,Santo Cristo,Sao Jorge,FALSE,Zoo,2024,Spring,FALSE
Santo Cristo,Santo Cristo,Sao Jorge,FALSE,Zoo,2024,Summer,FALSE
Santo Cristo,Santo Cristo,Sao Jorge,FALSE,Zoo,2024,Winter,FALSE
Santo Cristo,Santo Cristo,Sao Jorge,FALSE,Zoo,2025,Autumn,FALSE
Santo Cristo,Santo Cristo,Sao Jorge,FALSE,Zoo,2025,Spring,TRUE
Santo Cristo,Santo Cristo,Sao Jorge,FALSE,Zoo,2025,Summer,FALSE
Santo Cristo,Santo Cristo,Sao Jorge,FALSE,Zoo,2025,Winter,FALSE
Sao Bras,São Brás,Sao Miguel,TRUE,Diatom,2003,Autumn,TRUE
Sao Bras,São Brás,Sao Miguel,TRUE,Diatom,2003,Spring,FALSE
Sao Bras,São Brás,Sao Miguel,TRUE,Diatom,2003,Summer,FALSE
Sao Bras,São Brás,Sao Miguel,TRUE,Diatom,2003,Winter,FALSE
Sao Bras,São Brás,Sao Miguel,TRUE,Diatom,2004,Autumn,FALSE
Sao Bras,São Brás,Sao Miguel,TRUE,Diatom,2004,Spring,TRUE
Sao Bras,São Brás,Sao Miguel,TRUE,Diatom,2004,Summer,TRUE
Sao Bras,São Brás,Sao Miguel,TRUE,Diatom,2004,Winter,TRUE
Sao Bras,São Brás,Sao Miguel,TRUE,Diatom,2005,Autumn,FALSE
Sao Bras,São Brás,Sao Miguel,TRUE,Diatom,2005,Spring,FALSE
Sao Bras,São Brás,Sao Miguel,TRUE,Diatom,2005,Summer,TRUE
Sao Bras,São Brás,Sao Miguel,TRUE,Diatom,2005,Winter,TRUE
Sao Bras,São Brás,Sao Miguel,TRUE,Diatom,2006,Autumn,FALSE
Sao Bras,São Brás,Sao Miguel,TRUE,Diatom,2006,Spring,TRUE
Sao Bras,São Brás,Sao Miguel,TRUE,Diatom,2006,Summer,TRUE
Sao Bras,São Brás,Sao Miguel,TRUE,Diatom,2006,Winter,TRUE
Sao Bras,São Brás,Sao Miguel,TRUE,Diatom,2007,Autumn,FALSE
Sao Bras,São Brás,Sao Miguel,TRUE,Diatom,2007,Spring,FALSE
Sao Bras,São Brás,Sao Miguel,TRUE,Diatom,2007,Summer,FALSE
Sao Bras,São Brás,Sao Miguel,TRUE,Diatom,2007,Winter,TRUE
Sao Bras,São Brás,Sao Miguel,TRUE,Diatom,2008,Autumn,TRUE
Sao Bras,São Brás,Sao Miguel,TRUE,Diatom,2008,Spring,TRUE
Sao Bras,São Brás,Sao Miguel,TRUE,Diatom,2008,Summer,TRUE
Sao Bras,São Brás,Sao Miguel,TRUE,Diatom,2008,Winter,TRUE
Sao Bras,São Brás,Sao Miguel,TRUE,Diatom,2009,Autumn,TRUE
Sao Bras,São Brás,Sao Miguel,TRUE,Diatom,2009,Spring,FALSE
Sao Bras,São Brás,Sao Miguel,TRUE,Diatom,2009,Summer,FALSE
Sao Bras,São Brás,Sao Miguel,TRUE,Diatom,2009,Winter,TRUE
Sao Bras,São Brás,Sao Miguel,TRUE,Diatom,2010,Autumn,TRUE
Sao Bras,São Brás,Sao Miguel,TRUE,Diatom,2010,Spring,TRUE
Sao Bras,São Brás,Sao Miguel,TRUE,Diatom,2010,Summer,TRUE
Sao Bras,São Brás,Sao Miguel,TRUE,Diatom,2010,Winter,TRUE
Sao Bras,São Brás,Sao Miguel,TRUE,Diatom,2011,Autumn,TRUE
Sao Bras,São Brás,Sao Miguel,TRUE,Diatom,2011,Spring,TRUE
Sao Bras,São Brás,Sao Miguel,TRUE,Diatom,2011,Summer,TRUE
Sao Bras,São Brás,Sao Miguel,TRUE,Diatom,2011,Winter,TRUE
Sao Bras,São Brás,Sao Miguel,TRUE,Diatom,2012,Autumn,TRUE
Sao Bras,São Brás,Sao Miguel,TRUE,Diatom,2012,Spring,TRUE
Sao Bras,São Brás,Sao Miguel,TRUE,Diatom,2012,Summer,TRUE
Sao Bras,São Brás,Sao Miguel,TRUE,Diatom,2012,Winter,TRUE
Sao Bras,São Brás,Sao Miguel,TRUE,Diatom,2013,Autumn,FALSE
Sao Bras,São Brás,Sao Miguel,TRUE,Diatom,2013,Spring,FALSE
Sao Bras,São Brás,Sao Miguel,TRUE,Diatom,2013,Summer,FALSE
Sao Bras,São Brás,Sao Miguel,TRUE,Diatom,2013,Winter,FALSE
Sao Bras,São Brás,Sao Miguel,TRUE,Diatom,2014,Autumn,FALSE
Sao Bras,São Brás,Sao Miguel,TRUE,Diatom,2014,Spring,FALSE
Sao Bras,São Brás,Sao Miguel,TRUE,Diatom,2014,Summer,FALSE
Sao Bras,São Brás,Sao Miguel,TRUE,Diatom,2014,Winter,FALSE
Sao Bras,São Brás,Sao Miguel,TRUE,Diatom,2015,Autumn,TRUE
Sao Bras,São Brás,Sao Miguel,TRUE,Diatom,2015,Spring,FALSE
Sao Bras,São Brás,Sao Miguel,TRUE,Diatom,2015,Summer,FALSE
Sao Bras,São Brás,Sao Miguel,TRUE,Diatom,2015,Winter,FALSE
Sao Bras,São Brás,Sao Miguel,TRUE,Diatom,2016,Autumn,TRUE
Sao Bras,São Brás,Sao Miguel,TRUE,Diatom,2016,Spring,TRUE
Sao Bras,São Brás,Sao Miguel,TRUE,Diatom,2016,Summer,FALSE
Sao Bras,São Brás,Sao Miguel,TRUE,Diatom,2016,Winter,TRUE
Sao Bras,São Brás,Sao Miguel,TRUE,Diatom,2017,Autumn,TRUE
Sao Bras,São Brás,Sao Miguel,TRUE,Diatom,2017,Spring,FALSE
Sao Bras,São Brás,Sao Miguel,TRUE,Diatom,2017,Summer,FALSE
Sao Bras,São Brás,Sao Miguel,TRUE,Diatom,2017,Winter,FALSE
Sao Bras,São Brás,Sao Miguel,TRUE,Diatom,2018,Autumn,FALSE
Sao Bras,São Brás,Sao Miguel,TRUE,Diatom,2018,Spring,TRUE
Sao Bras,São Brás,Sao Miguel,TRUE,Diatom,2018,Summer,TRUE
Sao Bras,São Brás,Sao Miguel,TRUE,Diatom,2018,Winter,TRUE
Sao Bras,São Brás,Sao Miguel,TRUE,Diatom,2019,Autumn,FALSE
Sao Bras,São Brás,Sao Miguel,TRUE,Diatom,2019,Spring,FALSE
Sao Bras,São Brás,Sao Miguel,TRUE,Diatom,2019,Summer,FALSE
Sao Bras,São Brás,Sao Miguel,TRUE,Diatom,2019,Winter,FALSE
Sao Bras,São Brás,Sao Miguel,TRUE,Diatom,2020,Autumn,FALSE
Sao Bras,São Brás,Sao Miguel,TRUE,Diatom,2020,Spring,FALSE
Sao Bras,São Brás,Sao Miguel,TRUE,Diatom,2020,Summer,FALSE
Sao Bras,São Brás,Sao Miguel,TRUE,Diatom,2020,Winter,FALSE
Sao Bras,São Brás,Sao Miguel,TRUE,Diatom,2021,Autumn,FALSE
Sao Bras,São Brás,Sao Miguel,TRUE,Diatom,2021,Spring,FALSE
Sao Bras,São Brás,Sao Miguel,TRUE,Diatom,2021,Summer,FALSE
Sao Bras,São Brás,Sao Miguel,TRUE,Diatom,2021,Winter,FALSE
Sao Bras,São Brás,Sao Miguel,TRUE,Diatom,2022,Autumn,FALSE
Sao Bras,São Brás,Sao Miguel,TRUE,Diatom,2022,Spring,FALSE
Sao Bras,São Brás,Sao Miguel,TRUE,Diatom,2022,Summer,FALSE
Sao Bras,São Brás,Sao Miguel,TRUE,Diatom,2022,Winter,FALSE
Sao Bras,São Brás,Sao Miguel,TRUE,Diatom,2023,Autumn,FALSE
Sao Bras,São Brás,Sao Miguel,TRUE,Diatom,2023,Spring,FALSE
Sao Bras,São Brás,Sao Miguel,TRUE,Diatom,2023,Summer,FALSE
Sao Bras,São Brás,Sao Miguel,TRUE,Diatom,2023,Winter,FALSE
Sao Bras,São Brás,Sao Miguel,TRUE,Diatom,2024,Autumn,TRUE
Sao Bras,São Brás,Sao Miguel,TRUE,Diatom,2024,Spring,TRUE
Sao Bras,São Brás,Sao Miguel,TRUE,Diatom,2024,Summer,TRUE
Sao Bras,São Brás,Sao Miguel,TRUE,Diatom,2024,Winter,TRUE
Sao Bras,São Brás,Sao Miguel,TRUE,Diatom,2025,Autumn,TRUE
Sao Bras,São Brás,Sao Miguel,TRUE,Diatom,2025,Spring,TRUE
Sao Bras,São Brás,Sao Miguel,TRUE,Diatom,2025,Summer,TRUE
Sao Bras,São Brás,Sao Miguel,TRUE,Diatom,2025,Winter,TRUE
Sao Bras,São Brás,Sao Miguel,TRUE,Env,2003,Autumn,TRUE
Sao Bras,São Brás,Sao Miguel,TRUE,Env,2003,Spring,FALSE
Sao Bras,São Brás,Sao Miguel,TRUE,Env,2003,Summer,FALSE
Sao Bras,São Brás,Sao Miguel,TRUE,Env,2003,Winter,FALSE
Sao Bras,São Brás,Sao Miguel,TRUE,Env,2004,Autumn,FALSE
Sao Bras,São Brás,Sao Miguel,TRUE,Env,2004,Spring,TRUE
Sao Bras,São Brás,Sao Miguel,TRUE,Env,2004,Summer,TRUE
Sao Bras,São Brás,Sao Miguel,TRUE,Env,2004,Winter,TRUE
Sao Bras,São Brás,Sao Miguel,TRUE,Env,2005,Autumn,FALSE
Sao Bras,São Brás,Sao Miguel,TRUE,Env,2005,Spring,FALSE
Sao Bras,São Brás,Sao Miguel,TRUE,Env,2005,Summer,TRUE
Sao Bras,São Brás,Sao Miguel,TRUE,Env,2005,Winter,TRUE
Sao Bras,São Brás,Sao Miguel,TRUE,Env,2006,Autumn,FALSE
Sao Bras,São Brás,Sao Miguel,TRUE,Env,2006,Spring,TRUE
Sao Bras,São Brás,Sao Miguel,TRUE,Env,2006,Summer,TRUE
Sao Bras,São Brás,Sao Miguel,TRUE,Env,2006,Winter,TRUE
Sao Bras,São Brás,Sao Miguel,TRUE,Env,2007,Autumn,FALSE
Sao Bras,São Brás,Sao Miguel,TRUE,Env,2007,Spring,TRUE
Sao Bras,São Brás,Sao Miguel,TRUE,Env,2007,Summer,FALSE
Sao Bras,São Brás,Sao Miguel,TRUE,Env,2007,Winter,TRUE
Sao Bras,São Brás,Sao Miguel,TRUE,Env,2008,Autumn,FALSE
Sao Bras,São Brás,Sao Miguel,TRUE,Env,2008,Spring,TRUE
Sao Bras,São Brás,Sao Miguel,TRUE,Env,2008,Summer,TRUE
Sao Bras,São Brás,Sao Miguel,TRUE,Env,2008,Winter,TRUE
Sao Bras,São Brás,Sao Miguel,TRUE,Env,2009,Autumn,FALSE
Sao Bras,São Brás,Sao Miguel,TRUE,Env,2009,Spring,FALSE
Sao Bras,São Brás,Sao Miguel,TRUE,Env,2009,Summer,FALSE
Sao Bras,São Brás,Sao Miguel,TRUE,Env,2009,Winter,FALSE
Sao Bras,São Brás,Sao Miguel,TRUE,Env,2010,Autumn,TRUE
Sao Bras,São Brás,Sao Miguel,TRUE,Env,2010,Spring,TRUE
Sao Bras,São Brás,Sao Miguel,TRUE,Env,2010,Summer,TRUE
Sao Bras,São Brás,Sao Miguel,TRUE,Env,2010,Winter,TRUE
Sao Bras,São Brás,Sao Miguel,TRUE,Env,2011,Autumn,TRUE
Sao Bras,São Brás,Sao Miguel,TRUE,Env,2011,Spring,TRUE
Sao Bras,São Brás,Sao Miguel,TRUE,Env,2011,Summer,TRUE
Sao Bras,São Brás,Sao Miguel,TRUE,Env,2011,Winter,TRUE
Sao Bras,São Brás,Sao Miguel,TRUE,Env,2012,Autumn,TRUE
Sao Bras,São Brás,Sao Miguel,TRUE,Env,2012,Spring,TRUE
Sao Bras,São Brás,Sao Miguel,TRUE,Env,2012,Summer,TRUE
Sao Bras,São Brás,Sao Miguel,TRUE,Env,2012,Winter,TRUE
Sao Bras,São Brás,Sao Miguel,TRUE,Env,2013,Autumn,FALSE
Sao Bras,São Brás,Sao Miguel,TRUE,Env,2013,Spring,FALSE
Sao Bras,São Brás,Sao Miguel,TRUE,Env,2013,Summer,FALSE
Sao Bras,São Brás,Sao Miguel,TRUE,Env,2013,Winter,FALSE
Sao Bras,São Brás,Sao Miguel,TRUE,Env,2014,Autumn,FALSE
Sao Bras,São Brás,Sao Miguel,TRUE,Env,2014,Spring,FALSE
Sao Bras,São Brás,Sao Miguel,TRUE,Env,2014,Summer,FALSE
Sao Bras,São Brás,Sao Miguel,TRUE,Env,2014,Winter,FALSE
Sao Bras,São Brás,Sao Miguel,TRUE,Env,2015,Autumn,FALSE
Sao Bras,São Brás,Sao Miguel,TRUE,Env,2015,Spring,FALSE
Sao Bras,São Brás,Sao Miguel,TRUE,Env,2015,Summer,FALSE
Sao Bras,São Brás,Sao Miguel,TRUE,Env,2015,Winter,FALSE
Sao Bras,São Brás,Sao Miguel,TRUE,Env,2016,Autumn,FALSE
Sao Bras,São Brás,Sao Miguel,TRUE,Env,2016,Spring,FALSE
Sao Bras,São Brás,Sao Miguel,TRUE,Env,2016,Summer,FALSE
Sao Bras,São Brás,Sao Miguel,TRUE,Env,2016,Winter,FALSE
Sao Bras,São Brás,Sao Miguel,TRUE,Env,2017,Autumn,FALSE
Sao Bras,São Brás,Sao Miguel,TRUE,Env,2017,Spring,FALSE
Sao Bras,São Brás,Sao Miguel,TRUE,Env,2017,Summer,FALSE
Sao Bras,São Brás,Sao Miguel,TRUE,Env,2017,Winter,FALSE
Sao Bras,São Brás,Sao Miguel,TRUE,Env,2018,Autumn,FALSE
Sao Bras,São Brás,Sao Miguel,TRUE,Env,2018,Spring,TRUE
Sao Bras,São Brás,Sao Miguel,TRUE,Env,2018,Summer,FALSE
Sao Bras,São Brás,Sao Miguel,TRUE,Env,2018,Winter,FALSE
Sao Bras,São Brás,Sao Miguel,TRUE,Env,2019,Autumn,FALSE
Sao Bras,São Brás,Sao Miguel,TRUE,Env,2019,Spring,FALSE
Sao Bras,São Brás,Sao Miguel,TRUE,Env,2019,Summer,FALSE
Sao Bras,São Brás,Sao Miguel,TRUE,Env,2019,Winter,FALSE
Sao Bras,São Brás,Sao Miguel,TRUE,Env,2020,Autumn,FALSE
Sao Bras,São Brás,Sao Miguel,TRUE,Env,2020,Spring,FALSE
Sao Bras,São Brás,Sao Miguel,TRUE,Env,2020,Summer,FALSE
Sao Bras,São Brás,Sao Miguel,TRUE,Env,2020,Winter,FALSE
Sao Bras,São Brás,Sao Miguel,TRUE,Env,2021,Autumn,FALSE
Sao Bras,São Brás,Sao Miguel,TRUE,Env,2021,Spring,FALSE
Sao Bras,São Brás,Sao Miguel,TRUE,Env,2021,Summer,FALSE
Sao Bras,São Brás,Sao Miguel,TRUE,Env,2021,Winter,FALSE
Sao Bras,São Brás,Sao Miguel,TRUE,Env,2022,Autumn,FALSE
Sao Bras,São Brás,Sao Miguel,TRUE,Env,2022,Spring,FALSE
Sao Bras,São Brás,Sao Miguel,TRUE,Env,2022,Summer,FALSE
Sao Bras,São Brás,Sao Miguel,TRUE,Env,2022,Winter,FALSE
Sao Bras,São Brás,Sao Miguel,TRUE,Env,2023,Autumn,FALSE
Sao Bras,São Brás,Sao Miguel,TRUE,Env,2023,Spring,FALSE
Sao Bras,São Brás,Sao Miguel,TRUE,Env,2023,Summer,FALSE
Sao Bras,São Brás,Sao Miguel,TRUE,Env,2023,Winter,FALSE
Sao Bras,São Brás,Sao Miguel,TRUE,Env,2024,Autumn,TRUE
Sao Bras,São Brás,Sao Miguel,TRUE,Env,2024,Spring,TRUE
Sao Bras,São Brás,Sao Miguel,TRUE,Env,2024,Summer,TRUE
Sao Bras,São Brás,Sao Miguel,TRUE,Env,2024,Winter,TRUE
Sao Bras,São Brás,Sao Miguel,TRUE,Env,2025,Autumn,TRUE
Sao Bras,São Brás,Sao Miguel,TRUE,Env,2025,Spring,TRUE
Sao Bras,São Brás,Sao Miguel,TRUE,Env,2025,Summer,TRUE
Sao Bras,São Brás,Sao Miguel,TRUE,Env,2025,Winter,TRUE
Sao Bras,São Brás,Sao Miguel,TRUE,Macro,2003,Autumn,TRUE
Sao Bras,São Brás,Sao Miguel,TRUE,Macro,2003,Spring,FALSE
Sao Bras,São Brás,Sao Miguel,TRUE,Macro,2003,Summer,FALSE
Sao Bras,São Brás,Sao Miguel,TRUE,Macro,2003,Winter,FALSE
Sao Bras,São Brás,Sao Miguel,TRUE,Macro,2004,Autumn,FALSE
Sao Bras,São Brás,Sao Miguel,TRUE,Macro,2004,Spring,TRUE
Sao Bras,São Brás,Sao Miguel,TRUE,Macro,2004,Summer,TRUE
Sao Bras,São Brás,Sao Miguel,TRUE,Macro,2004,Winter,TRUE
Sao Bras,São Brás,Sao Miguel,TRUE,Macro,2005,Autumn,FALSE
Sao Bras,São Brás,Sao Miguel,TRUE,Macro,2005,Spring,TRUE
Sao Bras,São Brás,Sao Miguel,TRUE,Macro,2005,Summer,FALSE
Sao Bras,São Brás,Sao Miguel,TRUE,Macro,2005,Winter,TRUE
Sao Bras,São Brás,Sao Miguel,TRUE,Macro,2006,Autumn,FALSE
Sao Bras,São Brás,Sao Miguel,TRUE,Macro,2006,Spring,TRUE
Sao Bras,São Brás,Sao Miguel,TRUE,Macro,2006,Summer,TRUE
Sao Bras,São Brás,Sao Miguel,TRUE,Macro,2006,Winter,TRUE
Sao Bras,São Brás,Sao Miguel,TRUE,Macro,2007,Autumn,FALSE
Sao Bras,São Brás,Sao Miguel,TRUE,Macro,2007,Spring,FALSE
Sao Bras,São Brás,Sao Miguel,TRUE,Macro,2007,Summer,FALSE
Sao Bras,São Brás,Sao Miguel,TRUE,Macro,2007,Winter,FALSE
Sao Bras,São Brás,Sao Miguel,TRUE,Macro,2008,Autumn,TRUE
Sao Bras,São Brás,Sao Miguel,TRUE,Macro,2008,Spring,TRUE
Sao Bras,São Brás,Sao Miguel,TRUE,Macro,2008,Summer,TRUE
Sao Bras,São Brás,Sao Miguel,TRUE,Macro,2008,Winter,TRUE
Sao Bras,São Brás,Sao Miguel,TRUE,Macro,2009,Autumn,FALSE
Sao Bras,São Brás,Sao Miguel,TRUE,Macro,2009,Spring,FALSE
Sao Bras,São Brás,Sao Miguel,TRUE,Macro,2009,Summer,TRUE
Sao Bras,São Brás,Sao Miguel,TRUE,Macro,2009,Winter,TRUE
Sao Bras,São Brás,Sao Miguel,TRUE,Macro,2010,Autumn,TRUE
Sao Bras,São Brás,Sao Miguel,TRUE,Macro,2010,Spring,TRUE
Sao Bras,São Brás,Sao Miguel,TRUE,Macro,2010,Summer,TRUE
Sao Bras,São Brás,Sao Miguel,TRUE,Macro,2010,Winter,TRUE
Sao Bras,São Brás,Sao Miguel,TRUE,Macro,2011,Autumn,TRUE
Sao Bras,São Brás,Sao Miguel,TRUE,Macro,2011,Spring,TRUE
Sao Bras,São Brás,Sao Miguel,TRUE,Macro,2011,Summer,TRUE
Sao Bras,São Brás,Sao Miguel,TRUE,Macro,2011,Winter,TRUE
Sao Bras,São Brás,Sao Miguel,TRUE,Macro,2012,Autumn,TRUE
Sao Bras,São Brás,Sao Miguel,TRUE,Macro,2012,Spring,TRUE
Sao Bras,São Brás,Sao Miguel,TRUE,Macro,2012,Summer,TRUE
Sao Bras,São Brás,Sao Miguel,TRUE,Macro,2012,Winter,TRUE
Sao Bras,São Brás,Sao Miguel,TRUE,Macro,2013,Autumn,FALSE
Sao Bras,São Brás,Sao Miguel,TRUE,Macro,2013,Spring,FALSE
Sao Bras,São Brás,Sao Miguel,TRUE,Macro,2013,Summer,FALSE
Sao Bras,São Brás,Sao Miguel,TRUE,Macro,2013,Winter,FALSE
Sao Bras,São Brás,Sao Miguel,TRUE,Macro,2014,Autumn,FALSE
Sao Bras,São Brás,Sao Miguel,TRUE,Macro,2014,Spring,FALSE
Sao Bras,São Brás,Sao Miguel,TRUE,Macro,2014,Summer,FALSE
Sao Bras,São Brás,Sao Miguel,TRUE,Macro,2014,Winter,FALSE
Sao Bras,São Brás,Sao Miguel,TRUE,Macro,2015,Autumn,FALSE
Sao Bras,São Brás,Sao Miguel,TRUE,Macro,2015,Spring,FALSE
Sao Bras,São Brás,Sao Miguel,TRUE,Macro,2015,Summer,FALSE
Sao Bras,São Brás,Sao Miguel,TRUE,Macro,2015,Winter,FALSE
Sao Bras,São Brás,Sao Miguel,TRUE,Macro,2016,Autumn,FALSE
Sao Bras,São Brás,Sao Miguel,TRUE,Macro,2016,Spring,FALSE
Sao Bras,São Brás,Sao Miguel,TRUE,Macro,2016,Summer,FALSE
Sao Bras,São Brás,Sao Miguel,TRUE,Macro,2016,Winter,FALSE
Sao Bras,São Brás,Sao Miguel,TRUE,Macro,2017,Autumn,FALSE
Sao Bras,São Brás,Sao Miguel,TRUE,Macro,2017,Spring,FALSE
Sao Bras,São Brás,Sao Miguel,TRUE,Macro,2017,Summer,FALSE
Sao Bras,São Brás,Sao Miguel,TRUE,Macro,2017,Winter,FALSE
Sao Bras,São Brás,Sao Miguel,TRUE,Macro,2018,Autumn,FALSE
Sao Bras,São Brás,Sao Miguel,TRUE,Macro,2018,Spring,TRUE
Sao Bras,São Brás,Sao Miguel,TRUE,Macro,2018,Summer,FALSE
Sao Bras,São Brás,Sao Miguel,TRUE,Macro,2018,Winter,FALSE
Sao Bras,São Brás,Sao Miguel,TRUE,Macro,2019,Autumn,FALSE
Sao Bras,São Brás,Sao Miguel,TRUE,Macro,2019,Spring,FALSE
Sao Bras,São Brás,Sao Miguel,TRUE,Macro,2019,Summer,FALSE
Sao Bras,São Brás,Sao Miguel,TRUE,Macro,2019,Winter,FALSE
Sao Bras,São Brás,Sao Miguel,TRUE,Macro,2020,Autumn,FALSE
Sao Bras,São Brás,Sao Miguel,TRUE,Macro,2020,Spring,FALSE
Sao Bras,São Brás,Sao Miguel,TRUE,Macro,2020,Summer,FALSE
Sao Bras,São Brás,Sao Miguel,TRUE,Macro,2020,Winter,FALSE
Sao Bras,São Brás,Sao Miguel,TRUE,Macro,2021,Autumn,FALSE
Sao Bras,São Brás,Sao Miguel,TRUE,Macro,2021,Spring,FALSE
Sao Bras,São Brás,Sao Miguel,TRUE,Macro,2021,Summer,FALSE
Sao Bras,São Brás,Sao Miguel,TRUE,Macro,2021,Winter,FALSE
Sao Bras,São Brás,Sao Miguel,TRUE,Macro,2022,Autumn,FALSE
Sao Bras,São Brás,Sao Miguel,TRUE,Macro,2022,Spring,FALSE
Sao Bras,São Brás,Sao Miguel,TRUE,Macro,2022,Summer,FALSE
Sao Bras,São Brás,Sao Miguel,TRUE,Macro,2022,Winter,FALSE
Sao Bras,São Brás,Sao Miguel,TRUE,Macro,2023,Autumn,FALSE
Sao Bras,São Brás,Sao Miguel,TRUE,Macro,2023,Spring,FALSE
Sao Bras,São Brás,Sao Miguel,TRUE,Macro,2023,Summer,FALSE
Sao Bras,São Brás,Sao Miguel,TRUE,Macro,2023,Winter,FALSE
Sao Bras,São Brás,Sao Miguel,TRUE,Macro,2024,Autumn,TRUE
Sao Bras,São Brás,Sao Miguel,TRUE,Macro,2024,Spring,TRUE
Sao Bras,São Brás,Sao Miguel,TRUE,Macro,2024,Summer,TRUE
Sao Bras,São Brás,Sao Miguel,TRUE,Macro,2024,Winter,TRUE
Sao Bras,São Brás,Sao Miguel,TRUE,Macro,2025,Autumn,TRUE
Sao Bras,São Brás,Sao Miguel,TRUE,Macro,2025,Spring,TRUE
Sao Bras,São Brás,Sao Miguel,TRUE,Macro,2025,Summer,TRUE
Sao Bras,São Brás,Sao Miguel,TRUE,Macro,2025,Winter,TRUE
Sao Bras,São Brás,Sao Miguel,TRUE,Phyto,2003,Autumn,TRUE
Sao Bras,São Brás,Sao Miguel,TRUE,Phyto,2003,Spring,FALSE
Sao Bras,São Brás,Sao Miguel,TRUE,Phyto,2003,Summer,FALSE
Sao Bras,São Brás,Sao Miguel,TRUE,Phyto,2003,Winter,FALSE
Sao Bras,São Brás,Sao Miguel,TRUE,Phyto,2004,Autumn,FALSE
Sao Bras,São Brás,Sao Miguel,TRUE,Phyto,2004,Spring,TRUE
Sao Bras,São Brás,Sao Miguel,TRUE,Phyto,2004,Summer,TRUE
Sao Bras,São Brás,Sao Miguel,TRUE,Phyto,2004,Winter,TRUE
Sao Bras,São Brás,Sao Miguel,TRUE,Phyto,2005,Autumn,FALSE
Sao Bras,São Brás,Sao Miguel,TRUE,Phyto,2005,Spring,FALSE
Sao Bras,São Brás,Sao Miguel,TRUE,Phyto,2005,Summer,TRUE
Sao Bras,São Brás,Sao Miguel,TRUE,Phyto,2005,Winter,TRUE
Sao Bras,São Brás,Sao Miguel,TRUE,Phyto,2006,Autumn,FALSE
Sao Bras,São Brás,Sao Miguel,TRUE,Phyto,2006,Spring,TRUE
Sao Bras,São Brás,Sao Miguel,TRUE,Phyto,2006,Summer,FALSE
Sao Bras,São Brás,Sao Miguel,TRUE,Phyto,2006,Winter,TRUE
Sao Bras,São Brás,Sao Miguel,TRUE,Phyto,2007,Autumn,FALSE
Sao Bras,São Brás,Sao Miguel,TRUE,Phyto,2007,Spring,FALSE
Sao Bras,São Brás,Sao Miguel,TRUE,Phyto,2007,Summer,FALSE
Sao Bras,São Brás,Sao Miguel,TRUE,Phyto,2007,Winter,TRUE
Sao Bras,São Brás,Sao Miguel,TRUE,Phyto,2008,Autumn,TRUE
Sao Bras,São Brás,Sao Miguel,TRUE,Phyto,2008,Spring,TRUE
Sao Bras,São Brás,Sao Miguel,TRUE,Phyto,2008,Summer,TRUE
Sao Bras,São Brás,Sao Miguel,TRUE,Phyto,2008,Winter,TRUE
Sao Bras,São Brás,Sao Miguel,TRUE,Phyto,2009,Autumn,FALSE
Sao Bras,São Brás,Sao Miguel,TRUE,Phyto,2009,Spring,FALSE
Sao Bras,São Brás,Sao Miguel,TRUE,Phyto,2009,Summer,TRUE
Sao Bras,São Brás,Sao Miguel,TRUE,Phyto,2009,Winter,TRUE
Sao Bras,São Brás,Sao Miguel,TRUE,Phyto,2010,Autumn,TRUE
Sao Bras,São Brás,Sao Miguel,TRUE,Phyto,2010,Spring,TRUE
Sao Bras,São Brás,Sao Miguel,TRUE,Phyto,2010,Summer,TRUE
Sao Bras,São Brás,Sao Miguel,TRUE,Phyto,2010,Winter,TRUE
Sao Bras,São Brás,Sao Miguel,TRUE,Phyto,2011,Autumn,TRUE
Sao Bras,São Brás,Sao Miguel,TRUE,Phyto,2011,Spring,TRUE
Sao Bras,São Brás,Sao Miguel,TRUE,Phyto,2011,Summer,TRUE
Sao Bras,São Brás,Sao Miguel,TRUE,Phyto,2011,Winter,TRUE
Sao Bras,São Brás,Sao Miguel,TRUE,Phyto,2012,Autumn,TRUE
Sao Bras,São Brás,Sao Miguel,TRUE,Phyto,2012,Spring,TRUE
Sao Bras,São Brás,Sao Miguel,TRUE,Phyto,2012,Summer,TRUE
Sao Bras,São Brás,Sao Miguel,TRUE,Phyto,2012,Winter,TRUE
Sao Bras,São Brás,Sao Miguel,TRUE,Phyto,2013,Autumn,FALSE
Sao Bras,São Brás,Sao Miguel,TRUE,Phyto,2013,Spring,FALSE
Sao Bras,São Brás,Sao Miguel,TRUE,Phyto,2013,Summer,FALSE
Sao Bras,São Brás,Sao Miguel,TRUE,Phyto,2013,Winter,FALSE
Sao Bras,São Brás,Sao Miguel,TRUE,Phyto,2014,Autumn,FALSE
Sao Bras,São Brás,Sao Miguel,TRUE,Phyto,2014,Spring,FALSE
Sao Bras,São Brás,Sao Miguel,TRUE,Phyto,2014,Summer,FALSE
Sao Bras,São Brás,Sao Miguel,TRUE,Phyto,2014,Winter,FALSE
Sao Bras,São Brás,Sao Miguel,TRUE,Phyto,2015,Autumn,FALSE
Sao Bras,São Brás,Sao Miguel,TRUE,Phyto,2015,Spring,FALSE
Sao Bras,São Brás,Sao Miguel,TRUE,Phyto,2015,Summer,FALSE
Sao Bras,São Brás,Sao Miguel,TRUE,Phyto,2015,Winter,FALSE
Sao Bras,São Brás,Sao Miguel,TRUE,Phyto,2016,Autumn,FALSE
Sao Bras,São Brás,Sao Miguel,TRUE,Phyto,2016,Spring,FALSE
Sao Bras,São Brás,Sao Miguel,TRUE,Phyto,2016,Summer,FALSE
Sao Bras,São Brás,Sao Miguel,TRUE,Phyto,2016,Winter,FALSE
Sao Bras,São Brás,Sao Miguel,TRUE,Phyto,2017,Autumn,FALSE
Sao Bras,São Brás,Sao Miguel,TRUE,Phyto,2017,Spring,FALSE
Sao Bras,São Brás,Sao Miguel,TRUE,Phyto,2017,Summer,FALSE
Sao Bras,São Brás,Sao Miguel,TRUE,Phyto,2017,Winter,FALSE
Sao Bras,São Brás,Sao Miguel,TRUE,Phyto,2018,Autumn,TRUE
Sao Bras,São Brás,Sao Miguel,TRUE,Phyto,2018,Spring,TRUE
Sao Bras,São Brás,Sao Miguel,TRUE,Phyto,2018,Summer,TRUE
Sao Bras,São Brás,Sao Miguel,TRUE,Phyto,2018,Winter,TRUE
Sao Bras,São Brás,Sao Miguel,TRUE,Phyto,2019,Autumn,FALSE
Sao Bras,São Brás,Sao Miguel,TRUE,Phyto,2019,Spring,FALSE
Sao Bras,São Brás,Sao Miguel,TRUE,Phyto,2019,Summer,FALSE
Sao Bras,São Brás,Sao Miguel,TRUE,Phyto,2019,Winter,FALSE
Sao Bras,São Brás,Sao Miguel,TRUE,Phyto,2020,Autumn,FALSE
Sao Bras,São Brás,Sao Miguel,TRUE,Phyto,2020,Spring,FALSE
Sao Bras,São Brás,Sao Miguel,TRUE,Phyto,2020,Summer,FALSE
Sao Bras,São Brás,Sao Miguel,TRUE,Phyto,2020,Winter,FALSE
Sao Bras,São Brás,Sao Miguel,TRUE,Phyto,2021,Autumn,FALSE
Sao Bras,São Brás,Sao Miguel,TRUE,Phyto,2021,Spring,FALSE
Sao Bras,São Brás,Sao Miguel,TRUE,Phyto,2021,Summer,FALSE
Sao Bras,São Brás,Sao Miguel,TRUE,Phyto,2021,Winter,FALSE
Sao Bras,São Brás,Sao Miguel,TRUE,Phyto,2022,Autumn,FALSE
Sao Bras,São Brás,Sao Miguel,TRUE,Phyto,2022,Spring,FALSE
Sao Bras,São Brás,Sao Miguel,TRUE,Phyto,2022,Summer,FALSE
Sao Bras,São Brás,Sao Miguel,TRUE,Phyto,2022,Winter,FALSE
Sao Bras,São Brás,Sao Miguel,TRUE,Phyto,2023,Autumn,FALSE
Sao Bras,São Brás,Sao Miguel,TRUE,Phyto,2023,Spring,FALSE
Sao Bras,São Brás,Sao Miguel,TRUE,Phyto,2023,Summer,FALSE
Sao Bras,São Brás,Sao Miguel,TRUE,Phyto,2023,Winter,FALSE
Sao Bras,São Brás,Sao Miguel,TRUE,Phyto,2024,Autumn,TRUE
Sao Bras,São Brás,Sao Miguel,TRUE,Phyto,2024,Spring,TRUE
Sao Bras,São Brás,Sao Miguel,TRUE,Phyto,2024,Summer,TRUE
Sao Bras,São Brás,Sao Miguel,TRUE,Phyto,2024,Winter,TRUE
Sao Bras,São Brás,Sao Miguel,TRUE,Phyto,2025,Autumn,TRUE
Sao Bras,São Brás,Sao Miguel,TRUE,Phyto,2025,Spring,TRUE
Sao Bras,São Brás,Sao Miguel,TRUE,Phyto,2025,Summer,TRUE
Sao Bras,São Brás,Sao Miguel,TRUE,Phyto,2025,Winter,TRUE
Sao Bras,São Brás,Sao Miguel,TRUE,Zoo,2003,Autumn,FALSE
Sao Bras,São Brás,Sao Miguel,TRUE,Zoo,2003,Spring,FALSE
Sao Bras,São Brás,Sao Miguel,TRUE,Zoo,2003,Summer,FALSE
Sao Bras,São Brás,Sao Miguel,TRUE,Zoo,2003,Winter,FALSE
Sao Bras,São Brás,Sao Miguel,TRUE,Zoo,2004,Autumn,FALSE
Sao Bras,São Brás,Sao Miguel,TRUE,Zoo,2004,Spring,FALSE
Sao Bras,São Brás,Sao Miguel,TRUE,Zoo,2004,Summer,FALSE
Sao Bras,São Brás,Sao Miguel,TRUE,Zoo,2004,Winter,FALSE
Sao Bras,São Brás,Sao Miguel,TRUE,Zoo,2005,Autumn,FALSE
Sao Bras,São Brás,Sao Miguel,TRUE,Zoo,2005,Spring,FALSE
Sao Bras,São Brás,Sao Miguel,TRUE,Zoo,2005,Summer,FALSE
Sao Bras,São Brás,Sao Miguel,TRUE,Zoo,2005,Winter,FALSE
Sao Bras,São Brás,Sao Miguel,TRUE,Zoo,2006,Autumn,FALSE
Sao Bras,São Brás,Sao Miguel,TRUE,Zoo,2006,Spring,FALSE
Sao Bras,São Brás,Sao Miguel,TRUE,Zoo,2006,Summer,FALSE
Sao Bras,São Brás,Sao Miguel,TRUE,Zoo,2006,Winter,FALSE
Sao Bras,São Brás,Sao Miguel,TRUE,Zoo,2007,Autumn,FALSE
Sao Bras,São Brás,Sao Miguel,TRUE,Zoo,2007,Spring,FALSE
Sao Bras,São Brás,Sao Miguel,TRUE,Zoo,2007,Summer,FALSE
Sao Bras,São Brás,Sao Miguel,TRUE,Zoo,2007,Winter,FALSE
Sao Bras,São Brás,Sao Miguel,TRUE,Zoo,2008,Autumn,FALSE
Sao Bras,São Brás,Sao Miguel,TRUE,Zoo,2008,Spring,FALSE
Sao Bras,São Brás,Sao Miguel,TRUE,Zoo,2008,Summer,FALSE
Sao Bras,São Brás,Sao Miguel,TRUE,Zoo,2008,Winter,FALSE
Sao Bras,São Brás,Sao Miguel,TRUE,Zoo,2009,Autumn,FALSE
Sao Bras,São Brás,Sao Miguel,TRUE,Zoo,2009,Spring,FALSE
Sao Bras,São Brás,Sao Miguel,TRUE,Zoo,2009,Summer,FALSE
Sao Bras,São Brás,Sao Miguel,TRUE,Zoo,2009,Winter,FALSE
Sao Bras,São Brás,Sao Miguel,TRUE,Zoo,2010,Autumn,FALSE
Sao Bras,São Brás,Sao Miguel,TRUE,Zoo,2010,Spring,FALSE
Sao Bras,São Brás,Sao Miguel,TRUE,Zoo,2010,Summer,FALSE
Sao Bras,São Brás,Sao Miguel,TRUE,Zoo,2010,Winter,FALSE
Sao Bras,São Brás,Sao Miguel,TRUE,Zoo,2011,Autumn,FALSE
Sao Bras,São Brás,Sao Miguel,TRUE,Zoo,2011,Spring,FALSE
Sao Bras,São Brás,Sao Miguel,TRUE,Zoo,2011,Summer,TRUE
Sao Bras,São Brás,Sao Miguel,TRUE,Zoo,2011,Winter,FALSE
Sao Bras,São Brás,Sao Miguel,TRUE,Zoo,2012,Autumn,FALSE
Sao Bras,São Brás,Sao Miguel,TRUE,Zoo,2012,Spring,FALSE
Sao Bras,São Brás,Sao Miguel,TRUE,Zoo,2012,Summer,FALSE
Sao Bras,São Brás,Sao Miguel,TRUE,Zoo,2012,Winter,FALSE
Sao Bras,São Brás,Sao Miguel,TRUE,Zoo,2013,Autumn,FALSE
Sao Bras,São Brás,Sao Miguel,TRUE,Zoo,2013,Spring,FALSE
Sao Bras,São Brás,Sao Miguel,TRUE,Zoo,2013,Summer,FALSE
Sao Bras,São Brás,Sao Miguel,TRUE,Zoo,2013,Winter,FALSE
Sao Bras,São Brás,Sao Miguel,TRUE,Zoo,2014,Autumn,FALSE
Sao Bras,São Brás,Sao Miguel,TRUE,Zoo,2014,Spring,FALSE
Sao Bras,São Brás,Sao Miguel,TRUE,Zoo,2014,Summer,FALSE
Sao Bras,São Brás,Sao Miguel,TRUE,Zoo,2014,Winter,FALSE
Sao Bras,São Brás,Sao Miguel,TRUE,Zoo,2015,Autumn,FALSE
Sao Bras,São Brás,Sao Miguel,TRUE,Zoo,2015,Spring,FALSE
Sao Bras,São Brás,Sao Miguel,TRUE,Zoo,2015,Summer,FALSE
Sao Bras,São Brás,Sao Miguel,TRUE,Zoo,2015,Winter,FALSE
Sao Bras,São Brás,Sao Miguel,TRUE,Zoo,2016,Autumn,FALSE
Sao Bras,São Brás,Sao Miguel,TRUE,Zoo,2016,Spring,FALSE
Sao Bras,São Brás,Sao Miguel,TRUE,Zoo,2016,Summer,FALSE
Sao Bras,São Brás,Sao Miguel,TRUE,Zoo,2016,Winter,FALSE
Sao Bras,São Brás,Sao Miguel,TRUE,Zoo,2017,Autumn,FALSE
Sao Bras,São Brás,Sao Miguel,TRUE,Zoo,2017,Spring,FALSE
Sao Bras,São Brás,Sao Miguel,TRUE,Zoo,2017,Summer,FALSE
Sao Bras,São Brás,Sao Miguel,TRUE,Zoo,2017,Winter,FALSE
Sao Bras,São Brás,Sao Miguel,TRUE,Zoo,2018,Autumn,FALSE
Sao Bras,São Brás,Sao Miguel,TRUE,Zoo,2018,Spring,FALSE
Sao Bras,São Brás,Sao Miguel,TRUE,Zoo,2018,Summer,FALSE
Sao Bras,São Brás,Sao Miguel,TRUE,Zoo,2018,Winter,FALSE
Sao Bras,São Brás,Sao Miguel,TRUE,Zoo,2019,Autumn,FALSE
Sao Bras,São Brás,Sao Miguel,TRUE,Zoo,2019,Spring,FALSE
Sao Bras,São Brás,Sao Miguel,TRUE,Zoo,2019,Summer,FALSE
Sao Bras,São Brás,Sao Miguel,TRUE,Zoo,2019,Winter,FALSE
Sao Bras,São Brás,Sao Miguel,TRUE,Zoo,2020,Autumn,FALSE
Sao Bras,São Brás,Sao Miguel,TRUE,Zoo,2020,Spring,FALSE
Sao Bras,São Brás,Sao Miguel,TRUE,Zoo,2020,Summer,FALSE
Sao Bras,São Brás,Sao Miguel,TRUE,Zoo,2020,Winter,FALSE
Sao Bras,São Brás,Sao Miguel,TRUE,Zoo,2021,Autumn,FALSE
Sao Bras,São Brás,Sao Miguel,TRUE,Zoo,2021,Spring,FALSE
Sao Bras,São Brás,Sao Miguel,TRUE,Zoo,2021,Summer,FALSE
Sao Bras,São Brás,Sao Miguel,TRUE,Zoo,2021,Winter,FALSE
Sao Bras,São Brás,Sao Miguel,TRUE,Zoo,2022,Autumn,FALSE
Sao Bras,São Brás,Sao Miguel,TRUE,Zoo,2022,Spring,FALSE
Sao Bras,São Brás,Sao Miguel,TRUE,Zoo,2022,Summer,FALSE
Sao Bras,São Brás,Sao Miguel,TRUE,Zoo,2022,Winter,FALSE
Sao Bras,São Brás,Sao Miguel,TRUE,Zoo,2023,Autumn,FALSE
Sao Bras,São Brás,Sao Miguel,TRUE,Zoo,2023,Spring,FALSE
Sao Bras,São Brás,Sao Miguel,TRUE,Zoo,2023,Summer,FALSE
Sao Bras,São Brás,Sao Miguel,TRUE,Zoo,2023,Winter,FALSE
Sao Bras,São Brás,Sao Miguel,TRUE,Zoo,2024,Autumn,FALSE
Sao Bras,São Brás,Sao Miguel,TRUE,Zoo,2024,Spring,FALSE
Sao Bras,São Brás,Sao Miguel,TRUE,Zoo,2024,Summer,FALSE
Sao Bras,São Brás,Sao Miguel,TRUE,Zoo,2024,Winter,FALSE
Sao Bras,São Brás,Sao Miguel,TRUE,Zoo,2025,Autumn,FALSE
Sao Bras,São Brás,Sao Miguel,TRUE,Zoo,2025,Spring,TRUE
Sao Bras,São Brás,Sao Miguel,TRUE,Zoo,2025,Summer,FALSE
Sao Bras,São Brás,Sao Miguel,TRUE,Zoo,2025,Winter,FALSE
Verde,Verde,Sao Miguel,TRUE,Diatom,2003,Autumn,TRUE
Verde,Verde,Sao Miguel,TRUE,Diatom,2003,Spring,FALSE
Verde,Verde,Sao Miguel,TRUE,Diatom,2003,Summer,FALSE
Verde,Verde,Sao Miguel,TRUE,Diatom,2003,Winter,FALSE
Verde,Verde,Sao Miguel,TRUE,Diatom,2004,Autumn,FALSE
Verde,Verde,Sao Miguel,TRUE,Diatom,2004,Spring,TRUE
Verde,Verde,Sao Miguel,TRUE,Diatom,2004,Summer,TRUE
Verde,Verde,Sao Miguel,TRUE,Diatom,2004,Winter,TRUE
Verde,Verde,Sao Miguel,TRUE,Diatom,2005,Autumn,FALSE
Verde,Verde,Sao Miguel,TRUE,Diatom,2005,Spring,TRUE
Verde,Verde,Sao Miguel,TRUE,Diatom,2005,Summer,TRUE
Verde,Verde,Sao Miguel,TRUE,Diatom,2005,Winter,TRUE
Verde,Verde,Sao Miguel,TRUE,Diatom,2006,Autumn,FALSE
Verde,Verde,Sao Miguel,TRUE,Diatom,2006,Spring,TRUE
Verde,Verde,Sao Miguel,TRUE,Diatom,2006,Summer,TRUE
Verde,Verde,Sao Miguel,TRUE,Diatom,2006,Winter,TRUE
Verde,Verde,Sao Miguel,TRUE,Diatom,2007,Autumn,FALSE
Verde,Verde,Sao Miguel,TRUE,Diatom,2007,Spring,FALSE
Verde,Verde,Sao Miguel,TRUE,Diatom,2007,Summer,FALSE
Verde,Verde,Sao Miguel,TRUE,Diatom,2007,Winter,FALSE
Verde,Verde,Sao Miguel,TRUE,Diatom,2008,Autumn,TRUE
Verde,Verde,Sao Miguel,TRUE,Diatom,2008,Spring,TRUE
Verde,Verde,Sao Miguel,TRUE,Diatom,2008,Summer,TRUE
Verde,Verde,Sao Miguel,TRUE,Diatom,2008,Winter,TRUE
Verde,Verde,Sao Miguel,TRUE,Diatom,2009,Autumn,TRUE
Verde,Verde,Sao Miguel,TRUE,Diatom,2009,Spring,FALSE
Verde,Verde,Sao Miguel,TRUE,Diatom,2009,Summer,FALSE
Verde,Verde,Sao Miguel,TRUE,Diatom,2009,Winter,TRUE
Verde,Verde,Sao Miguel,TRUE,Diatom,2010,Autumn,TRUE
Verde,Verde,Sao Miguel,TRUE,Diatom,2010,Spring,TRUE
Verde,Verde,Sao Miguel,TRUE,Diatom,2010,Summer,TRUE
Verde,Verde,Sao Miguel,TRUE,Diatom,2010,Winter,TRUE
Verde,Verde,Sao Miguel,TRUE,Diatom,2011,Autumn,TRUE
Verde,Verde,Sao Miguel,TRUE,Diatom,2011,Spring,TRUE
Verde,Verde,Sao Miguel,TRUE,Diatom,2011,Summer,TRUE
Verde,Verde,Sao Miguel,TRUE,Diatom,2011,Winter,TRUE
Verde,Verde,Sao Miguel,TRUE,Diatom,2012,Autumn,TRUE
Verde,Verde,Sao Miguel,TRUE,Diatom,2012,Spring,TRUE
Verde,Verde,Sao Miguel,TRUE,Diatom,2012,Summer,TRUE
Verde,Verde,Sao Miguel,TRUE,Diatom,2012,Winter,TRUE
Verde,Verde,Sao Miguel,TRUE,Diatom,2013,Autumn,FALSE
Verde,Verde,Sao Miguel,TRUE,Diatom,2013,Spring,FALSE
Verde,Verde,Sao Miguel,TRUE,Diatom,2013,Summer,FALSE
Verde,Verde,Sao Miguel,TRUE,Diatom,2013,Winter,FALSE
Verde,Verde,Sao Miguel,TRUE,Diatom,2014,Autumn,FALSE
Verde,Verde,Sao Miguel,TRUE,Diatom,2014,Spring,FALSE
Verde,Verde,Sao Miguel,TRUE,Diatom,2014,Summer,FALSE
Verde,Verde,Sao Miguel,TRUE,Diatom,2014,Winter,FALSE
Verde,Verde,Sao Miguel,TRUE,Diatom,2015,Autumn,TRUE
Verde,Verde,Sao Miguel,TRUE,Diatom,2015,Spring,FALSE
Verde,Verde,Sao Miguel,TRUE,Diatom,2015,Summer,FALSE
Verde,Verde,Sao Miguel,TRUE,Diatom,2015,Winter,FALSE
Verde,Verde,Sao Miguel,TRUE,Diatom,2016,Autumn,TRUE
Verde,Verde,Sao Miguel,TRUE,Diatom,2016,Spring,TRUE
Verde,Verde,Sao Miguel,TRUE,Diatom,2016,Summer,FALSE
Verde,Verde,Sao Miguel,TRUE,Diatom,2016,Winter,TRUE
Verde,Verde,Sao Miguel,TRUE,Diatom,2017,Autumn,TRUE
Verde,Verde,Sao Miguel,TRUE,Diatom,2017,Spring,FALSE
Verde,Verde,Sao Miguel,TRUE,Diatom,2017,Summer,FALSE
Verde,Verde,Sao Miguel,TRUE,Diatom,2017,Winter,FALSE
Verde,Verde,Sao Miguel,TRUE,Diatom,2018,Autumn,FALSE
Verde,Verde,Sao Miguel,TRUE,Diatom,2018,Spring,TRUE
Verde,Verde,Sao Miguel,TRUE,Diatom,2018,Summer,TRUE
Verde,Verde,Sao Miguel,TRUE,Diatom,2018,Winter,TRUE
Verde,Verde,Sao Miguel,TRUE,Diatom,2019,Autumn,FALSE
Verde,Verde,Sao Miguel,TRUE,Diatom,2019,Spring,FALSE
Verde,Verde,Sao Miguel,TRUE,Diatom,2019,Summer,FALSE
Verde,Verde,Sao Miguel,TRUE,Diatom,2019,Winter,FALSE
Verde,Verde,Sao Miguel,TRUE,Diatom,2020,Autumn,FALSE
Verde,Verde,Sao Miguel,TRUE,Diatom,2020,Spring,FALSE
Verde,Verde,Sao Miguel,TRUE,Diatom,2020,Summer,FALSE
Verde,Verde,Sao Miguel,TRUE,Diatom,2020,Winter,FALSE
Verde,Verde,Sao Miguel,TRUE,Diatom,2021,Autumn,FALSE
Verde,Verde,Sao Miguel,TRUE,Diatom,2021,Spring,FALSE
Verde,Verde,Sao Miguel,TRUE,Diatom,2021,Summer,FALSE
Verde,Verde,Sao Miguel,TRUE,Diatom,2021,Winter,FALSE
Verde,Verde,Sao Miguel,TRUE,Diatom,2022,Autumn,FALSE
Verde,Verde,Sao Miguel,TRUE,Diatom,2022,Spring,FALSE
Verde,Verde,Sao Miguel,TRUE,Diatom,2022,Summer,FALSE
Verde,Verde,Sao Miguel,TRUE,Diatom,2022,Winter,FALSE
Verde,Verde,Sao Miguel,TRUE,Diatom,2023,Autumn,FALSE
Verde,Verde,Sao Miguel,TRUE,Diatom,2023,Spring,FALSE
Verde,Verde,Sao Miguel,TRUE,Diatom,2023,Summer,FALSE
Verde,Verde,Sao Miguel,TRUE,Diatom,2023,Winter,FALSE
Verde,Verde,Sao Miguel,TRUE,Diatom,2024,Autumn,TRUE
Verde,Verde,Sao Miguel,TRUE,Diatom,2024,Spring,TRUE
Verde,Verde,Sao Miguel,TRUE,Diatom,2024,Summer,TRUE
Verde,Verde,Sao Miguel,TRUE,Diatom,2024,Winter,TRUE
Verde,Verde,Sao Miguel,TRUE,Diatom,2025,Autumn,TRUE
Verde,Verde,Sao Miguel,TRUE,Diatom,2025,Spring,TRUE
Verde,Verde,Sao Miguel,TRUE,Diatom,2025,Summer,TRUE
Verde,Verde,Sao Miguel,TRUE,Diatom,2025,Winter,TRUE
Verde,Verde,Sao Miguel,TRUE,Env,2003,Autumn,TRUE
Verde,Verde,Sao Miguel,TRUE,Env,2003,Spring,FALSE
Verde,Verde,Sao Miguel,TRUE,Env,2003,Summer,FALSE
Verde,Verde,Sao Miguel,TRUE,Env,2003,Winter,FALSE
Verde,Verde,Sao Miguel,TRUE,Env,2004,Autumn,FALSE
Verde,Verde,Sao Miguel,TRUE,Env,2004,Spring,FALSE
Verde,Verde,Sao Miguel,TRUE,Env,2004,Summer,TRUE
Verde,Verde,Sao Miguel,TRUE,Env,2004,Winter,TRUE
Verde,Verde,Sao Miguel,TRUE,Env,2005,Autumn,FALSE
Verde,Verde,Sao Miguel,TRUE,Env,2005,Spring,TRUE
Verde,Verde,Sao Miguel,TRUE,Env,2005,Summer,TRUE
Verde,Verde,Sao Miguel,TRUE,Env,2005,Winter,TRUE
Verde,Verde,Sao Miguel,TRUE,Env,2006,Autumn,FALSE
Verde,Verde,Sao Miguel,TRUE,Env,2006,Spring,TRUE
Verde,Verde,Sao Miguel,TRUE,Env,2006,Summer,TRUE
Verde,Verde,Sao Miguel,TRUE,Env,2006,Winter,TRUE
Verde,Verde,Sao Miguel,TRUE,Env,2007,Autumn,FALSE
Verde,Verde,Sao Miguel,TRUE,Env,2007,Spring,TRUE
Verde,Verde,Sao Miguel,TRUE,Env,2007,Summer,FALSE
Verde,Verde,Sao Miguel,TRUE,Env,2007,Winter,TRUE
Verde,Verde,Sao Miguel,TRUE,Env,2008,Autumn,TRUE
Verde,Verde,Sao Miguel,TRUE,Env,2008,Spring,TRUE
Verde,Verde,Sao Miguel,TRUE,Env,2008,Summer,TRUE
Verde,Verde,Sao Miguel,TRUE,Env,2008,Winter,TRUE
Verde,Verde,Sao Miguel,TRUE,Env,2009,Autumn,FALSE
Verde,Verde,Sao Miguel,TRUE,Env,2009,Spring,FALSE
Verde,Verde,Sao Miguel,TRUE,Env,2009,Summer,FALSE
Verde,Verde,Sao Miguel,TRUE,Env,2009,Winter,FALSE
Verde,Verde,Sao Miguel,TRUE,Env,2010,Autumn,TRUE
Verde,Verde,Sao Miguel,TRUE,Env,2010,Spring,TRUE
Verde,Verde,Sao Miguel,TRUE,Env,2010,Summer,TRUE
Verde,Verde,Sao Miguel,TRUE,Env,2010,Winter,TRUE
Verde,Verde,Sao Miguel,TRUE,Env,2011,Autumn,TRUE
Verde,Verde,Sao Miguel,TRUE,Env,2011,Spring,TRUE
Verde,Verde,Sao Miguel,TRUE,Env,2011,Summer,TRUE
Verde,Verde,Sao Miguel,TRUE,Env,2011,Winter,TRUE
Verde,Verde,Sao Miguel,TRUE,Env,2012,Autumn,TRUE
Verde,Verde,Sao Miguel,TRUE,Env,2012,Spring,TRUE
Verde,Verde,Sao Miguel,TRUE,Env,2012,Summer,TRUE
Verde,Verde,Sao Miguel,TRUE,Env,2012,Winter,TRUE
Verde,Verde,Sao Miguel,TRUE,Env,2013,Autumn,FALSE
Verde,Verde,Sao Miguel,TRUE,Env,2013,Spring,FALSE
Verde,Verde,Sao Miguel,TRUE,Env,2013,Summer,FALSE
Verde,Verde,Sao Miguel,TRUE,Env,2013,Winter,FALSE
Verde,Verde,Sao Miguel,TRUE,Env,2014,Autumn,FALSE
Verde,Verde,Sao Miguel,TRUE,Env,2014,Spring,FALSE
Verde,Verde,Sao Miguel,TRUE,Env,2014,Summer,FALSE
Verde,Verde,Sao Miguel,TRUE,Env,2014,Winter,FALSE
Verde,Verde,Sao Miguel,TRUE,Env,2015,Autumn,FALSE
Verde,Verde,Sao Miguel,TRUE,Env,2015,Spring,FALSE
Verde,Verde,Sao Miguel,TRUE,Env,2015,Summer,FALSE
Verde,Verde,Sao Miguel,TRUE,Env,2015,Winter,FALSE
Verde,Verde,Sao Miguel,TRUE,Env,2016,Autumn,FALSE
Verde,Verde,Sao Miguel,TRUE,Env,2016,Spring,FALSE
Verde,Verde,Sao Miguel,TRUE,Env,2016,Summer,FALSE
Verde,Verde,Sao Miguel,TRUE,Env,2016,Winter,FALSE
Verde,Verde,Sao Miguel,TRUE,Env,2017,Autumn,FALSE
Verde,Verde,Sao Miguel,TRUE,Env,2017,Spring,FALSE
Verde,Verde,Sao Miguel,TRUE,Env,2017,Summer,FALSE
Verde,Verde,Sao Miguel,TRUE,Env,2017,Winter,FALSE
Verde,Verde,Sao Miguel,TRUE,Env,2018,Autumn,FALSE
Verde,Verde,Sao Miguel,TRUE,Env,2018,Spring,TRUE
Verde,Verde,Sao Miguel,TRUE,Env,2018,Summer,FALSE
Verde,Verde,Sao Miguel,TRUE,Env,2018,Winter,FALSE
Verde,Verde,Sao Miguel,TRUE,Env,2019,Autumn,FALSE
Verde,Verde,Sao Miguel,TRUE,Env,2019,Spring,FALSE
Verde,Verde,Sao Miguel,TRUE,Env,2019,Summer,FALSE
Verde,Verde,Sao Miguel,TRUE,Env,2019,Winter,FALSE
Verde,Verde,Sao Miguel,TRUE,Env,2020,Autumn,FALSE
Verde,Verde,Sao Miguel,TRUE,Env,2020,Spring,FALSE
Verde,Verde,Sao Miguel,TRUE,Env,2020,Summer,FALSE
Verde,Verde,Sao Miguel,TRUE,Env,2020,Winter,FALSE
Verde,Verde,Sao Miguel,TRUE,Env,2021,Autumn,FALSE
Verde,Verde,Sao Miguel,TRUE,Env,2021,Spring,FALSE
Verde,Verde,Sao Miguel,TRUE,Env,2021,Summer,FALSE
Verde,Verde,Sao Miguel,TRUE,Env,2021,Winter,FALSE
Verde,Verde,Sao Miguel,TRUE,Env,2022,Autumn,FALSE
Verde,Verde,Sao Miguel,TRUE,Env,2022,Spring,FALSE
Verde,Verde,Sao Miguel,TRUE,Env,2022,Summer,FALSE
Verde,Verde,Sao Miguel,TRUE,Env,2022,Winter,FALSE
Verde,Verde,Sao Miguel,TRUE,Env,2023,Autumn,FALSE
Verde,Verde,Sao Miguel,TRUE,Env,2023,Spring,FALSE
Verde,Verde,Sao Miguel,TRUE,Env,2023,Summer,FALSE
Verde,Verde,Sao Miguel,TRUE,Env,2023,Winter,FALSE
Verde,Verde,Sao Miguel,TRUE,Env,2024,Autumn,TRUE
Verde,Verde,Sao Miguel,TRUE,Env,2024,Spring,TRUE
Verde,Verde,Sao Miguel,TRUE,Env,2024,Summer,TRUE
Verde,Verde,Sao Miguel,TRUE,Env,2024,Winter,TRUE
Verde,Verde,Sao Miguel,TRUE,Env,2025,Autumn,TRUE
Verde,Verde,Sao Miguel,TRUE,Env,2025,Spring,TRUE
Verde,Verde,Sao Miguel,TRUE,Env,2025,Summer,TRUE
Verde,Verde,Sao Miguel,TRUE,Env,2025,Winter,TRUE
Verde,Verde,Sao Miguel,TRUE,Macro,2003,Autumn,TRUE
Verde,Verde,Sao Miguel,TRUE,Macro,2003,Spring,FALSE
Verde,Verde,Sao Miguel,TRUE,Macro,2003,Summer,FALSE
Verde,Verde,Sao Miguel,TRUE,Macro,2003,Winter,FALSE
Verde,Verde,Sao Miguel,TRUE,Macro,2004,Autumn,FALSE
Verde,Verde,Sao Miguel,TRUE,Macro,2004,Spring,TRUE
Verde,Verde,Sao Miguel,TRUE,Macro,2004,Summer,TRUE
Verde,Verde,Sao Miguel,TRUE,Macro,2004,Winter,TRUE
Verde,Verde,Sao Miguel,TRUE,Macro,2005,Autumn,FALSE
Verde,Verde,Sao Miguel,TRUE,Macro,2005,Spring,TRUE
Verde,Verde,Sao Miguel,TRUE,Macro,2005,Summer,TRUE
Verde,Verde,Sao Miguel,TRUE,Macro,2005,Winter,TRUE
Verde,Verde,Sao Miguel,TRUE,Macro,2006,Autumn,FALSE
Verde,Verde,Sao Miguel,TRUE,Macro,2006,Spring,TRUE
Verde,Verde,Sao Miguel,TRUE,Macro,2006,Summer,TRUE
Verde,Verde,Sao Miguel,TRUE,Macro,2006,Winter,TRUE
Verde,Verde,Sao Miguel,TRUE,Macro,2007,Autumn,FALSE
Verde,Verde,Sao Miguel,TRUE,Macro,2007,Spring,FALSE
Verde,Verde,Sao Miguel,TRUE,Macro,2007,Summer,FALSE
Verde,Verde,Sao Miguel,TRUE,Macro,2007,Winter,FALSE
Verde,Verde,Sao Miguel,TRUE,Macro,2008,Autumn,TRUE
Verde,Verde,Sao Miguel,TRUE,Macro,2008,Spring,TRUE
Verde,Verde,Sao Miguel,TRUE,Macro,2008,Summer,TRUE
Verde,Verde,Sao Miguel,TRUE,Macro,2008,Winter,TRUE
Verde,Verde,Sao Miguel,TRUE,Macro,2009,Autumn,FALSE
Verde,Verde,Sao Miguel,TRUE,Macro,2009,Spring,FALSE
Verde,Verde,Sao Miguel,TRUE,Macro,2009,Summer,TRUE
Verde,Verde,Sao Miguel,TRUE,Macro,2009,Winter,TRUE
Verde,Verde,Sao Miguel,TRUE,Macro,2010,Autumn,TRUE
Verde,Verde,Sao Miguel,TRUE,Macro,2010,Spring,TRUE
Verde,Verde,Sao Miguel,TRUE,Macro,2010,Summer,TRUE
Verde,Verde,Sao Miguel,TRUE,Macro,2010,Winter,TRUE
Verde,Verde,Sao Miguel,TRUE,Macro,2011,Autumn,TRUE
Verde,Verde,Sao Miguel,TRUE,Macro,2011,Spring,TRUE
Verde,Verde,Sao Miguel,TRUE,Macro,2011,Summer,TRUE
Verde,Verde,Sao Miguel,TRUE,Macro,2011,Winter,TRUE
Verde,Verde,Sao Miguel,TRUE,Macro,2012,Autumn,TRUE
Verde,Verde,Sao Miguel,TRUE,Macro,2012,Spring,TRUE
Verde,Verde,Sao Miguel,TRUE,Macro,2012,Summer,TRUE
Verde,Verde,Sao Miguel,TRUE,Macro,2012,Winter,TRUE
Verde,Verde,Sao Miguel,TRUE,Macro,2013,Autumn,FALSE
Verde,Verde,Sao Miguel,TRUE,Macro,2013,Spring,FALSE
Verde,Verde,Sao Miguel,TRUE,Macro,2013,Summer,FALSE
Verde,Verde,Sao Miguel,TRUE,Macro,2013,Winter,FALSE
Verde,Verde,Sao Miguel,TRUE,Macro,2014,Autumn,FALSE
Verde,Verde,Sao Miguel,TRUE,Macro,2014,Spring,FALSE
Verde,Verde,Sao Miguel,TRUE,Macro,2014,Summer,FALSE
Verde,Verde,Sao Miguel,TRUE,Macro,2014,Winter,FALSE
Verde,Verde,Sao Miguel,TRUE,Macro,2015,Autumn,FALSE
Verde,Verde,Sao Miguel,TRUE,Macro,2015,Spring,FALSE
Verde,Verde,Sao Miguel,TRUE,Macro,2015,Summer,FALSE
Verde,Verde,Sao Miguel,TRUE,Macro,2015,Winter,FALSE
Verde,Verde,Sao Miguel,TRUE,Macro,2016,Autumn,FALSE
Verde,Verde,Sao Miguel,TRUE,Macro,2016,Spring,FALSE
Verde,Verde,Sao Miguel,TRUE,Macro,2016,Summer,FALSE
Verde,Verde,Sao Miguel,TRUE,Macro,2016,Winter,FALSE
Verde,Verde,Sao Miguel,TRUE,Macro,2017,Autumn,FALSE
Verde,Verde,Sao Miguel,TRUE,Macro,2017,Spring,FALSE
Verde,Verde,Sao Miguel,TRUE,Macro,2017,Summer,FALSE
Verde,Verde,Sao Miguel,TRUE,Macro,2017,Winter,FALSE
Verde,Verde,Sao Miguel,TRUE,Macro,2018,Autumn,FALSE
Verde,Verde,Sao Miguel,TRUE,Macro,2018,Spring,TRUE
Verde,Verde,Sao Miguel,TRUE,Macro,2018,Summer,FALSE
Verde,Verde,Sao Miguel,TRUE,Macro,2018,Winter,FALSE
Verde,Verde,Sao Miguel,TRUE,Macro,2019,Autumn,FALSE
Verde,Verde,Sao Miguel,TRUE,Macro,2019,Spring,FALSE
Verde,Verde,Sao Miguel,TRUE,Macro,2019,Summer,FALSE
Verde,Verde,Sao Miguel,TRUE,Macro,2019,Winter,FALSE
Verde,Verde,Sao Miguel,TRUE,Macro,2020,Autumn,FALSE
Verde,Verde,Sao Miguel,TRUE,Macro,2020,Spring,FALSE
Verde,Verde,Sao Miguel,TRUE,Macro,2020,Summer,FALSE
Verde,Verde,Sao Miguel,TRUE,Macro,2020,Winter,FALSE
Verde,Verde,Sao Miguel,TRUE,Macro,2021,Autumn,FALSE
Verde,Verde,Sao Miguel,TRUE,Macro,2021,Spring,FALSE
Verde,Verde,Sao Miguel,TRUE,Macro,2021,Summer,FALSE
Verde,Verde,Sao Miguel,TRUE,Macro,2021,Winter,FALSE
Verde,Verde,Sao Miguel,TRUE,Macro,2022,Autumn,FALSE
Verde,Verde,Sao Miguel,TRUE,Macro,2022,Spring,FALSE
Verde,Verde,Sao Miguel,TRUE,Macro,2022,Summer,FALSE
Verde,Verde,Sao Miguel,TRUE,Macro,2022,Winter,FALSE
Verde,Verde,Sao Miguel,TRUE,Macro,2023,Autumn,FALSE
Verde,Verde,Sao Miguel,TRUE,Macro,2023,Spring,FALSE
Verde,Verde,Sao Miguel,TRUE,Macro,2023,Summer,FALSE
Verde,Verde,Sao Miguel,TRUE,Macro,2023,Winter,FALSE
Verde,Verde,Sao Miguel,TRUE,Macro,2024,Autumn,TRUE
Verde,Verde,Sao Miguel,TRUE,Macro,2024,Spring,TRUE
Verde,Verde,Sao Miguel,TRUE,Macro,2024,Summer,TRUE
Verde,Verde,Sao Miguel,TRUE,Macro,2024,Winter,TRUE
Verde,Verde,Sao Miguel,TRUE,Macro,2025,Autumn,TRUE
Verde,Verde,Sao Miguel,TRUE,Macro,2025,Spring,TRUE
Verde,Verde,Sao Miguel,TRUE,Macro,2025,Summer,TRUE
Verde,Verde,Sao Miguel,TRUE,Macro,2025,Winter,TRUE
Verde,Verde,Sao Miguel,TRUE,Phyto,2003,Autumn,TRUE
Verde,Verde,Sao Miguel,TRUE,Phyto,2003,Spring,FALSE
Verde,Verde,Sao Miguel,TRUE,Phyto,2003,Summer,FALSE
Verde,Verde,Sao Miguel,TRUE,Phyto,2003,Winter,FALSE
Verde,Verde,Sao Miguel,TRUE,Phyto,2004,Autumn,FALSE
Verde,Verde,Sao Miguel,TRUE,Phyto,2004,Spring,TRUE
Verde,Verde,Sao Miguel,TRUE,Phyto,2004,Summer,TRUE
Verde,Verde,Sao Miguel,TRUE,Phyto,2004,Winter,TRUE
Verde,Verde,Sao Miguel,TRUE,Phyto,2005,Autumn,FALSE
Verde,Verde,Sao Miguel,TRUE,Phyto,2005,Spring,TRUE
Verde,Verde,Sao Miguel,TRUE,Phyto,2005,Summer,TRUE
Verde,Verde,Sao Miguel,TRUE,Phyto,2005,Winter,TRUE
Verde,Verde,Sao Miguel,TRUE,Phyto,2006,Autumn,FALSE
Verde,Verde,Sao Miguel,TRUE,Phyto,2006,Spring,TRUE
Verde,Verde,Sao Miguel,TRUE,Phyto,2006,Summer,TRUE
Verde,Verde,Sao Miguel,TRUE,Phyto,2006,Winter,TRUE
Verde,Verde,Sao Miguel,TRUE,Phyto,2007,Autumn,FALSE
Verde,Verde,Sao Miguel,TRUE,Phyto,2007,Spring,FALSE
Verde,Verde,Sao Miguel,TRUE,Phyto,2007,Summer,FALSE
Verde,Verde,Sao Miguel,TRUE,Phyto,2007,Winter,TRUE
Verde,Verde,Sao Miguel,TRUE,Phyto,2008,Autumn,TRUE
Verde,Verde,Sao Miguel,TRUE,Phyto,2008,Spring,TRUE
Verde,Verde,Sao Miguel,TRUE,Phyto,2008,Summer,TRUE
Verde,Verde,Sao Miguel,TRUE,Phyto,2008,Winter,TRUE
Verde,Verde,Sao Miguel,TRUE,Phyto,2009,Autumn,FALSE
Verde,Verde,Sao Miguel,TRUE,Phyto,2009,Spring,FALSE
Verde,Verde,Sao Miguel,TRUE,Phyto,2009,Summer,TRUE
Verde,Verde,Sao Miguel,TRUE,Phyto,2009,Winter,TRUE
Verde,Verde,Sao Miguel,TRUE,Phyto,2010,Autumn,TRUE
Verde,Verde,Sao Miguel,TRUE,Phyto,2010,Spring,TRUE
Verde,Verde,Sao Miguel,TRUE,Phyto,2010,Summer,TRUE
Verde,Verde,Sao Miguel,TRUE,Phyto,2010,Winter,TRUE
Verde,Verde,Sao Miguel,TRUE,Phyto,2011,Autumn,TRUE
Verde,Verde,Sao Miguel,TRUE,Phyto,2011,Spring,TRUE
Verde,Verde,Sao Miguel,TRUE,Phyto,2011,Summer,TRUE
Verde,Verde,Sao Miguel,TRUE,Phyto,2011,Winter,TRUE
Verde,Verde,Sao Miguel,TRUE,Phyto,2012,Autumn,TRUE
Verde,Verde,Sao Miguel,TRUE,Phyto,2012,Spring,TRUE
Verde,Verde,Sao Miguel,TRUE,Phyto,2012,Summer,TRUE
Verde,Verde,Sao Miguel,TRUE,Phyto,2012,Winter,TRUE
Verde,Verde,Sao Miguel,TRUE,Phyto,2013,Autumn,FALSE
Verde,Verde,Sao Miguel,TRUE,Phyto,2013,Spring,FALSE
Verde,Verde,Sao Miguel,TRUE,Phyto,2013,Summer,FALSE
Verde,Verde,Sao Miguel,TRUE,Phyto,2013,Winter,FALSE
Verde,Verde,Sao Miguel,TRUE,Phyto,2014,Autumn,FALSE
Verde,Verde,Sao Miguel,TRUE,Phyto,2014,Spring,FALSE
Verde,Verde,Sao Miguel,TRUE,Phyto,2014,Summer,FALSE
Verde,Verde,Sao Miguel,TRUE,Phyto,2014,Winter,FALSE
Verde,Verde,Sao Miguel,TRUE,Phyto,2015,Autumn,FALSE
Verde,Verde,Sao Miguel,TRUE,Phyto,2015,Spring,FALSE
Verde,Verde,Sao Miguel,TRUE,Phyto,2015,Summer,FALSE
Verde,Verde,Sao Miguel,TRUE,Phyto,2015,Winter,FALSE
Verde,Verde,Sao Miguel,TRUE,Phyto,2016,Autumn,FALSE
Verde,Verde,Sao Miguel,TRUE,Phyto,2016,Spring,FALSE
Verde,Verde,Sao Miguel,TRUE,Phyto,2016,Summer,FALSE
Verde,Verde,Sao Miguel,TRUE,Phyto,2016,Winter,FALSE
Verde,Verde,Sao Miguel,TRUE,Phyto,2017,Autumn,FALSE
Verde,Verde,Sao Miguel,TRUE,Phyto,2017,Spring,FALSE
Verde,Verde,Sao Miguel,TRUE,Phyto,2017,Summer,FALSE
Verde,Verde,Sao Miguel,TRUE,Phyto,2017,Winter,FALSE
Verde,Verde,Sao Miguel,TRUE,Phyto,2018,Autumn,TRUE
Verde,Verde,Sao Miguel,TRUE,Phyto,2018,Spring,TRUE
Verde,Verde,Sao Miguel,TRUE,Phyto,2018,Summer,TRUE
Verde,Verde,Sao Miguel,TRUE,Phyto,2018,Winter,TRUE
Verde,Verde,Sao Miguel,TRUE,Phyto,2019,Autumn,FALSE
Verde,Verde,Sao Miguel,TRUE,Phyto,2019,Spring,FALSE
Verde,Verde,Sao Miguel,TRUE,Phyto,2019,Summer,FALSE
Verde,Verde,Sao Miguel,TRUE,Phyto,2019,Winter,FALSE
Verde,Verde,Sao Miguel,TRUE,Phyto,2020,Autumn,FALSE
Verde,Verde,Sao Miguel,TRUE,Phyto,2020,Spring,FALSE
Verde,Verde,Sao Miguel,TRUE,Phyto,2020,Summer,FALSE
Verde,Verde,Sao Miguel,TRUE,Phyto,2020,Winter,FALSE
Verde,Verde,Sao Miguel,TRUE,Phyto,2021,Autumn,FALSE
Verde,Verde,Sao Miguel,TRUE,Phyto,2021,Spring,FALSE
Verde,Verde,Sao Miguel,TRUE,Phyto,2021,Summer,FALSE
Verde,Verde,Sao Miguel,TRUE,Phyto,2021,Winter,FALSE
Verde,Verde,Sao Miguel,TRUE,Phyto,2022,Autumn,FALSE
Verde,Verde,Sao Miguel,TRUE,Phyto,2022,Spring,FALSE
Verde,Verde,Sao Miguel,TRUE,Phyto,2022,Summer,FALSE
Verde,Verde,Sao Miguel,TRUE,Phyto,2022,Winter,FALSE
Verde,Verde,Sao Miguel,TRUE,Phyto,2023,Autumn,FALSE
Verde,Verde,Sao Miguel,TRUE,Phyto,2023,Spring,FALSE
Verde,Verde,Sao Miguel,TRUE,Phyto,2023,Summer,FALSE
Verde,Verde,Sao Miguel,TRUE,Phyto,2023,Winter,FALSE
Verde,Verde,Sao Miguel,TRUE,Phyto,2024,Autumn,TRUE
Verde,Verde,Sao Miguel,TRUE,Phyto,2024,Spring,TRUE
Verde,Verde,Sao Miguel,TRUE,Phyto,2024,Summer,TRUE
Verde,Verde,Sao Miguel,TRUE,Phyto,2024,Winter,TRUE
Verde,Verde,Sao Miguel,TRUE,Phyto,2025,Autumn,TRUE
Verde,Verde,Sao Miguel,TRUE,Phyto,2025,Spring,TRUE
Verde,Verde,Sao Miguel,TRUE,Phyto,2025,Summer,TRUE
Verde,Verde,Sao Miguel,TRUE,Phyto,2025,Winter,TRUE
Verde,Verde,Sao Miguel,TRUE,Zoo,2003,Autumn,FALSE
Verde,Verde,Sao Miguel,TRUE,Zoo,2003,Spring,FALSE
Verde,Verde,Sao Miguel,TRUE,Zoo,2003,Summer,FALSE
Verde,Verde,Sao Miguel,TRUE,Zoo,2003,Winter,FALSE
Verde,Verde,Sao Miguel,TRUE,Zoo,2004,Autumn,FALSE
Verde,Verde,Sao Miguel,TRUE,Zoo,2004,Spring,FALSE
Verde,Verde,Sao Miguel,TRUE,Zoo,2004,Summer,FALSE
Verde,Verde,Sao Miguel,TRUE,Zoo,2004,Winter,FALSE
Verde,Verde,Sao Miguel,TRUE,Zoo,2005,Autumn,FALSE
Verde,Verde,Sao Miguel,TRUE,Zoo,2005,Spring,FALSE
Verde,Verde,Sao Miguel,TRUE,Zoo,2005,Summer,FALSE
Verde,Verde,Sao Miguel,TRUE,Zoo,2005,Winter,FALSE
Verde,Verde,Sao Miguel,TRUE,Zoo,2006,Autumn,FALSE
Verde,Verde,Sao Miguel,TRUE,Zoo,2006,Spring,FALSE
Verde,Verde,Sao Miguel,TRUE,Zoo,2006,Summer,FALSE
Verde,Verde,Sao Miguel,TRUE,Zoo,2006,Winter,FALSE
Verde,Verde,Sao Miguel,TRUE,Zoo,2007,Autumn,FALSE
Verde,Verde,Sao Miguel,TRUE,Zoo,2007,Spring,FALSE
Verde,Verde,Sao Miguel,TRUE,Zoo,2007,Summer,FALSE
Verde,Verde,Sao Miguel,TRUE,Zoo,2007,Winter,FALSE
Verde,Verde,Sao Miguel,TRUE,Zoo,2008,Autumn,FALSE
Verde,Verde,Sao Miguel,TRUE,Zoo,2008,Spring,FALSE
Verde,Verde,Sao Miguel,TRUE,Zoo,2008,Summer,FALSE
Verde,Verde,Sao Miguel,TRUE,Zoo,2008,Winter,FALSE
Verde,Verde,Sao Miguel,TRUE,Zoo,2009,Autumn,FALSE
Verde,Verde,Sao Miguel,TRUE,Zoo,2009,Spring,FALSE
Verde,Verde,Sao Miguel,TRUE,Zoo,2009,Summer,FALSE
Verde,Verde,Sao Miguel,TRUE,Zoo,2009,Winter,FALSE
Verde,Verde,Sao Miguel,TRUE,Zoo,2010,Autumn,FALSE
Verde,Verde,Sao Miguel,TRUE,Zoo,2010,Spring,FALSE
Verde,Verde,Sao Miguel,TRUE,Zoo,2010,Summer,FALSE
Verde,Verde,Sao Miguel,TRUE,Zoo,2010,Winter,FALSE
Verde,Verde,Sao Miguel,TRUE,Zoo,2011,Autumn,TRUE
Verde,Verde,Sao Miguel,TRUE,Zoo,2011,Spring,FALSE
Verde,Verde,Sao Miguel,TRUE,Zoo,2011,Summer,TRUE
Verde,Verde,Sao Miguel,TRUE,Zoo,2011,Winter,FALSE
Verde,Verde,Sao Miguel,TRUE,Zoo,2012,Autumn,FALSE
Verde,Verde,Sao Miguel,TRUE,Zoo,2012,Spring,TRUE
Verde,Verde,Sao Miguel,TRUE,Zoo,2012,Summer,FALSE
Verde,Verde,Sao Miguel,TRUE,Zoo,2012,Winter,TRUE
Verde,Verde,Sao Miguel,TRUE,Zoo,2013,Autumn,FALSE
Verde,Verde,Sao Miguel,TRUE,Zoo,2013,Spring,FALSE
Verde,Verde,Sao Miguel,TRUE,Zoo,2013,Summer,FALSE
Verde,Verde,Sao Miguel,TRUE,Zoo,2013,Winter,FALSE
Verde,Verde,Sao Miguel,TRUE,Zoo,2014,Autumn,FALSE
Verde,Verde,Sao Miguel,TRUE,Zoo,2014,Spring,FALSE
Verde,Verde,Sao Miguel,TRUE,Zoo,2014,Summer,FALSE
Verde,Verde,Sao Miguel,TRUE,Zoo,2014,Winter,FALSE
Verde,Verde,Sao Miguel,TRUE,Zoo,2015,Autumn,FALSE
Verde,Verde,Sao Miguel,TRUE,Zoo,2015,Spring,FALSE
Verde,Verde,Sao Miguel,TRUE,Zoo,2015,Summer,FALSE
Verde,Verde,Sao Miguel,TRUE,Zoo,2015,Winter,FALSE
Verde,Verde,Sao Miguel,TRUE,Zoo,2016,Autumn,FALSE
Verde,Verde,Sao Miguel,TRUE,Zoo,2016,Spring,FALSE
Verde,Verde,Sao Miguel,TRUE,Zoo,2016,Summer,FALSE
Verde,Verde,Sao Miguel,TRUE,Zoo,2016,Winter,FALSE
Verde,Verde,Sao Miguel,TRUE,Zoo,2017,Autumn,FALSE
Verde,Verde,Sao Miguel,TRUE,Zoo,2017,Spring,FALSE
Verde,Verde,Sao Miguel,TRUE,Zoo,2017,Summer,FALSE
Verde,Verde,Sao Miguel,TRUE,Zoo,2017,Winter,FALSE
Verde,Verde,Sao Miguel,TRUE,Zoo,2018,Autumn,FALSE
Verde,Verde,Sao Miguel,TRUE,Zoo,2018,Spring,FALSE
Verde,Verde,Sao Miguel,TRUE,Zoo,2018,Summer,FALSE
Verde,Verde,Sao Miguel,TRUE,Zoo,2018,Winter,FALSE
Verde,Verde,Sao Miguel,TRUE,Zoo,2019,Autumn,FALSE
Verde,Verde,Sao Miguel,TRUE,Zoo,2019,Spring,FALSE
Verde,Verde,Sao Miguel,TRUE,Zoo,2019,Summer,FALSE
Verde,Verde,Sao Miguel,TRUE,Zoo,2019,Winter,FALSE
Verde,Verde,Sao Miguel,TRUE,Zoo,2020,Autumn,FALSE
Verde,Verde,Sao Miguel,TRUE,Zoo,2020,Spring,FALSE
Verde,Verde,Sao Miguel,TRUE,Zoo,2020,Summer,FALSE
Verde,Verde,Sao Miguel,TRUE,Zoo,2020,Winter,FALSE
Verde,Verde,Sao Miguel,TRUE,Zoo,2021,Autumn,FALSE
Verde,Verde,Sao Miguel,TRUE,Zoo,2021,Spring,FALSE
Verde,Verde,Sao Miguel,TRUE,Zoo,2021,Summer,FALSE
Verde,Verde,Sao Miguel,TRUE,Zoo,2021,Winter,FALSE
Verde,Verde,Sao Miguel,TRUE,Zoo,2022,Autumn,FALSE
Verde,Verde,Sao Miguel,TRUE,Zoo,2022,Spring,FALSE
Verde,Verde,Sao Miguel,TRUE,Zoo,2022,Summer,FALSE
Verde,Verde,Sao Miguel,TRUE,Zoo,2022,Winter,FALSE
Verde,Verde,Sao Miguel,TRUE,Zoo,2023,Autumn,FALSE
Verde,Verde,Sao Miguel,TRUE,Zoo,2023,Spring,FALSE
Verde,Verde,Sao Miguel,TRUE,Zoo,2023,Summer,FALSE
Verde,Verde,Sao Miguel,TRUE,Zoo,2023,Winter,FALSE
Verde,Verde,Sao Miguel,TRUE,Zoo,2024,Autumn,FALSE
Verde,Verde,Sao Miguel,TRUE,Zoo,2024,Spring,FALSE
Verde,Verde,Sao Miguel,TRUE,Zoo,2024,Summer,FALSE
Verde,Verde,Sao Miguel,TRUE,Zoo,2024,Winter,FALSE
Verde,Verde,Sao Miguel,TRUE,Zoo,2025,Autumn,FALSE
Verde,Verde,Sao Miguel,TRUE,Zoo,2025,Spring,TRUE
Verde,Verde,Sao Miguel,TRUE,Zoo,2025,Summer,FALSE
Verde,Verde,Sao Miguel,TRUE,Zoo,2025,Winter,FALSE
