Lake,Year,Season,n_taxa,n_taxa_listed,group,period,island_oikos,in_oikos_core_19,in_focus_23,match_status,name_display
Caldeirao,2006,Winter,31,412,diatom,historical,Corvo,True,True,matched,Caldeirão
Caldeirao,2006,Spring,24,412,diatom,historical,Corvo,True,True,matched,Caldeirão
Caldeirao,2006,Summer,39,412,diatom,historical,Corvo,True,True,matched,Caldeirão
Caldeirao,2008,Spring,29,412,diatom,historical,Corvo,True,True,matched,Caldeirão
Caldeirao,2008,Autumn,29,412,diatom,historical,Corvo,True,True,matched,Caldeirão
Caldeirao,2009,Spring,24,412,diatom,historical,Corvo,True,True,matched,Caldeirão
Caldeirao,2009,Summer,26,412,diatom,historical,Corvo,True,True,matched,Caldeirão
Caldeirao,2010,Spring,54,412,diatom,historical,Corvo,True,True,matched,Caldeirão
Caldeirao,2011,Winter,40,412,diatom,historical,Corvo,True,True,matched,Caldeirão
Caldeirao,2011,Spring,38,412,diatom,historical,Corvo,True,True,matched,Caldeirão
Caldeirao,2011,Summer,36,412,diatom,historical,Corvo,True,True,matched,Caldeirão
Caldeirao,2011,Autumn,31,412,diatom,historical,Corvo,True,True,matched,Caldeirão
Caldeirao,2012,Winter,42,412,diatom,historical,Corvo,True,True,matched,Caldeirão
Caldeirao,2012,Spring,38,412,diatom,historical,Corvo,True,True,matched,Caldeirão
Caldeirao,2012,Summer,25,412,diatom,historical,Corvo,True,True,matched,Caldeirão
Caldeirao,2012,Autumn,29,412,diatom,historical,Corvo,True,True,matched,Caldeirão
Caldeirao,2015,Autumn,26,,diatom,2015,Corvo,True,True,matched,Caldeirão
Caldeirao,2016,Spring,27,,diatom,2016,Corvo,True,True,matched,Caldeirão
Caldeirao,2016,Spring,23,,diatom,2016,Corvo,True,True,matched,Caldeirão
Caldeirao,2016,Summer,19,,diatom,2016,Corvo,True,True,matched,Caldeirão
Caldeirao,2016,Autumn,35,,diatom,2016,Corvo,True,True,matched,Caldeirão
Caldeirao,2017,Winter,39,,diatom,2017,Corvo,True,True,matched,Caldeirão
Caldeirao,2017,Autumn,26,,diatom,2017_2018,Corvo,True,True,matched,Caldeirão
Caldeirao,2018,Winter,28,,diatom,2017_2018,Corvo,True,True,matched,Caldeirão
Caldeirao,2018,Spring,30,,diatom,2017_2018,Corvo,True,True,matched,Caldeirão
Caldeirao,2024,Winter,28,,diatom,2024,Corvo,True,True,matched,Caldeirão
Caldeirao,2024,Spring,25,,diatom,2024,Corvo,True,True,matched,Caldeirão
Caldeirao,2024,Summer,16,,diatom,2024,Corvo,True,True,matched,Caldeirão
Caldeirao,2024,Autumn,19,,diatom,2024,Corvo,True,True,matched,Caldeirão
Caldeirao,2025,Winter,25,,diatom,2025,Corvo,True,True,matched,Caldeirão
Caldeirao,2025,Spring,21,,diatom,2025,Corvo,True,True,matched,Caldeirão
Caldeirao,2025,Summer,22,,diatom,2025,Corvo,True,True,matched,Caldeirão
Caldeirao,2006,Winter,4,156,macro,historical,Corvo,True,True,matched,Caldeirão
Caldeirao,2006,Spring,8,156,macro,historical,Corvo,True,True,matched,Caldeirão
Caldeirao,2008,Spring,6,156,macro,historical,Corvo,True,True,matched,Caldeirão
Caldeirao,2008,Autumn,2,156,macro,historical,Corvo,True,True,matched,Caldeirão
Caldeirao,2009,Winter,3,156,macro,historical,Corvo,True,True,matched,Caldeirão
Caldeirao,2009,Summer,4,156,macro,historical,Corvo,True,True,matched,Caldeirão
Caldeirao,2010,Winter,7,156,macro,historical,Corvo,True,True,matched,Caldeirão
Caldeirao,2010,Summer,5,156,macro,historical,Corvo,True,True,matched,Caldeirão
Caldeirao,2011,Winter,7,156,macro,historical,Corvo,True,True,matched,Caldeirão
Caldeirao,2011,Spring,11,156,macro,historical,Corvo,True,True,matched,Caldeirão
Caldeirao,2011,Summer,7,156,macro,historical,Corvo,True,True,matched,Caldeirão
Caldeirao,2011,Autumn,8,156,macro,historical,Corvo,True,True,matched,Caldeirão
Caldeirao,2012,Winter,11,156,macro,historical,Corvo,True,True,matched,Caldeirão
Caldeirao,2012,Spring,6,156,macro,historical,Corvo,True,True,matched,Caldeirão
Caldeirao,2012,Summer,10,156,macro,historical,Corvo,True,True,matched,Caldeirão
Caldeirao,2012,Autumn,9,156,macro,historical,Corvo,True,True,matched,Caldeirão
Caldeirao,2018,Spring,5,121.0,macro,2018,Corvo,True,True,matched,Caldeirão
Caldeirao,2024,Winter,7,,macro,2024,Corvo,True,True,matched,Caldeirão
Caldeirao,2024,Spring,9,,macro,2024,Corvo,True,True,matched,Caldeirão
Caldeirao,2024,Summer,8,,macro,2024,Corvo,True,True,matched,Caldeirão
Caldeirao,2024,Autumn,7,,macro,2024,Corvo,True,True,matched,Caldeirão
Caldeirao,2025,Winter,5,,macro,2025,Corvo,True,True,matched,Caldeirão
Caldeirao,2025,Spring,6,,macro,2025,Corvo,True,True,matched,Caldeirão
Caldeirao,2025,Summer,6,,macro,2025,Corvo,True,True,matched,Caldeirão
Caldeirao,2008,Spring,13,127,macrophyte,historical,Corvo,True,True,matched,Caldeirão
Caldeirao,2010,Summer,2,127,macrophyte,historical,Corvo,True,True,matched,Caldeirão
Caldeirao,2011,Summer,7,127,macrophyte,historical,Corvo,True,True,matched,Caldeirão
Caldeirao,2012,Summer,12,127,macrophyte,historical,Corvo,True,True,matched,Caldeirão
Caldeirao,2006,Winter,15,279,phyto,historical,Corvo,True,True,matched,Caldeirão
Caldeirao,2006,Spring,8,279,phyto,historical,Corvo,True,True,matched,Caldeirão
Caldeirao,2006,Summer,12,279,phyto,historical,Corvo,True,True,matched,Caldeirão
Caldeirao,2008,Spring,27,279,phyto,historical,Corvo,True,True,matched,Caldeirão
Caldeirao,2008,Autumn,23,279,phyto,historical,Corvo,True,True,matched,Caldeirão
Caldeirao,2009,Winter,22,279,phyto,historical,Corvo,True,True,matched,Caldeirão
Caldeirao,2009,Summer,19,279,phyto,historical,Corvo,True,True,matched,Caldeirão
Caldeirao,2010,Winter,20,279,phyto,historical,Corvo,True,True,matched,Caldeirão
Caldeirao,2010,Summer,26,279,phyto,historical,Corvo,True,True,matched,Caldeirão
Caldeirao,2011,Winter,12,279,phyto,historical,Corvo,True,True,matched,Caldeirão
Caldeirao,2011,Spring,14,279,phyto,historical,Corvo,True,True,matched,Caldeirão
Caldeirao,2011,Summer,14,279,phyto,historical,Corvo,True,True,matched,Caldeirão
Caldeirao,2011,Autumn,20,279,phyto,historical,Corvo,True,True,matched,Caldeirão
Caldeirao,2012,Winter,17,279,phyto,historical,Corvo,True,True,matched,Caldeirão
Caldeirao,2012,Spring,15,279,phyto,historical,Corvo,True,True,matched,Caldeirão
Caldeirao,2012,Summer,19,279,phyto,historical,Corvo,True,True,matched,Caldeirão
Caldeirao,2012,Autumn,25,279,phyto,historical,Corvo,True,True,matched,Caldeirão
Caldeirao,2018,Winter,27,,phyto,2018,Corvo,True,True,matched,Caldeirão
Caldeirao,2018,Spring,25,,phyto,2018,Corvo,True,True,matched,Caldeirão
Caldeirao,2018,Summer,30,,phyto,2018,Corvo,True,True,matched,Caldeirão
Caldeirao,2018,Autumn,32,,phyto,2018,Corvo,True,True,matched,Caldeirão
Caldeirao,2024,Winter,24,,phyto,2024,Corvo,True,True,matched,Caldeirão
Caldeirao,2024,Spring,25,,phyto,2024,Corvo,True,True,matched,Caldeirão
Caldeirao,2024,Summer,9,,phyto,2024,Corvo,True,True,matched,Caldeirão
Caldeirao,2024,Autumn,12,,phyto,2024,Corvo,True,True,matched,Caldeirão
Caldeirao,2025,Winter,9,,phyto,2025,Corvo,True,True,matched,Caldeirão
Caldeirao,2025,Spring,12,,phyto,2025,Corvo,True,True,matched,Caldeirão
Caldeirao,2025,Summer,10,,phyto,2025,Corvo,True,True,matched,Caldeirão
Caldeirao,2024,Winter,25,,phyto_incl_bacillariophyta,2024,Corvo,True,True,matched,Caldeirão
Caldeirao,2024,Spring,26,,phyto_incl_bacillariophyta,2024,Corvo,True,True,matched,Caldeirão
Caldeirao,2024,Summer,9,,phyto_incl_bacillariophyta,2024,Corvo,True,True,matched,Caldeirão
Caldeirao,2024,Autumn,12,,phyto_incl_bacillariophyta,2024,Corvo,True,True,matched,Caldeirão
Caldeirao,2025,Winter,10,,phyto_incl_bacillariophyta,2025,Corvo,True,True,matched,Caldeirão
Caldeirao,2025,Spring,14,,phyto_incl_bacillariophyta,2025,Corvo,True,True,matched,Caldeirão
Caldeirao,2025,Summer,11,,phyto_incl_bacillariophyta,2025,Corvo,True,True,matched,Caldeirão
Caldeirao,2011,Summer,15,110,zoo,historical,Corvo,True,True,matched,Caldeirão
Caldeirao,2025,Spring,0,,zoo,2025,Corvo,True,True,matched,Caldeirão
Branca,2006,Winter,23,412,diatom,historical,Flores,False,False,historical_only,Branca
Branca,2006,Autumn,11,412,diatom,historical,Flores,False,False,historical_only,Branca
Branca,2008,Spring,11,412,diatom,historical,Flores,False,False,historical_only,Branca
Branca,2008,Autumn,18,412,diatom,historical,Flores,False,False,historical_only,Branca
Branca,2006,Winter,3,156,macro,historical,Flores,False,False,historical_only,Branca
Branca,2008,Autumn,6,156,macro,historical,Flores,False,False,historical_only,Branca
Branca,2008,Spring,7,127,macrophyte,historical,Flores,False,False,historical_only,Branca
Branca,2006,Winter,38,279,phyto,historical,Flores,False,False,historical_only,Branca
Branca,2006,Autumn,42,279,phyto,historical,Flores,False,False,historical_only,Branca
Branca,2008,Spring,38,279,phyto,historical,Flores,False,False,historical_only,Branca
Branca,2008,Autumn,35,279,phyto,historical,Flores,False,False,historical_only,Branca
Comprida,2004,Autumn,36,412,diatom,historical,Flores,True,True,matched,Comprida
Comprida,2006,Winter,31,412,diatom,historical,Flores,True,True,matched,Comprida
Comprida,2006,Summer,28,412,diatom,historical,Flores,True,True,matched,Comprida
Comprida,2008,Spring,16,412,diatom,historical,Flores,True,True,matched,Comprida
Comprida,2008,Autumn,19,412,diatom,historical,Flores,True,True,matched,Comprida
Comprida,2009,Summer,28,412,diatom,historical,Flores,True,True,matched,Comprida
Comprida,2010,Winter,19,412,diatom,historical,Flores,True,True,matched,Comprida
Comprida,2010,Summer,25,412,diatom,historical,Flores,True,True,matched,Comprida
Comprida,2011,Spring,38,412,diatom,historical,Flores,True,True,matched,Comprida
Comprida,2011,Summer,36,412,diatom,historical,Flores,True,True,matched,Comprida
Comprida,2011,Autumn,33,412,diatom,historical,Flores,True,True,matched,Comprida
Comprida,2012,Winter,35,412,diatom,historical,Flores,True,True,matched,Comprida
Comprida,2012,Spring,28,412,diatom,historical,Flores,True,True,matched,Comprida
Comprida,2012,Summer,38,412,diatom,historical,Flores,True,True,matched,Comprida
Comprida,2012,Autumn,29,412,diatom,historical,Flores,True,True,matched,Comprida
Comprida,2015,Autumn,27,,diatom,2015,Flores,True,True,matched,Comprida
Comprida,2016,Spring,23,,diatom,2016,Flores,True,True,matched,Comprida
Comprida,2016,Summer,24,,diatom,2016,Flores,True,True,matched,Comprida
Comprida,2016,Autumn,32,,diatom,2016,Flores,True,True,matched,Comprida
Comprida,2017,Winter,29,,diatom,2017,Flores,True,True,matched,Comprida
Comprida,2017,Autumn,22,,diatom,2017_2018,Flores,True,True,matched,Comprida
Comprida,2018,Winter,25,,diatom,2017_2018,Flores,True,True,matched,Comprida
Comprida,2018,Spring,27,,diatom,2017_2018,Flores,True,True,matched,Comprida
Comprida,2024,Winter,37,,diatom,2024,Flores,True,True,matched,Comprida
Comprida,2024,Spring,32,,diatom,2024,Flores,True,True,matched,Comprida
Comprida,2024,Summer,23,,diatom,2024,Flores,True,True,matched,Comprida
Comprida,2024,Autumn,26,,diatom,2024,Flores,True,True,matched,Comprida
Comprida,2025,Winter,34,,diatom,2025,Flores,True,True,matched,Comprida
Comprida,2025,Spring,29,,diatom,2025,Flores,True,True,matched,Comprida
Comprida,2025,Summer,31,,diatom,2025,Flores,True,True,matched,Comprida
Comprida,2025,Autumn,32,,diatom,2025,Flores,True,True,matched,Comprida
Comprida,2004,Autumn,5,156,macro,historical,Flores,True,True,matched,Comprida
Comprida,2006,Winter,1,156,macro,historical,Flores,True,True,matched,Comprida
Comprida,2008,Autumn,2,156,macro,historical,Flores,True,True,matched,Comprida
Comprida,2010,Winter,1,156,macro,historical,Flores,True,True,matched,Comprida
Comprida,2010,Summer,1,156,macro,historical,Flores,True,True,matched,Comprida
Comprida,2011,Winter,3,156,macro,historical,Flores,True,True,matched,Comprida
Comprida,2011,Spring,2,156,macro,historical,Flores,True,True,matched,Comprida
Comprida,2011,Summer,5,156,macro,historical,Flores,True,True,matched,Comprida
Comprida,2012,Spring,5,156,macro,historical,Flores,True,True,matched,Comprida
Comprida,2012,Summer,2,156,macro,historical,Flores,True,True,matched,Comprida
Comprida,2012,Autumn,1,156,macro,historical,Flores,True,True,matched,Comprida
Comprida,2018,Spring,4,121.0,macro,2018,Flores,True,True,matched,Comprida
Comprida,2024,Winter,8,,macro,2024,Flores,True,True,matched,Comprida
Comprida,2024,Spring,8,,macro,2024,Flores,True,True,matched,Comprida
Comprida,2024,Summer,4,,macro,2024,Flores,True,True,matched,Comprida
Comprida,2024,Autumn,1,,macro,2024,Flores,True,True,matched,Comprida
Comprida,2025,Winter,3,,macro,2025,Flores,True,True,matched,Comprida
Comprida,2025,Spring,5,,macro,2025,Flores,True,True,matched,Comprida
Comprida,2025,Summer,2,,macro,2025,Flores,True,True,matched,Comprida
Comprida,2025,Autumn,2,,macro,2025,Flores,True,True,matched,Comprida
Comprida,2010,Summer,3,127,macrophyte,historical,Flores,True,True,matched,Comprida
Comprida,2011,Summer,8,127,macrophyte,historical,Flores,True,True,matched,Comprida
Comprida,2012,Summer,13,127,macrophyte,historical,Flores,True,True,matched,Comprida
Comprida,2005,Spring,21,279,phyto,historical,Flores,True,True,matched,Comprida
Comprida,2005,Autumn,20,279,phyto,historical,Flores,True,True,matched,Comprida
Comprida,2006,Winter,16,279,phyto,historical,Flores,True,True,matched,Comprida
Comprida,2006,Summer,16,279,phyto,historical,Flores,True,True,matched,Comprida
Comprida,2008,Spring,24,279,phyto,historical,Flores,True,True,matched,Comprida
Comprida,2008,Autumn,19,279,phyto,historical,Flores,True,True,matched,Comprida
Comprida,2009,Summer,20,279,phyto,historical,Flores,True,True,matched,Comprida
Comprida,2010,Winter,16,279,phyto,historical,Flores,True,True,matched,Comprida
Comprida,2010,Summer,18,279,phyto,historical,Flores,True,True,matched,Comprida
Comprida,2011,Winter,19,279,phyto,historical,Flores,True,True,matched,Comprida
Comprida,2011,Spring,23,279,phyto,historical,Flores,True,True,matched,Comprida
Comprida,2011,Summer,15,279,phyto,historical,Flores,True,True,matched,Comprida
Comprida,2011,Autumn,21,279,phyto,historical,Flores,True,True,matched,Comprida
Comprida,2012,Winter,15,279,phyto,historical,Flores,True,True,matched,Comprida
Comprida,2012,Spring,18,279,phyto,historical,Flores,True,True,matched,Comprida
Comprida,2012,Summer,15,279,phyto,historical,Flores,True,True,matched,Comprida
Comprida,2012,Autumn,12,279,phyto,historical,Flores,True,True,matched,Comprida
Comprida,2018,Winter,9,,phyto,2018,Flores,True,True,matched,Comprida
Comprida,2018,Spring,9,,phyto,2018,Flores,True,True,matched,Comprida
Comprida,2018,Summer,26,,phyto,2018,Flores,True,True,matched,Comprida
Comprida,2018,Autumn,24,,phyto,2018,Flores,True,True,matched,Comprida
Comprida,2024,Winter,11,,phyto,2024,Flores,True,True,matched,Comprida
Comprida,2024,Spring,12,,phyto,2024,Flores,True,True,matched,Comprida
Comprida,2024,Summer,6,,phyto,2024,Flores,True,True,matched,Comprida
Comprida,2024,Autumn,6,,phyto,2024,Flores,True,True,matched,Comprida
Comprida,2025,Winter,8,,phyto,2025,Flores,True,True,matched,Comprida
Comprida,2025,Spring,7,,phyto,2025,Flores,True,True,matched,Comprida
Comprida,2025,Summer,7,,phyto,2025,Flores,True,True,matched,Comprida
Comprida,2025,Autumn,6,,phyto,2025,Flores,True,True,matched,Comprida
Comprida,2024,Winter,16,,phyto_incl_bacillariophyta,2024,Flores,True,True,matched,Comprida
Comprida,2024,Spring,15,,phyto_incl_bacillariophyta,2024,Flores,True,True,matched,Comprida
Comprida,2024,Summer,7,,phyto_incl_bacillariophyta,2024,Flores,True,True,matched,Comprida
Comprida,2024,Autumn,10,,phyto_incl_bacillariophyta,2024,Flores,True,True,matched,Comprida
Comprida,2025,Winter,12,,phyto_incl_bacillariophyta,2025,Flores,True,True,matched,Comprida
Comprida,2025,Spring,11,,phyto_incl_bacillariophyta,2025,Flores,True,True,matched,Comprida
Comprida,2025,Summer,9,,phyto_incl_bacillariophyta,2025,Flores,True,True,matched,Comprida
Comprida,2025,Autumn,8,,phyto_incl_bacillariophyta,2025,Flores,True,True,matched,Comprida
Comprida,2011,Summer,4,110,zoo,historical,Flores,True,True,matched,Comprida
Comprida,2011,Autumn,8,110,zoo,historical,Flores,True,True,matched,Comprida
Comprida,2012,Winter,11,110,zoo,historical,Flores,True,True,matched,Comprida
Comprida,2012,Spring,11,110,zoo,historical,Flores,True,True,matched,Comprida
Comprida,2025,Spring,4,,zoo,2025,Flores,True,True,matched,Comprida
Funda,2005,Winter,21,412,diatom,historical,Flores,False,True,matched,Funda
Funda,2005,Summer,37,412,diatom,historical,Flores,False,True,matched,Funda
Funda,2006,Winter,39,412,diatom,historical,Flores,False,True,matched,Funda
Funda,2006,Spring,23,412,diatom,historical,Flores,False,True,matched,Funda
Funda,2006,Summer,33,412,diatom,historical,Flores,False,True,matched,Funda
Funda,2006,Autumn,29,412,diatom,historical,Flores,False,True,matched,Funda
Funda,2008,Winter,28,412,diatom,historical,Flores,False,True,matched,Funda
Funda,2008,Spring,26,412,diatom,historical,Flores,False,True,matched,Funda
Funda,2008,Summer,22,412,diatom,historical,Flores,False,True,matched,Funda
Funda,2008,Autumn,31,412,diatom,historical,Flores,False,True,matched,Funda
Funda,2009,Summer,18,412,diatom,historical,Flores,False,True,matched,Funda
Funda,2010,Autumn,19,412,diatom,historical,Flores,False,True,matched,Funda
Funda,2011,Spring,36,412,diatom,historical,Flores,False,True,matched,Funda
Funda,2011,Summer,28,412,diatom,historical,Flores,False,True,matched,Funda
Funda,2012,Winter,28,412,diatom,historical,Flores,False,True,matched,Funda
Funda,2012,Spring,30,412,diatom,historical,Flores,False,True,matched,Funda
Funda,2012,Summer,31,412,diatom,historical,Flores,False,True,matched,Funda
Funda,2012,Autumn,36,412,diatom,historical,Flores,False,True,matched,Funda
Funda,2015,Autumn,19,,diatom,2015,Flores,False,True,matched,Funda
Funda,2016,Spring,26,,diatom,2016,Flores,False,True,matched,Funda
Funda,2016,Spring,21,,diatom,2016,Flores,False,True,matched,Funda
Funda,2016,Summer,29,,diatom,2016,Flores,False,True,matched,Funda
Funda,2016,Autumn,30,,diatom,2016,Flores,False,True,matched,Funda
Funda,2017,Winter,24,,diatom,2017,Flores,False,True,matched,Funda
Funda,2017,Autumn,17,,diatom,2017_2018,Flores,False,True,matched,Funda
Funda,2018,Winter,22,,diatom,2017_2018,Flores,False,True,matched,Funda
Funda,2018,Spring,28,,diatom,2017_2018,Flores,False,True,matched,Funda
Funda,2024,Winter,20,,diatom,2024,Flores,False,True,matched,Funda
Funda,2024,Spring,22,,diatom,2024,Flores,False,True,matched,Funda
Funda,2024,Summer,16,,diatom,2024,Flores,False,True,matched,Funda
Funda,2024,Autumn,16,,diatom,2024,Flores,False,True,matched,Funda
Funda,2025,Winter,15,,diatom,2025,Flores,False,True,matched,Funda
Funda,2025,Spring,11,,diatom,2025,Flores,False,True,matched,Funda
Funda,2025,Summer,18,,diatom,2025,Flores,False,True,matched,Funda
Funda,2025,Autumn,27,,diatom,2025,Flores,False,True,matched,Funda
Funda,2018,Spring,10,121.0,macro,2018,Flores,False,True,matched,Funda
Funda,2024,Winter,5,,macro,2024,Flores,False,True,matched,Funda
Funda,2024,Spring,3,,macro,2024,Flores,False,True,matched,Funda
Funda,2024,Summer,3,,macro,2024,Flores,False,True,matched,Funda
Funda,2024,Autumn,4,,macro,2024,Flores,False,True,matched,Funda
Funda,2025,Winter,3,,macro,2025,Flores,False,True,matched,Funda
Funda,2025,Spring,4,,macro,2025,Flores,False,True,matched,Funda
Funda,2025,Summer,2,,macro,2025,Flores,False,True,matched,Funda
Funda,2025,Autumn,4,,macro,2025,Flores,False,True,matched,Funda
Funda,2010,Summer,5,127,macrophyte,historical,Flores,False,True,matched,Funda
Funda,2011,Summer,14,127,macrophyte,historical,Flores,False,True,matched,Funda
Funda,2012,Summer,20,127,macrophyte,historical,Flores,False,True,matched,Funda
Funda,2004,Autumn,7,279,phyto,historical,Flores,False,True,matched,Funda
Funda,2005,Winter,5,279,phyto,historical,Flores,False,True,matched,Funda
Funda,2005,Spring,11,279,phyto,historical,Flores,False,True,matched,Funda
Funda,2005,Summer,8,279,phyto,historical,Flores,False,True,matched,Funda
Funda,2006,Winter,6,279,phyto,historical,Flores,False,True,matched,Funda
Funda,2006,Spring,11,279,phyto,historical,Flores,False,True,matched,Funda
Funda,2006,Summer,5,279,phyto,historical,Flores,False,True,matched,Funda
Funda,2006,Autumn,5,279,phyto,historical,Flores,False,True,matched,Funda
Funda,2008,Winter,4,279,phyto,historical,Flores,False,True,matched,Funda
Funda,2008,Spring,9,279,phyto,historical,Flores,False,True,matched,Funda
Funda,2008,Summer,9,279,phyto,historical,Flores,False,True,matched,Funda
Funda,2008,Autumn,7,279,phyto,historical,Flores,False,True,matched,Funda
Funda,2009,Winter,9,279,phyto,historical,Flores,False,True,matched,Funda
Funda,2009,Summer,9,279,phyto,historical,Flores,False,True,matched,Funda
Funda,2010,Winter,10,279,phyto,historical,Flores,False,True,matched,Funda
Funda,2010,Spring,5,279,phyto,historical,Flores,False,True,matched,Funda
Funda,2010,Summer,8,279,phyto,historical,Flores,False,True,matched,Funda
Funda,2010,Autumn,11,279,phyto,historical,Flores,False,True,matched,Funda
Funda,2011,Winter,11,279,phyto,historical,Flores,False,True,matched,Funda
Funda,2011,Spring,11,279,phyto,historical,Flores,False,True,matched,Funda
Funda,2011,Summer,9,279,phyto,historical,Flores,False,True,matched,Funda
Funda,2011,Autumn,10,279,phyto,historical,Flores,False,True,matched,Funda
Funda,2012,Winter,7,279,phyto,historical,Flores,False,True,matched,Funda
Funda,2012,Spring,12,279,phyto,historical,Flores,False,True,matched,Funda
Funda,2012,Summer,6,279,phyto,historical,Flores,False,True,matched,Funda
Funda,2012,Autumn,8,279,phyto,historical,Flores,False,True,matched,Funda
Funda,2018,Winter,7,,phyto,2018,Flores,False,True,matched,Funda
Funda,2018,Spring,10,,phyto,2018,Flores,False,True,matched,Funda
Funda,2018,Summer,10,,phyto,2018,Flores,False,True,matched,Funda
Funda,2018,Autumn,12,,phyto,2018,Flores,False,True,matched,Funda
Funda,2024,Winter,13,,phyto,2024,Flores,False,True,matched,Funda
Funda,2024,Spring,13,,phyto,2024,Flores,False,True,matched,Funda
Funda,2024,Summer,7,,phyto,2024,Flores,False,True,matched,Funda
Funda,2024,Autumn,6,,phyto,2024,Flores,False,True,matched,Funda
Funda,2025,Winter,4,,phyto,2025,Flores,False,True,matched,Funda
Funda,2025,Spring,4,,phyto,2025,Flores,False,True,matched,Funda
Funda,2025,Summer,7,,phyto,2025,Flores,False,True,matched,Funda
Funda,2025,Autumn,5,,phyto,2025,Flores,False,True,matched,Funda
Funda,2024,Winter,17,,phyto_incl_bacillariophyta,2024,Flores,False,True,matched,Funda
Funda,2024,Spring,16,,phyto_incl_bacillariophyta,2024,Flores,False,True,matched,Funda
Funda,2024,Summer,8,,phyto_incl_bacillariophyta,2024,Flores,False,True,matched,Funda
Funda,2024,Autumn,7,,phyto_incl_bacillariophyta,2024,Flores,False,True,matched,Funda
Funda,2025,Winter,5,,phyto_incl_bacillariophyta,2025,Flores,False,True,matched,Funda
Funda,2025,Spring,6,,phyto_incl_bacillariophyta,2025,Flores,False,True,matched,Funda
Funda,2025,Summer,8,,phyto_incl_bacillariophyta,2025,Flores,False,True,matched,Funda
Funda,2025,Autumn,6,,phyto_incl_bacillariophyta,2025,Flores,False,True,matched,Funda
Funda,2011,Summer,6,110,zoo,historical,Flores,False,True,matched,Funda
Funda,2011,Autumn,10,110,zoo,historical,Flores,False,True,matched,Funda
Funda,2012,Winter,14,110,zoo,historical,Flores,False,True,matched,Funda
Funda,2012,Spring,11,110,zoo,historical,Flores,False,True,matched,Funda
Funda,2025,Spring,6,,zoo,2025,Flores,False,True,matched,Funda
Lomba,2004,Spring,43,412,diatom,historical,Flores,True,True,matched,Lomba
Lomba,2004,Autumn,61,412,diatom,historical,Flores,True,True,matched,Lomba
Lomba,2006,Winter,49,412,diatom,historical,Flores,True,True,matched,Lomba
Lomba,2006,Summer,50,412,diatom,historical,Flores,True,True,matched,Lomba
Lomba,2008,Spring,41,412,diatom,historical,Flores,True,True,matched,Lomba
Lomba,2008,Autumn,61,412,diatom,historical,Flores,True,True,matched,Lomba
Lomba,2009,Spring,31,412,diatom,historical,Flores,True,True,matched,Lomba
Lomba,2009,Summer,32,412,diatom,historical,Flores,True,True,matched,Lomba
Lomba,2010,Winter,34,412,diatom,historical,Flores,True,True,matched,Lomba
Lomba,2010,Summer,42,412,diatom,historical,Flores,True,True,matched,Lomba
Lomba,2011,Winter,45,412,diatom,historical,Flores,True,True,matched,Lomba
Lomba,2011,Spring,50,412,diatom,historical,Flores,True,True,matched,Lomba
Lomba,2011,Summer,29,412,diatom,historical,Flores,True,True,matched,Lomba
Lomba,2011,Autumn,35,412,diatom,historical,Flores,True,True,matched,Lomba
Lomba,2012,Winter,36,412,diatom,historical,Flores,True,True,matched,Lomba
Lomba,2012,Spring,35,412,diatom,historical,Flores,True,True,matched,Lomba
Lomba,2012,Summer,31,412,diatom,historical,Flores,True,True,matched,Lomba
Lomba,2012,Autumn,39,412,diatom,historical,Flores,True,True,matched,Lomba
Lomba,2015,Autumn,30,,diatom,2015,Flores,True,True,matched,Lomba
Lomba,2016,Spring,59,,diatom,2016,Flores,True,True,matched,Lomba
Lomba,2016,Spring,26,,diatom,2016,Flores,True,True,matched,Lomba
Lomba,2016,Summer,25,,diatom,2016,Flores,True,True,matched,Lomba
Lomba,2016,Autumn,34,,diatom,2016,Flores,True,True,matched,Lomba
Lomba,2017,Winter,29,,diatom,2017,Flores,True,True,matched,Lomba
Lomba,2017,Autumn,23,,diatom,2017_2018,Flores,True,True,matched,Lomba
Lomba,2018,Winter,31,,diatom,2017_2018,Flores,True,True,matched,Lomba
Lomba,2018,Spring,30,,diatom,2017_2018,Flores,True,True,matched,Lomba
Lomba,2024,Winter,28,,diatom,2024,Flores,True,True,matched,Lomba
Lomba,2024,Spring,41,,diatom,2024,Flores,True,True,matched,Lomba
Lomba,2024,Summer,30,,diatom,2024,Flores,True,True,matched,Lomba
Lomba,2024,Autumn,35,,diatom,2024,Flores,True,True,matched,Lomba
Lomba,2025,Winter,35,,diatom,2025,Flores,True,True,matched,Lomba
Lomba,2025,Spring,33,,diatom,2025,Flores,True,True,matched,Lomba
Lomba,2025,Summer,30,,diatom,2025,Flores,True,True,matched,Lomba
Lomba,2025,Autumn,25,,diatom,2025,Flores,True,True,matched,Lomba
Lomba,2004,Autumn,9,156,macro,historical,Flores,True,True,matched,Lomba
Lomba,2005,Spring,4,156,macro,historical,Flores,True,True,matched,Lomba
Lomba,2006,Winter,2,156,macro,historical,Flores,True,True,matched,Lomba
Lomba,2008,Spring,9,156,macro,historical,Flores,True,True,matched,Lomba
Lomba,2008,Autumn,4,156,macro,historical,Flores,True,True,matched,Lomba
Lomba,2010,Winter,8,156,macro,historical,Flores,True,True,matched,Lomba
Lomba,2010,Summer,9,156,macro,historical,Flores,True,True,matched,Lomba
Lomba,2011,Winter,3,156,macro,historical,Flores,True,True,matched,Lomba
Lomba,2011,Spring,11,156,macro,historical,Flores,True,True,matched,Lomba
Lomba,2011,Summer,10,156,macro,historical,Flores,True,True,matched,Lomba
Lomba,2011,Autumn,7,156,macro,historical,Flores,True,True,matched,Lomba
Lomba,2012,Winter,6,156,macro,historical,Flores,True,True,matched,Lomba
Lomba,2012,Spring,5,156,macro,historical,Flores,True,True,matched,Lomba
Lomba,2012,Summer,14,156,macro,historical,Flores,True,True,matched,Lomba
Lomba,2012,Autumn,1,156,macro,historical,Flores,True,True,matched,Lomba
Lomba,2018,Spring,12,121.0,macro,2018,Flores,True,True,matched,Lomba
Lomba,2024,Winter,8,,macro,2024,Flores,True,True,matched,Lomba
Lomba,2024,Spring,11,,macro,2024,Flores,True,True,matched,Lomba
Lomba,2024,Summer,9,,macro,2024,Flores,True,True,matched,Lomba
Lomba,2024,Autumn,3,,macro,2024,Flores,True,True,matched,Lomba
Lomba,2025,Winter,11,,macro,2025,Flores,True,True,matched,Lomba
Lomba,2025,Spring,8,,macro,2025,Flores,True,True,matched,Lomba
Lomba,2025,Summer,7,,macro,2025,Flores,True,True,matched,Lomba
Lomba,2025,Autumn,13,,macro,2025,Flores,True,True,matched,Lomba
Lomba,2008,Spring,14,127,macrophyte,historical,Flores,True,True,matched,Lomba
Lomba,2010,Summer,5,127,macrophyte,historical,Flores,True,True,matched,Lomba
Lomba,2011,Summer,12,127,macrophyte,historical,Flores,True,True,matched,Lomba
Lomba,2012,Summer,13,127,macrophyte,historical,Flores,True,True,matched,Lomba
Lomba,2004,Autumn,26,279,phyto,historical,Flores,True,True,matched,Lomba
Lomba,2005,Spring,25,279,phyto,historical,Flores,True,True,matched,Lomba
Lomba,2006,Winter,21,279,phyto,historical,Flores,True,True,matched,Lomba
Lomba,2006,Summer,23,279,phyto,historical,Flores,True,True,matched,Lomba
Lomba,2008,Spring,34,279,phyto,historical,Flores,True,True,matched,Lomba
Lomba,2008,Autumn,29,279,phyto,historical,Flores,True,True,matched,Lomba
Lomba,2009,Winter,18,279,phyto,historical,Flores,True,True,matched,Lomba
Lomba,2009,Summer,24,279,phyto,historical,Flores,True,True,matched,Lomba
Lomba,2010,Winter,26,279,phyto,historical,Flores,True,True,matched,Lomba
Lomba,2010,Summer,23,279,phyto,historical,Flores,True,True,matched,Lomba
Lomba,2011,Winter,21,279,phyto,historical,Flores,True,True,matched,Lomba
Lomba,2011,Spring,32,279,phyto,historical,Flores,True,True,matched,Lomba
Lomba,2011,Summer,26,279,phyto,historical,Flores,True,True,matched,Lomba
Lomba,2011,Autumn,28,279,phyto,historical,Flores,True,True,matched,Lomba
Lomba,2012,Winter,24,279,phyto,historical,Flores,True,True,matched,Lomba
Lomba,2012,Spring,26,279,phyto,historical,Flores,True,True,matched,Lomba
Lomba,2012,Summer,30,279,phyto,historical,Flores,True,True,matched,Lomba
Lomba,2012,Autumn,26,279,phyto,historical,Flores,True,True,matched,Lomba
Lomba,2018,Winter,19,,phyto,2018,Flores,True,True,matched,Lomba
Lomba,2018,Spring,27,,phyto,2018,Flores,True,True,matched,Lomba
Lomba,2018,Summer,27,,phyto,2018,Flores,True,True,matched,Lomba
Lomba,2018,Autumn,25,,phyto,2018,Flores,True,True,matched,Lomba
Lomba,2024,Winter,26,,phyto,2024,Flores,True,True,matched,Lomba
Lomba,2024,Spring,23,,phyto,2024,Flores,True,True,matched,Lomba
Lomba,2024,Summer,13,,phyto,2024,Flores,True,True,matched,Lomba
Lomba,2024,Autumn,10,,phyto,2024,Flores,True,True,matched,Lomba
Lomba,2025,Winter,10,,phyto,2025,Flores,True,True,matched,Lomba
Lomba,2025,Spring,7,,phyto,2025,Flores,True,True,matched,Lomba
Lomba,2025,Summer,8,,phyto,2025,Flores,True,True,matched,Lomba
Lomba,2025,Autumn,10,,phyto,2025,Flores,True,True,matched,Lomba
Lomba,2024,Winter,31,,phyto_incl_bacillariophyta,2024,Flores,True,True,matched,Lomba
Lomba,2024,Spring,27,,phyto_incl_bacillariophyta,2024,Flores,True,True,matched,Lomba
Lomba,2024,Summer,14,,phyto_incl_bacillariophyta,2024,Flores,True,True,matched,Lomba
Lomba,2024,Autumn,12,,phyto_incl_bacillariophyta,2024,Flores,True,True,matched,Lomba
Lomba,2025,Winter,11,,phyto_incl_bacillariophyta,2025,Flores,True,True,matched,Lomba
Lomba,2025,Spring,9,,phyto_incl_bacillariophyta,2025,Flores,True,True,matched,Lomba
Lomba,2025,Summer,9,,phyto_incl_bacillariophyta,2025,Flores,True,True,matched,Lomba
Lomba,2025,Autumn,11,,phyto_incl_bacillariophyta,2025,Flores,True,True,matched,Lomba
Lomba,2011,Summer,12,110,zoo,historical,Flores,True,True,matched,Lomba
Lomba,2011,Autumn,17,110,zoo,historical,Flores,True,True,matched,Lomba
Lomba,2012,Spring,12,110,zoo,historical,Flores,True,True,matched,Lomba
Lomba,2025,Spring,3,,zoo,2025,Flores,True,True,matched,Lomba
Negra,2009,Spring,18,412,diatom,historical,Flores,False,True,matched,Negra
Negra,2009,Summer,14,412,diatom,historical,Flores,False,True,matched,Negra
Negra,2011,Spring,21,412,diatom,historical,Flores,False,True,matched,Negra
Negra,2011,Autumn,29,412,diatom,historical,Flores,False,True,matched,Negra
Negra,2012,Winter,14,412,diatom,historical,Flores,False,True,matched,Negra
Negra,2012,Spring,17,412,diatom,historical,Flores,False,True,matched,Negra
Negra,2012,Autumn,23,412,diatom,historical,Flores,False,True,matched,Negra
Negra,2017,Autumn,17,,diatom,2017_2018,Flores,False,True,matched,Negra
Negra,2018,Winter,20,,diatom,2017_2018,Flores,False,True,matched,Negra
Negra,2018,Spring,10,,diatom,2017_2018,Flores,False,True,matched,Negra
Negra,2024,Winter,31,,diatom,2024,Flores,False,True,matched,Negra
Negra,2024,Spring,16,,diatom,2024,Flores,False,True,matched,Negra
Negra,2024,Summer,12,,diatom,2024,Flores,False,True,matched,Negra
Negra,2024,Autumn,11,,diatom,2024,Flores,False,True,matched,Negra
Negra,2025,Winter,16,,diatom,2025,Flores,False,True,matched,Negra
Negra,2025,Spring,14,,diatom,2025,Flores,False,True,matched,Negra
Negra,2025,Summer,24,,diatom,2025,Flores,False,True,matched,Negra
Negra,2012,Spring,5,156,macro,historical,Flores,False,True,matched,Negra
Negra,2018,Spring,0,121.0,macro,2018,Flores,False,True,matched,Negra
Negra,2024,Winter,3,,macro,2024,Flores,False,True,matched,Negra
Negra,2024,Spring,3,,macro,2024,Flores,False,True,matched,Negra
Negra,2024,Summer,1,,macro,2024,Flores,False,True,matched,Negra
Negra,2024,Autumn,3,,macro,2024,Flores,False,True,matched,Negra
Negra,2025,Summer,3,,macro,2025,Flores,False,True,matched,Negra
Negra,2011,Summer,9,127,macrophyte,historical,Flores,False,True,matched,Negra
Negra,2012,Summer,14,127,macrophyte,historical,Flores,False,True,matched,Negra
Negra,2006,Winter,5,279,phyto,historical,Flores,False,True,matched,Negra
Negra,2006,Autumn,9,279,phyto,historical,Flores,False,True,matched,Negra
Negra,2008,Spring,4,279,phyto,historical,Flores,False,True,matched,Negra
Negra,2008,Autumn,6,279,phyto,historical,Flores,False,True,matched,Negra
Negra,2009,Winter,1,279,phyto,historical,Flores,False,True,matched,Negra
Negra,2009,Summer,3,279,phyto,historical,Flores,False,True,matched,Negra
Negra,2010,Winter,4,279,phyto,historical,Flores,False,True,matched,Negra
Negra,2010,Summer,2,279,phyto,historical,Flores,False,True,matched,Negra
Negra,2011,Winter,6,279,phyto,historical,Flores,False,True,matched,Negra
Negra,2011,Spring,6,279,phyto,historical,Flores,False,True,matched,Negra
Negra,2011,Summer,3,279,phyto,historical,Flores,False,True,matched,Negra
Negra,2011,Autumn,3,279,phyto,historical,Flores,False,True,matched,Negra
Negra,2012,Winter,2,279,phyto,historical,Flores,False,True,matched,Negra
Negra,2012,Spring,2,279,phyto,historical,Flores,False,True,matched,Negra
Negra,2012,Summer,4,279,phyto,historical,Flores,False,True,matched,Negra
Negra,2012,Autumn,4,279,phyto,historical,Flores,False,True,matched,Negra
Negra,2018,Winter,4,,phyto,2018,Flores,False,True,matched,Negra
Negra,2018,Summer,8,,phyto,2018,Flores,False,True,matched,Negra
Negra,2018,Autumn,5,,phyto,2018,Flores,False,True,matched,Negra
Negra,2024,Winter,3,,phyto,2024,Flores,False,True,matched,Negra
Negra,2024,Spring,5,,phyto,2024,Flores,False,True,matched,Negra
Negra,2024,Summer,4,,phyto,2024,Flores,False,True,matched,Negra
Negra,2024,Autumn,2,,phyto,2024,Flores,False,True,matched,Negra
Negra,2025,Winter,2,,phyto,2025,Flores,False,True,matched,Negra
Negra,2025,Spring,2,,phyto,2025,Flores,False,True,matched,Negra
Negra,2025,Summer,3,,phyto,2025,Flores,False,True,matched,Negra
Negra,2024,Winter,7,,phyto_incl_bacillariophyta,2024,Flores,False,True,matched,Negra
Negra,2024,Spring,8,,phyto_incl_bacillariophyta,2024,Flores,False,True,matched,Negra
Negra,2024,Summer,6,,phyto_incl_bacillariophyta,2024,Flores,False,True,matched,Negra
Negra,2024,Autumn,3,,phyto_incl_bacillariophyta,2024,Flores,False,True,matched,Negra
Negra,2025,Winter,5,,phyto_incl_bacillariophyta,2025,Flores,False,True,matched,Negra
Negra,2025,Spring,5,,phyto_incl_bacillariophyta,2025,Flores,False,True,matched,Negra
Negra,2025,Summer,6,,phyto_incl_bacillariophyta,2025,Flores,False,True,matched,Negra
Negra,2025,Spring,5,,zoo,2025,Flores,False,True,matched,Negra
Rasa,2004,Autumn,50,412,diatom,historical,Flores,True,True,matched,Rasa
Rasa,2005,Spring,37,412,diatom,historical,Flores,True,True,matched,Rasa
Rasa,2006,Winter,42,412,diatom,historical,Flores,True,True,matched,Rasa
Rasa,2006,Summer,19,412,diatom,historical,Flores,True,True,matched,Rasa
Rasa,2008,Spring,35,412,diatom,historical,Flores,True,True,matched,Rasa
Rasa,2008,Autumn,38,412,diatom,historical,Flores,True,True,matched,Rasa
Rasa,2009,Spring,27,412,diatom,historical,Flores,True,True,matched,Rasa
Rasa,2009,Summer,30,412,diatom,historical,Flores,True,True,matched,Rasa
Rasa,2010,Winter,25,412,diatom,historical,Flores,True,True,matched,Rasa
Rasa,2010,Summer,24,412,diatom,historical,Flores,True,True,matched,Rasa
Rasa,2011,Winter,38,412,diatom,historical,Flores,True,True,matched,Rasa
Rasa,2011,Spring,30,412,diatom,historical,Flores,True,True,matched,Rasa
Rasa,2011,Summer,23,412,diatom,historical,Flores,True,True,matched,Rasa
Rasa,2011,Autumn,43,412,diatom,historical,Flores,True,True,matched,Rasa
Rasa,2012,Winter,29,412,diatom,historical,Flores,True,True,matched,Rasa
Rasa,2012,Spring,30,412,diatom,historical,Flores,True,True,matched,Rasa
Rasa,2012,Summer,34,412,diatom,historical,Flores,True,True,matched,Rasa
Rasa,2012,Autumn,34,412,diatom,historical,Flores,True,True,matched,Rasa
Rasa,2015,Autumn,24,,diatom,2015,Flores,True,True,matched,Rasa
Rasa,2016,Spring,37,,diatom,2016,Flores,True,True,matched,Rasa
Rasa,2016,Spring,25,,diatom,2016,Flores,True,True,matched,Rasa
Rasa,2016,Summer,25,,diatom,2016,Flores,True,True,matched,Rasa
Rasa,2016,Autumn,31,,diatom,2016,Flores,True,True,matched,Rasa
Rasa,2017,Winter,28,,diatom,2017,Flores,True,True,matched,Rasa
Rasa,2017,Autumn,28,,diatom,2017_2018,Flores,True,True,matched,Rasa
Rasa,2018,Winter,27,,diatom,2017_2018,Flores,True,True,matched,Rasa
Rasa,2018,Spring,35,,diatom,2017_2018,Flores,True,True,matched,Rasa
Rasa,2024,Winter,20,,diatom,2024,Flores,True,True,matched,Rasa
Rasa,2024,Spring,20,,diatom,2024,Flores,True,True,matched,Rasa
Rasa,2024,Summer,16,,diatom,2024,Flores,True,True,matched,Rasa
Rasa,2024,Autumn,19,,diatom,2024,Flores,True,True,matched,Rasa
Rasa,2025,Winter,24,,diatom,2025,Flores,True,True,matched,Rasa
Rasa,2025,Spring,26,,diatom,2025,Flores,True,True,matched,Rasa
Rasa,2025,Summer,27,,diatom,2025,Flores,True,True,matched,Rasa
Rasa,2025,Autumn,17,,diatom,2025,Flores,True,True,matched,Rasa
Rasa,2004,Autumn,12,156,macro,historical,Flores,True,True,matched,Rasa
Rasa,2005,Spring,6,156,macro,historical,Flores,True,True,matched,Rasa
Rasa,2006,Winter,3,156,macro,historical,Flores,True,True,matched,Rasa
Rasa,2008,Spring,12,156,macro,historical,Flores,True,True,matched,Rasa
Rasa,2008,Autumn,7,156,macro,historical,Flores,True,True,matched,Rasa
Rasa,2010,Winter,10,156,macro,historical,Flores,True,True,matched,Rasa
Rasa,2010,Summer,6,156,macro,historical,Flores,True,True,matched,Rasa
Rasa,2011,Winter,1,156,macro,historical,Flores,True,True,matched,Rasa
Rasa,2011,Spring,5,156,macro,historical,Flores,True,True,matched,Rasa
Rasa,2011,Summer,5,156,macro,historical,Flores,True,True,matched,Rasa
Rasa,2011,Autumn,7,156,macro,historical,Flores,True,True,matched,Rasa
Rasa,2012,Winter,12,156,macro,historical,Flores,True,True,matched,Rasa
Rasa,2012,Spring,6,156,macro,historical,Flores,True,True,matched,Rasa
Rasa,2012,Summer,8,156,macro,historical,Flores,True,True,matched,Rasa
Rasa,2012,Autumn,5,156,macro,historical,Flores,True,True,matched,Rasa
Rasa,2018,Spring,4,121.0,macro,2018,Flores,True,True,matched,Rasa
Rasa,2024,Winter,7,,macro,2024,Flores,True,True,matched,Rasa
Rasa,2024,Spring,3,,macro,2024,Flores,True,True,matched,Rasa
Rasa,2024,Summer,5,,macro,2024,Flores,True,True,matched,Rasa
Rasa,2024,Autumn,5,,macro,2024,Flores,True,True,matched,Rasa
Rasa,2025,Winter,8,,macro,2025,Flores,True,True,matched,Rasa
Rasa,2025,Spring,7,,macro,2025,Flores,True,True,matched,Rasa
Rasa,2025,Summer,4,,macro,2025,Flores,True,True,matched,Rasa
Rasa,2010,Summer,3,127,macrophyte,historical,Flores,True,True,matched,Rasa
Rasa,2011,Summer,8,127,macrophyte,historical,Flores,True,True,matched,Rasa
Rasa,2012,Summer,11,127,macrophyte,historical,Flores,True,True,matched,Rasa
Rasa,2004,Autumn,17,279,phyto,historical,Flores,True,True,matched,Rasa
Rasa,2005,Spring,17,279,phyto,historical,Flores,True,True,matched,Rasa
Rasa,2006,Winter,14,279,phyto,historical,Flores,True,True,matched,Rasa
Rasa,2006,Summer,14,279,phyto,historical,Flores,True,True,matched,Rasa
Rasa,2008,Spring,19,279,phyto,historical,Flores,True,True,matched,Rasa
Rasa,2008,Autumn,22,279,phyto,historical,Flores,True,True,matched,Rasa
Rasa,2009,Winter,11,279,phyto,historical,Flores,True,True,matched,Rasa
Rasa,2009,Summer,14,279,phyto,historical,Flores,True,True,matched,Rasa
Rasa,2010,Winter,21,279,phyto,historical,Flores,True,True,matched,Rasa
Rasa,2010,Summer,19,279,phyto,historical,Flores,True,True,matched,Rasa
Rasa,2011,Winter,18,279,phyto,historical,Flores,True,True,matched,Rasa
Rasa,2011,Spring,16,279,phyto,historical,Flores,True,True,matched,Rasa
Rasa,2011,Summer,18,279,phyto,historical,Flores,True,True,matched,Rasa
Rasa,2011,Autumn,21,279,phyto,historical,Flores,True,True,matched,Rasa
Rasa,2012,Winter,23,279,phyto,historical,Flores,True,True,matched,Rasa
Rasa,2012,Spring,16,279,phyto,historical,Flores,True,True,matched,Rasa
Rasa,2012,Summer,15,279,phyto,historical,Flores,True,True,matched,Rasa
Rasa,2012,Autumn,23,279,phyto,historical,Flores,True,True,matched,Rasa
Rasa,2018,Winter,17,,phyto,2018,Flores,True,True,matched,Rasa
Rasa,2018,Spring,17,,phyto,2018,Flores,True,True,matched,Rasa
Rasa,2018,Summer,20,,phyto,2018,Flores,True,True,matched,Rasa
Rasa,2018,Autumn,22,,phyto,2018,Flores,True,True,matched,Rasa
Rasa,2024,Winter,17,,phyto,2024,Flores,True,True,matched,Rasa
Rasa,2024,Spring,15,,phyto,2024,Flores,True,True,matched,Rasa
Rasa,2024,Summer,8,,phyto,2024,Flores,True,True,matched,Rasa
Rasa,2024,Autumn,8,,phyto,2024,Flores,True,True,matched,Rasa
Rasa,2025,Winter,6,,phyto,2025,Flores,True,True,matched,Rasa
Rasa,2025,Spring,5,,phyto,2025,Flores,True,True,matched,Rasa
Rasa,2025,Summer,5,,phyto,2025,Flores,True,True,matched,Rasa
Rasa,2025,Autumn,8,,phyto,2025,Flores,True,True,matched,Rasa
Rasa,2024,Winter,19,,phyto_incl_bacillariophyta,2024,Flores,True,True,matched,Rasa
Rasa,2024,Spring,16,,phyto_incl_bacillariophyta,2024,Flores,True,True,matched,Rasa
Rasa,2024,Summer,10,,phyto_incl_bacillariophyta,2024,Flores,True,True,matched,Rasa
Rasa,2024,Autumn,9,,phyto_incl_bacillariophyta,2024,Flores,True,True,matched,Rasa
Rasa,2025,Winter,8,,phyto_incl_bacillariophyta,2025,Flores,True,True,matched,Rasa
Rasa,2025,Spring,6,,phyto_incl_bacillariophyta,2025,Flores,True,True,matched,Rasa
Rasa,2025,Summer,7,,phyto_incl_bacillariophyta,2025,Flores,True,True,matched,Rasa
Rasa,2025,Autumn,10,,phyto_incl_bacillariophyta,2025,Flores,True,True,matched,Rasa
Rasa,2011,Summer,10,110,zoo,historical,Flores,True,True,matched,Rasa
Rasa,2011,Autumn,16,110,zoo,historical,Flores,True,True,matched,Rasa
Rasa,2012,Spring,10,110,zoo,historical,Flores,True,True,matched,Rasa
Rasa,2025,Spring,3,,zoo,2025,Flores,True,True,matched,Rasa
Caiado,2004,Autumn,31,412,diatom,historical,Pico,True,True,matched,Caiado
Caiado,2005,Winter,23,412,diatom,historical,Pico,True,True,matched,Caiado
Caiado,2005,Spring,31,412,diatom,historical,Pico,True,True,matched,Caiado
Caiado,2005,Summer,30,412,diatom,historical,Pico,True,True,matched,Caiado
Caiado,2006,Summer,31,412,diatom,historical,Pico,True,True,matched,Caiado
Caiado,2006,Autumn,22,412,diatom,historical,Pico,True,True,matched,Caiado
Caiado,2008,Winter,51,412,diatom,historical,Pico,True,True,matched,Caiado
Caiado,2008,Spring,16,412,diatom,historical,Pico,True,True,matched,Caiado
Caiado,2009,Spring,7,412,diatom,historical,Pico,True,True,matched,Caiado
Caiado,2009,Summer,22,412,diatom,historical,Pico,True,True,matched,Caiado
Caiado,2010,Winter,15,412,diatom,historical,Pico,True,True,matched,Caiado
Caiado,2010,Spring,19,412,diatom,historical,Pico,True,True,matched,Caiado
Caiado,2010,Summer,25,412,diatom,historical,Pico,True,True,matched,Caiado
Caiado,2010,Autumn,25,412,diatom,historical,Pico,True,True,matched,Caiado
Caiado,2011,Winter,28,412,diatom,historical,Pico,True,True,matched,Caiado
Caiado,2011,Spring,28,412,diatom,historical,Pico,True,True,matched,Caiado
Caiado,2011,Summer,27,412,diatom,historical,Pico,True,True,matched,Caiado
Caiado,2011,Autumn,26,412,diatom,historical,Pico,True,True,matched,Caiado
Caiado,2012,Winter,20,412,diatom,historical,Pico,True,True,matched,Caiado
Caiado,2012,Spring,21,412,diatom,historical,Pico,True,True,matched,Caiado
Caiado,2012,Summer,21,412,diatom,historical,Pico,True,True,matched,Caiado
Caiado,2012,Autumn,28,412,diatom,historical,Pico,True,True,matched,Caiado
Caiado,2015,Autumn,23,,diatom,2015,Pico,True,True,matched,Caiado
Caiado,2016,Spring,32,,diatom,2016,Pico,True,True,matched,Caiado
Caiado,2016,Spring,27,,diatom,2016,Pico,True,True,matched,Caiado
Caiado,2016,Summer,19,,diatom,2016,Pico,True,True,matched,Caiado
Caiado,2016,Autumn,24,,diatom,2016,Pico,True,True,matched,Caiado
Caiado,2017,Winter,26,,diatom,2017,Pico,True,True,matched,Caiado
Caiado,2017,Autumn,21,,diatom,2017_2018,Pico,True,True,matched,Caiado
Caiado,2018,Winter,19,,diatom,2017_2018,Pico,True,True,matched,Caiado
Caiado,2018,Spring,24,,diatom,2017_2018,Pico,True,True,matched,Caiado
Caiado,2024,Winter,34,,diatom,2024,Pico,True,True,matched,Caiado
Caiado,2024,Spring,19,,diatom,2024,Pico,True,True,matched,Caiado
Caiado,2024,Summer,25,,diatom,2024,Pico,True,True,matched,Caiado
Caiado,2024,Autumn,26,,diatom,2024,Pico,True,True,matched,Caiado
Caiado,2025,Winter,26,,diatom,2025,Pico,True,True,matched,Caiado
Caiado,2025,Spring,23,,diatom,2025,Pico,True,True,matched,Caiado
Caiado,2025,Summer,23,,diatom,2025,Pico,True,True,matched,Caiado
Caiado,2025,Autumn,28,,diatom,2025,Pico,True,True,matched,Caiado
Caiado,2004,Autumn,5,156,macro,historical,Pico,True,True,matched,Caiado
Caiado,2005,Winter,4,156,macro,historical,Pico,True,True,matched,Caiado
Caiado,2005,Spring,4,156,macro,historical,Pico,True,True,matched,Caiado
Caiado,2005,Summer,13,156,macro,historical,Pico,True,True,matched,Caiado
Caiado,2006,Spring,6,156,macro,historical,Pico,True,True,matched,Caiado
Caiado,2008,Winter,8,156,macro,historical,Pico,True,True,matched,Caiado
Caiado,2008,Spring,10,156,macro,historical,Pico,True,True,matched,Caiado
Caiado,2008,Summer,8,156,macro,historical,Pico,True,True,matched,Caiado
Caiado,2008,Autumn,9,156,macro,historical,Pico,True,True,matched,Caiado
Caiado,2009,Winter,9,156,macro,historical,Pico,True,True,matched,Caiado
Caiado,2009,Summer,8,156,macro,historical,Pico,True,True,matched,Caiado
Caiado,2010,Winter,3,156,macro,historical,Pico,True,True,matched,Caiado
Caiado,2010,Spring,4,156,macro,historical,Pico,True,True,matched,Caiado
Caiado,2010,Summer,5,156,macro,historical,Pico,True,True,matched,Caiado
Caiado,2010,Autumn,2,156,macro,historical,Pico,True,True,matched,Caiado
Caiado,2011,Winter,3,156,macro,historical,Pico,True,True,matched,Caiado
Caiado,2011,Spring,8,156,macro,historical,Pico,True,True,matched,Caiado
Caiado,2011,Summer,3,156,macro,historical,Pico,True,True,matched,Caiado
Caiado,2011,Autumn,5,156,macro,historical,Pico,True,True,matched,Caiado
Caiado,2012,Winter,9,156,macro,historical,Pico,True,True,matched,Caiado
Caiado,2012,Spring,8,156,macro,historical,Pico,True,True,matched,Caiado
Caiado,2012,Summer,5,156,macro,historical,Pico,True,True,matched,Caiado
Caiado,2012,Autumn,6,156,macro,historical,Pico,True,True,matched,Caiado
Caiado,2018,Spring,13,121.0,macro,2018,Pico,True,True,matched,Caiado
Caiado,2024,Winter,10,,macro,2024,Pico,True,True,matched,Caiado
Caiado,2024,Spring,8,,macro,2024,Pico,True,True,matched,Caiado
Caiado,2024,Summer,6,,macro,2024,Pico,True,True,matched,Caiado
Caiado,2024,Autumn,1,,macro,2024,Pico,True,True,matched,Caiado
Caiado,2025,Winter,12,,macro,2025,Pico,True,True,matched,Caiado
Caiado,2025,Spring,7,,macro,2025,Pico,True,True,matched,Caiado
Caiado,2025,Summer,4,,macro,2025,Pico,True,True,matched,Caiado
Caiado,2025,Autumn,7,,macro,2025,Pico,True,True,matched,Caiado
Caiado,2008,Spring,6,127,macrophyte,historical,Pico,True,True,matched,Caiado
Caiado,2010,Spring,9,127,macrophyte,historical,Pico,True,True,matched,Caiado
Caiado,2011,Summer,15,127,macrophyte,historical,Pico,True,True,matched,Caiado
Caiado,2012,Summer,12,127,macrophyte,historical,Pico,True,True,matched,Caiado
Caiado,2004,Autumn,18,279,phyto,historical,Pico,True,True,matched,Caiado
Caiado,2005,Winter,21,279,phyto,historical,Pico,True,True,matched,Caiado
Caiado,2005,Spring,25,279,phyto,historical,Pico,True,True,matched,Caiado
Caiado,2005,Summer,16,279,phyto,historical,Pico,True,True,matched,Caiado
Caiado,2006,Winter,18,279,phyto,historical,Pico,True,True,matched,Caiado
Caiado,2006,Spring,20,279,phyto,historical,Pico,True,True,matched,Caiado
Caiado,2006,Summer,15,279,phyto,historical,Pico,True,True,matched,Caiado
Caiado,2006,Autumn,17,279,phyto,historical,Pico,True,True,matched,Caiado
Caiado,2008,Winter,32,279,phyto,historical,Pico,True,True,matched,Caiado
Caiado,2008,Spring,26,279,phyto,historical,Pico,True,True,matched,Caiado
Caiado,2008,Summer,20,279,phyto,historical,Pico,True,True,matched,Caiado
Caiado,2008,Autumn,17,279,phyto,historical,Pico,True,True,matched,Caiado
Caiado,2009,Winter,18,279,phyto,historical,Pico,True,True,matched,Caiado
Caiado,2009,Summer,22,279,phyto,historical,Pico,True,True,matched,Caiado
Caiado,2010,Winter,24,279,phyto,historical,Pico,True,True,matched,Caiado
Caiado,2010,Spring,15,279,phyto,historical,Pico,True,True,matched,Caiado
Caiado,2010,Summer,16,279,phyto,historical,Pico,True,True,matched,Caiado
Caiado,2010,Autumn,14,279,phyto,historical,Pico,True,True,matched,Caiado
Caiado,2011,Winter,21,279,phyto,historical,Pico,True,True,matched,Caiado
Caiado,2011,Spring,24,279,phyto,historical,Pico,True,True,matched,Caiado
Caiado,2011,Summer,26,279,phyto,historical,Pico,True,True,matched,Caiado
Caiado,2011,Autumn,20,279,phyto,historical,Pico,True,True,matched,Caiado
Caiado,2012,Winter,17,279,phyto,historical,Pico,True,True,matched,Caiado
Caiado,2012,Spring,15,279,phyto,historical,Pico,True,True,matched,Caiado
Caiado,2012,Summer,20,279,phyto,historical,Pico,True,True,matched,Caiado
Caiado,2012,Autumn,16,279,phyto,historical,Pico,True,True,matched,Caiado
Caiado,2018,Winter,21,,phyto,2018,Pico,True,True,matched,Caiado
Caiado,2018,Spring,22,,phyto,2018,Pico,True,True,matched,Caiado
Caiado,2018,Summer,23,,phyto,2018,Pico,True,True,matched,Caiado
Caiado,2018,Autumn,16,,phyto,2018,Pico,True,True,matched,Caiado
Caiado,2024,Winter,17,,phyto,2024,Pico,True,True,matched,Caiado
Caiado,2024,Spring,21,,phyto,2024,Pico,True,True,matched,Caiado
Caiado,2024,Summer,10,,phyto,2024,Pico,True,True,matched,Caiado
Caiado,2024,Autumn,8,,phyto,2024,Pico,True,True,matched,Caiado
Caiado,2025,Winter,8,,phyto,2025,Pico,True,True,matched,Caiado
Caiado,2025,Spring,9,,phyto,2025,Pico,True,True,matched,Caiado
Caiado,2025,Summer,3,,phyto,2025,Pico,True,True,matched,Caiado
Caiado,2025,Autumn,5,,phyto,2025,Pico,True,True,matched,Caiado
Caiado,2024,Winter,18,,phyto_incl_bacillariophyta,2024,Pico,True,True,matched,Caiado
Caiado,2024,Spring,23,,phyto_incl_bacillariophyta,2024,Pico,True,True,matched,Caiado
Caiado,2024,Summer,12,,phyto_incl_bacillariophyta,2024,Pico,True,True,matched,Caiado
Caiado,2024,Autumn,9,,phyto_incl_bacillariophyta,2024,Pico,True,True,matched,Caiado
Caiado,2025,Winter,9,,phyto_incl_bacillariophyta,2025,Pico,True,True,matched,Caiado
Caiado,2025,Spring,11,,phyto_incl_bacillariophyta,2025,Pico,True,True,matched,Caiado
Caiado,2025,Summer,4,,phyto_incl_bacillariophyta,2025,Pico,True,True,matched,Caiado
Caiado,2025,Autumn,6,,phyto_incl_bacillariophyta,2025,Pico,True,True,matched,Caiado
Caiado,2011,Summer,18,110,zoo,historical,Pico,True,True,matched,Caiado
Caiado,2025,Spring,6,,zoo,2025,Pico,True,True,matched,Caiado
Capitao,2004,Autumn,40,412,diatom,historical,Pico,True,True,matched,Capitão
Capitao,2005,Winter,23,412,diatom,historical,Pico,True,True,matched,Capitão
Capitao,2005,Spring,30,412,diatom,historical,Pico,True,True,matched,Capitão
Capitao,2005,Summer,30,412,diatom,historical,Pico,True,True,matched,Capitão
Capitao,2006,Winter,28,412,diatom,historical,Pico,True,True,matched,Capitão
Capitao,2006,Spring,26,412,diatom,historical,Pico,True,True,matched,Capitão
Capitao,2006,Summer,31,412,diatom,historical,Pico,True,True,matched,Capitão
Capitao,2006,Autumn,29,412,diatom,historical,Pico,True,True,matched,Capitão
Capitao,2008,Winter,41,412,diatom,historical,Pico,True,True,matched,Capitão
Capitao,2008,Spring,21,412,diatom,historical,Pico,True,True,matched,Capitão
Capitao,2008,Summer,27,412,diatom,historical,Pico,True,True,matched,Capitão
Capitao,2008,Autumn,26,412,diatom,historical,Pico,True,True,matched,Capitão
Capitao,2009,Spring,14,412,diatom,historical,Pico,True,True,matched,Capitão
Capitao,2009,Summer,26,412,diatom,historical,Pico,True,True,matched,Capitão
Capitao,2010,Winter,21,412,diatom,historical,Pico,True,True,matched,Capitão
Capitao,2010,Spring,23,412,diatom,historical,Pico,True,True,matched,Capitão
Capitao,2011,Winter,20,412,diatom,historical,Pico,True,True,matched,Capitão
Capitao,2011,Spring,19,412,diatom,historical,Pico,True,True,matched,Capitão
Capitao,2011,Summer,29,412,diatom,historical,Pico,True,True,matched,Capitão
Capitao,2011,Autumn,35,412,diatom,historical,Pico,True,True,matched,Capitão
Capitao,2012,Winter,24,412,diatom,historical,Pico,True,True,matched,Capitão
Capitao,2012,Spring,33,412,diatom,historical,Pico,True,True,matched,Capitão
Capitao,2012,Summer,22,412,diatom,historical,Pico,True,True,matched,Capitão
Capitao,2012,Autumn,23,412,diatom,historical,Pico,True,True,matched,Capitão
Capitao,2015,Autumn,19,,diatom,2015,Pico,True,True,matched,Capitão
Capitao,2016,Spring,26,,diatom,2016,Pico,True,True,matched,Capitão
Capitao,2016,Spring,25,,diatom,2016,Pico,True,True,matched,Capitão
Capitao,2016,Summer,20,,diatom,2016,Pico,True,True,matched,Capitão
Capitao,2016,Autumn,27,,diatom,2016,Pico,True,True,matched,Capitão
Capitao,2017,Winter,24,,diatom,2017,Pico,True,True,matched,Capitão
Capitao,2017,Autumn,21,,diatom,2017_2018,Pico,True,True,matched,Capitão
Capitao,2018,Winter,21,,diatom,2017_2018,Pico,True,True,matched,Capitão
Capitao,2018,Spring,34,,diatom,2017_2018,Pico,True,True,matched,Capitão
Capitao,2024,Winter,24,,diatom,2024,Pico,True,True,matched,Capitão
Capitao,2024,Spring,29,,diatom,2024,Pico,True,True,matched,Capitão
Capitao,2024,Summer,32,,diatom,2024,Pico,True,True,matched,Capitão
Capitao,2024,Autumn,33,,diatom,2024,Pico,True,True,matched,Capitão
Capitao,2025,Winter,25,,diatom,2025,Pico,True,True,matched,Capitão
Capitao,2025,Spring,20,,diatom,2025,Pico,True,True,matched,Capitão
Capitao,2025,Summer,22,,diatom,2025,Pico,True,True,matched,Capitão
Capitao,2025,Autumn,22,,diatom,2025,Pico,True,True,matched,Capitão
Capitao,2004,Autumn,1,156,macro,historical,Pico,True,True,matched,Capitão
Capitao,2005,Spring,1,156,macro,historical,Pico,True,True,matched,Capitão
Capitao,2005,Summer,4,156,macro,historical,Pico,True,True,matched,Capitão
Capitao,2006,Winter,1,156,macro,historical,Pico,True,True,matched,Capitão
Capitao,2006,Spring,8,156,macro,historical,Pico,True,True,matched,Capitão
Capitao,2008,Winter,4,156,macro,historical,Pico,True,True,matched,Capitão
Capitao,2008,Spring,3,156,macro,historical,Pico,True,True,matched,Capitão
Capitao,2008,Summer,9,156,macro,historical,Pico,True,True,matched,Capitão
Capitao,2008,Autumn,6,156,macro,historical,Pico,True,True,matched,Capitão
Capitao,2009,Winter,3,156,macro,historical,Pico,True,True,matched,Capitão
Capitao,2009,Summer,1,156,macro,historical,Pico,True,True,matched,Capitão
Capitao,2010,Winter,5,156,macro,historical,Pico,True,True,matched,Capitão
Capitao,2010,Spring,4,156,macro,historical,Pico,True,True,matched,Capitão
Capitao,2010,Summer,2,156,macro,historical,Pico,True,True,matched,Capitão
Capitao,2010,Autumn,2,156,macro,historical,Pico,True,True,matched,Capitão
Capitao,2011,Winter,3,156,macro,historical,Pico,True,True,matched,Capitão
Capitao,2011,Spring,2,156,macro,historical,Pico,True,True,matched,Capitão
Capitao,2011,Summer,4,156,macro,historical,Pico,True,True,matched,Capitão
Capitao,2011,Autumn,6,156,macro,historical,Pico,True,True,matched,Capitão
Capitao,2012,Winter,11,156,macro,historical,Pico,True,True,matched,Capitão
Capitao,2012,Spring,6,156,macro,historical,Pico,True,True,matched,Capitão
Capitao,2012,Summer,5,156,macro,historical,Pico,True,True,matched,Capitão
Capitao,2012,Autumn,4,156,macro,historical,Pico,True,True,matched,Capitão
Capitao,2018,Spring,7,121.0,macro,2018,Pico,True,True,matched,Capitão
Capitao,2024,Winter,9,,macro,2024,Pico,True,True,matched,Capitão
Capitao,2024,Spring,3,,macro,2024,Pico,True,True,matched,Capitão
Capitao,2024,Summer,4,,macro,2024,Pico,True,True,matched,Capitão
Capitao,2024,Autumn,2,,macro,2024,Pico,True,True,matched,Capitão
Capitao,2025,Winter,7,,macro,2025,Pico,True,True,matched,Capitão
Capitao,2025,Spring,4,,macro,2025,Pico,True,True,matched,Capitão
Capitao,2025,Summer,3,,macro,2025,Pico,True,True,matched,Capitão
Capitao,2008,Spring,4,127,macrophyte,historical,Pico,True,True,matched,Capitão
Capitao,2010,Spring,6,127,macrophyte,historical,Pico,True,True,matched,Capitão
Capitao,2011,Summer,3,127,macrophyte,historical,Pico,True,True,matched,Capitão
Capitao,2012,Summer,13,127,macrophyte,historical,Pico,True,True,matched,Capitão
Capitao,2004,Autumn,26,279,phyto,historical,Pico,True,True,matched,Capitão
Capitao,2005,Winter,32,279,phyto,historical,Pico,True,True,matched,Capitão
Capitao,2005,Spring,33,279,phyto,historical,Pico,True,True,matched,Capitão
Capitao,2005,Summer,23,279,phyto,historical,Pico,True,True,matched,Capitão
Capitao,2006,Winter,19,279,phyto,historical,Pico,True,True,matched,Capitão
Capitao,2006,Spring,19,279,phyto,historical,Pico,True,True,matched,Capitão
Capitao,2006,Summer,14,279,phyto,historical,Pico,True,True,matched,Capitão
Capitao,2006,Autumn,14,279,phyto,historical,Pico,True,True,matched,Capitão
Capitao,2008,Winter,21,279,phyto,historical,Pico,True,True,matched,Capitão
Capitao,2008,Spring,23,279,phyto,historical,Pico,True,True,matched,Capitão
Capitao,2008,Summer,28,279,phyto,historical,Pico,True,True,matched,Capitão
Capitao,2008,Autumn,24,279,phyto,historical,Pico,True,True,matched,Capitão
Capitao,2009,Winter,21,279,phyto,historical,Pico,True,True,matched,Capitão
Capitao,2009,Summer,20,279,phyto,historical,Pico,True,True,matched,Capitão
Capitao,2010,Winter,27,279,phyto,historical,Pico,True,True,matched,Capitão
Capitao,2010,Spring,20,279,phyto,historical,Pico,True,True,matched,Capitão
Capitao,2010,Summer,20,279,phyto,historical,Pico,True,True,matched,Capitão
Capitao,2010,Autumn,20,279,phyto,historical,Pico,True,True,matched,Capitão
Capitao,2011,Winter,20,279,phyto,historical,Pico,True,True,matched,Capitão
Capitao,2011,Spring,20,279,phyto,historical,Pico,True,True,matched,Capitão
Capitao,2011,Summer,23,279,phyto,historical,Pico,True,True,matched,Capitão
Capitao,2011,Autumn,21,279,phyto,historical,Pico,True,True,matched,Capitão
Capitao,2012,Winter,23,279,phyto,historical,Pico,True,True,matched,Capitão
Capitao,2012,Spring,20,279,phyto,historical,Pico,True,True,matched,Capitão
Capitao,2012,Summer,26,279,phyto,historical,Pico,True,True,matched,Capitão
Capitao,2012,Autumn,28,279,phyto,historical,Pico,True,True,matched,Capitão
Capitao,2018,Winter,20,,phyto,2018,Pico,True,True,matched,Capitão
Capitao,2018,Spring,23,,phyto,2018,Pico,True,True,matched,Capitão
Capitao,2018,Summer,17,,phyto,2018,Pico,True,True,matched,Capitão
Capitao,2018,Autumn,18,,phyto,2018,Pico,True,True,matched,Capitão
Capitao,2024,Winter,20,,phyto,2024,Pico,True,True,matched,Capitão
Capitao,2024,Spring,21,,phyto,2024,Pico,True,True,matched,Capitão
Capitao,2024,Summer,10,,phyto,2024,Pico,True,True,matched,Capitão
Capitao,2024,Autumn,12,,phyto,2024,Pico,True,True,matched,Capitão
Capitao,2025,Winter,9,,phyto,2025,Pico,True,True,matched,Capitão
Capitao,2025,Spring,8,,phyto,2025,Pico,True,True,matched,Capitão
Capitao,2025,Summer,7,,phyto,2025,Pico,True,True,matched,Capitão
Capitao,2025,Autumn,6,,phyto,2025,Pico,True,True,matched,Capitão
Capitao,2024,Winter,22,,phyto_incl_bacillariophyta,2024,Pico,True,True,matched,Capitão
Capitao,2024,Spring,24,,phyto_incl_bacillariophyta,2024,Pico,True,True,matched,Capitão
Capitao,2024,Summer,12,,phyto_incl_bacillariophyta,2024,Pico,True,True,matched,Capitão
Capitao,2024,Autumn,14,,phyto_incl_bacillariophyta,2024,Pico,True,True,matched,Capitão
Capitao,2025,Winter,10,,phyto_incl_bacillariophyta,2025,Pico,True,True,matched,Capitão
Capitao,2025,Spring,10,,phyto_incl_bacillariophyta,2025,Pico,True,True,matched,Capitão
Capitao,2025,Summer,9,,phyto_incl_bacillariophyta,2025,Pico,True,True,matched,Capitão
Capitao,2025,Autumn,8,,phyto_incl_bacillariophyta,2025,Pico,True,True,matched,Capitão
Capitao,2011,Summer,11,110,zoo,historical,Pico,True,True,matched,Capitão
Capitao,2025,Spring,4,,zoo,2025,Pico,True,True,matched,Capitão
Paul,2006,Winter,32,412,diatom,historical,Pico,False,True,matched,Paúl
Paul,2008,Spring,23,412,diatom,historical,Pico,False,True,matched,Paúl
Paul,2008,Autumn,28,412,diatom,historical,Pico,False,True,matched,Paúl
Paul,2009,Spring,24,412,diatom,historical,Pico,False,True,matched,Paúl
Paul,2009,Summer,25,412,diatom,historical,Pico,False,True,matched,Paúl
Paul,2011,Spring,25,412,diatom,historical,Pico,False,True,matched,Paúl
Paul,2011,Summer,18,412,diatom,historical,Pico,False,True,matched,Paúl
Paul,2011,Autumn,21,412,diatom,historical,Pico,False,True,matched,Paúl
Paul,2012,Winter,14,412,diatom,historical,Pico,False,True,matched,Paúl
Paul,2012,Spring,23,412,diatom,historical,Pico,False,True,matched,Paúl
Paul,2012,Summer,20,412,diatom,historical,Pico,False,True,matched,Paúl
Paul,2012,Autumn,31,412,diatom,historical,Pico,False,True,matched,Paúl
Paul,2015,Autumn,19,,diatom,2015,Pico,False,True,matched,Paúl
Paul,2016,Spring,35,,diatom,2016,Pico,False,True,matched,Paúl
Paul,2016,Spring,23,,diatom,2016,Pico,False,True,matched,Paúl
Paul,2016,Summer,25,,diatom,2016,Pico,False,True,matched,Paúl
Paul,2016,Autumn,31,,diatom,2016,Pico,False,True,matched,Paúl
Paul,2017,Winter,29,,diatom,2017,Pico,False,True,matched,Paúl
Paul,2017,Autumn,20,,diatom,2017_2018,Pico,False,True,matched,Paúl
Paul,2018,Winter,16,,diatom,2017_2018,Pico,False,True,matched,Paúl
Paul,2018,Spring,17,,diatom,2017_2018,Pico,False,True,matched,Paúl
Paul,2024,Winter,30,,diatom,2024,Pico,False,True,matched,Paúl
Paul,2024,Summer,24,,diatom,2024,Pico,False,True,matched,Paúl
Paul,2024,Autumn,22,,diatom,2024,Pico,False,True,matched,Paúl
Paul,2025,Winter,34,,diatom,2025,Pico,False,True,matched,Paúl
Paul,2025,Spring,22,,diatom,2025,Pico,False,True,matched,Paúl
Paul,2025,Autumn,29,,diatom,2025,Pico,False,True,matched,Paúl
Paul,2006,Winter,9,156,macro,historical,Pico,False,True,matched,Paúl
Paul,2008,Spring,9,156,macro,historical,Pico,False,True,matched,Paúl
Paul,2008,Autumn,10,156,macro,historical,Pico,False,True,matched,Paúl
Paul,2009,Winter,7,156,macro,historical,Pico,False,True,matched,Paúl
Paul,2009,Summer,6,156,macro,historical,Pico,False,True,matched,Paúl
Paul,2010,Winter,6,156,macro,historical,Pico,False,True,matched,Paúl
Paul,2010,Summer,6,156,macro,historical,Pico,False,True,matched,Paúl
Paul,2011,Winter,2,156,macro,historical,Pico,False,True,matched,Paúl
Paul,2011,Spring,2,156,macro,historical,Pico,False,True,matched,Paúl
Paul,2011,Summer,9,156,macro,historical,Pico,False,True,matched,Paúl
Paul,2011,Autumn,4,156,macro,historical,Pico,False,True,matched,Paúl
Paul,2012,Winter,6,156,macro,historical,Pico,False,True,matched,Paúl
Paul,2012,Spring,8,156,macro,historical,Pico,False,True,matched,Paúl
Paul,2012,Summer,6,156,macro,historical,Pico,False,True,matched,Paúl
Paul,2012,Autumn,4,156,macro,historical,Pico,False,True,matched,Paúl
Paul,2024,Winter,13,,macro,2024,Pico,False,True,matched,Paúl
Paul,2024,Spring,8,,macro,2024,Pico,False,True,matched,Paúl
Paul,2024,Summer,9,,macro,2024,Pico,False,True,matched,Paúl
Paul,2024,Autumn,4,,macro,2024,Pico,False,True,matched,Paúl
Paul,2025,Winter,9,,macro,2025,Pico,False,True,matched,Paúl
Paul,2025,Spring,8,,macro,2025,Pico,False,True,matched,Paúl
Paul,2025,Autumn,13,,macro,2025,Pico,False,True,matched,Paúl
Paul,2008,Spring,4,127,macrophyte,historical,Pico,False,True,matched,Paúl
Paul,2010,Summer,5,127,macrophyte,historical,Pico,False,True,matched,Paúl
Paul,2011,Summer,9,127,macrophyte,historical,Pico,False,True,matched,Paúl
Paul,2012,Summer,7,127,macrophyte,historical,Pico,False,True,matched,Paúl
Paul,2006,Winter,9,279,phyto,historical,Pico,False,True,matched,Paúl
Paul,2008,Spring,11,279,phyto,historical,Pico,False,True,matched,Paúl
Paul,2008,Autumn,13,279,phyto,historical,Pico,False,True,matched,Paúl
Paul,2009,Winter,10,279,phyto,historical,Pico,False,True,matched,Paúl
Paul,2009,Summer,23,279,phyto,historical,Pico,False,True,matched,Paúl
Paul,2010,Winter,20,279,phyto,historical,Pico,False,True,matched,Paúl
Paul,2010,Summer,20,279,phyto,historical,Pico,False,True,matched,Paúl
Paul,2011,Winter,7,279,phyto,historical,Pico,False,True,matched,Paúl
Paul,2011,Spring,14,279,phyto,historical,Pico,False,True,matched,Paúl
Paul,2011,Summer,20,279,phyto,historical,Pico,False,True,matched,Paúl
Paul,2011,Autumn,13,279,phyto,historical,Pico,False,True,matched,Paúl
Paul,2012,Winter,9,279,phyto,historical,Pico,False,True,matched,Paúl
Paul,2012,Spring,6,279,phyto,historical,Pico,False,True,matched,Paúl
Paul,2012,Summer,12,279,phyto,historical,Pico,False,True,matched,Paúl
Paul,2012,Autumn,8,279,phyto,historical,Pico,False,True,matched,Paúl
Paul,2018,Winter,9,,phyto,2018,Pico,False,True,matched,Paúl
Paul,2018,Spring,9,,phyto,2018,Pico,False,True,matched,Paúl
Paul,2018,Autumn,18,,phyto,2018,Pico,False,True,matched,Paúl
Paul,2024,Winter,6,,phyto,2024,Pico,False,True,matched,Paúl
Paul,2024,Spring,5,,phyto,2024,Pico,False,True,matched,Paúl
Paul,2024,Summer,6,,phyto,2024,Pico,False,True,matched,Paúl
Paul,2024,Autumn,5,,phyto,2024,Pico,False,True,matched,Paúl
Paul,2025,Winter,3,,phyto,2025,Pico,False,True,matched,Paúl
Paul,2025,Spring,3,,phyto,2025,Pico,False,True,matched,Paúl
Paul,2025,Autumn,3,,phyto,2025,Pico,False,True,matched,Paúl
Paul,2024,Winter,9,,phyto_incl_bacillariophyta,2024,Pico,False,True,matched,Paúl
Paul,2024,Spring,7,,phyto_incl_bacillariophyta,2024,Pico,False,True,matched,Paúl
Paul,2024,Summer,7,,phyto_incl_bacillariophyta,2024,Pico,False,True,matched,Paúl
Paul,2024,Autumn,6,,phyto_incl_bacillariophyta,2024,Pico,False,True,matched,Paúl
Paul,2025,Winter,4,,phyto_incl_bacillariophyta,2025,Pico,False,True,matched,Paúl
Paul,2025,Spring,4,,phyto_incl_bacillariophyta,2025,Pico,False,True,matched,Paúl
Paul,2025,Autumn,4,,phyto_incl_bacillariophyta,2025,Pico,False,True,matched,Paúl
Paul,2025,Spring,4,,zoo,2025,Pico,False,True,matched,Paúl
Peixinho,2008,Spring,44,412,diatom,historical,Pico,True,True,matched,Peixinho
Peixinho,2008,Autumn,25,412,diatom,historical,Pico,True,True,matched,Peixinho
Peixinho,2009,Spring,11,412,diatom,historical,Pico,True,True,matched,Peixinho
Peixinho,2010,Winter,32,412,diatom,historical,Pico,True,True,matched,Peixinho
Peixinho,2010,Summer,37,412,diatom,historical,Pico,True,True,matched,Peixinho
Peixinho,2011,Winter,32,412,diatom,historical,Pico,True,True,matched,Peixinho
Peixinho,2011,Spring,25,412,diatom,historical,Pico,True,True,matched,Peixinho
Peixinho,2011,Summer,39,412,diatom,historical,Pico,True,True,matched,Peixinho
Peixinho,2011,Autumn,47,412,diatom,historical,Pico,True,True,matched,Peixinho
Peixinho,2012,Winter,10,412,diatom,historical,Pico,True,True,matched,Peixinho
Peixinho,2012,Spring,18,412,diatom,historical,Pico,True,True,matched,Peixinho
Peixinho,2012,Summer,13,412,diatom,historical,Pico,True,True,matched,Peixinho
Peixinho,2012,Autumn,27,412,diatom,historical,Pico,True,True,matched,Peixinho
Peixinho,2015,Autumn,35,,diatom,2015,Pico,True,True,matched,Peixinho
Peixinho,2016,Spring,28,,diatom,2016,Pico,True,True,matched,Peixinho
Peixinho,2016,Spring,31,,diatom,2016,Pico,True,True,matched,Peixinho
Peixinho,2016,Summer,24,,diatom,2016,Pico,True,True,matched,Peixinho
Peixinho,2016,Autumn,45,,diatom,2016,Pico,True,True,matched,Peixinho
Peixinho,2017,Winter,24,,diatom,2017,Pico,True,True,matched,Peixinho
Peixinho,2018,Winter,26,,diatom,2017_2018,Pico,True,True,matched,Peixinho
Peixinho,2018,Spring,29,,diatom,2017_2018,Pico,True,True,matched,Peixinho
Peixinho,2024,Winter,20,,diatom,2024,Pico,True,True,matched,Peixinho
Peixinho,2024,Spring,25,,diatom,2024,Pico,True,True,matched,Peixinho
Peixinho,2024,Summer,23,,diatom,2024,Pico,True,True,matched,Peixinho
Peixinho,2024,Autumn,22,,diatom,2024,Pico,True,True,matched,Peixinho
Peixinho,2025,Winter,26,,diatom,2025,Pico,True,True,matched,Peixinho
Peixinho,2025,Spring,24,,diatom,2025,Pico,True,True,matched,Peixinho
Peixinho,2025,Summer,26,,diatom,2025,Pico,True,True,matched,Peixinho
Peixinho,2025,Autumn,33,,diatom,2025,Pico,True,True,matched,Peixinho
Peixinho,2006,Winter,4,156,macro,historical,Pico,True,True,matched,Peixinho
Peixinho,2008,Spring,13,156,macro,historical,Pico,True,True,matched,Peixinho
Peixinho,2008,Autumn,7,156,macro,historical,Pico,True,True,matched,Peixinho
Peixinho,2009,Winter,11,156,macro,historical,Pico,True,True,matched,Peixinho
Peixinho,2010,Winter,6,156,macro,historical,Pico,True,True,matched,Peixinho
Peixinho,2010,Summer,8,156,macro,historical,Pico,True,True,matched,Peixinho
Peixinho,2011,Winter,4,156,macro,historical,Pico,True,True,matched,Peixinho
Peixinho,2011,Spring,12,156,macro,historical,Pico,True,True,matched,Peixinho
Peixinho,2011,Summer,8,156,macro,historical,Pico,True,True,matched,Peixinho
Peixinho,2011,Autumn,2,156,macro,historical,Pico,True,True,matched,Peixinho
Peixinho,2012,Winter,6,156,macro,historical,Pico,True,True,matched,Peixinho
Peixinho,2012,Spring,5,156,macro,historical,Pico,True,True,matched,Peixinho
Peixinho,2012,Summer,4,156,macro,historical,Pico,True,True,matched,Peixinho
Peixinho,2012,Autumn,3,156,macro,historical,Pico,True,True,matched,Peixinho
Peixinho,2018,Spring,11,121.0,macro,2018,Pico,True,True,matched,Peixinho
Peixinho,2024,Winter,7,,macro,2024,Pico,True,True,matched,Peixinho
Peixinho,2024,Spring,5,,macro,2024,Pico,True,True,matched,Peixinho
Peixinho,2024,Summer,7,,macro,2024,Pico,True,True,matched,Peixinho
Peixinho,2024,Autumn,0,,macro,2024,Pico,True,True,matched,Peixinho
Peixinho,2025,Winter,5,,macro,2025,Pico,True,True,matched,Peixinho
Peixinho,2025,Spring,4,,macro,2025,Pico,True,True,matched,Peixinho
Peixinho,2025,Summer,2,,macro,2025,Pico,True,True,matched,Peixinho
Peixinho,2025,Autumn,4,,macro,2025,Pico,True,True,matched,Peixinho
Peixinho,2008,Spring,4,127,macrophyte,historical,Pico,True,True,matched,Peixinho
Peixinho,2010,Summer,4,127,macrophyte,historical,Pico,True,True,matched,Peixinho
Peixinho,2011,Summer,11,127,macrophyte,historical,Pico,True,True,matched,Peixinho
Peixinho,2012,Summer,7,127,macrophyte,historical,Pico,True,True,matched,Peixinho
Peixinho,2006,Winter,14,279,phyto,historical,Pico,True,True,matched,Peixinho
Peixinho,2006,Summer,13,279,phyto,historical,Pico,True,True,matched,Peixinho
Peixinho,2008,Spring,25,279,phyto,historical,Pico,True,True,matched,Peixinho
Peixinho,2008,Autumn,18,279,phyto,historical,Pico,True,True,matched,Peixinho
Peixinho,2009,Winter,14,279,phyto,historical,Pico,True,True,matched,Peixinho
Peixinho,2009,Summer,28,279,phyto,historical,Pico,True,True,matched,Peixinho
Peixinho,2010,Winter,21,279,phyto,historical,Pico,True,True,matched,Peixinho
Peixinho,2010,Summer,21,279,phyto,historical,Pico,True,True,matched,Peixinho
Peixinho,2011,Winter,20,279,phyto,historical,Pico,True,True,matched,Peixinho
Peixinho,2011,Spring,26,279,phyto,historical,Pico,True,True,matched,Peixinho
Peixinho,2011,Summer,18,279,phyto,historical,Pico,True,True,matched,Peixinho
Peixinho,2011,Autumn,13,279,phyto,historical,Pico,True,True,matched,Peixinho
Peixinho,2012,Winter,20,279,phyto,historical,Pico,True,True,matched,Peixinho
Peixinho,2012,Spring,25,279,phyto,historical,Pico,True,True,matched,Peixinho
Peixinho,2012,Summer,18,279,phyto,historical,Pico,True,True,matched,Peixinho
Peixinho,2012,Autumn,22,279,phyto,historical,Pico,True,True,matched,Peixinho
Peixinho,2018,Winter,20,,phyto,2018,Pico,True,True,matched,Peixinho
Peixinho,2018,Spring,18,,phyto,2018,Pico,True,True,matched,Peixinho
Peixinho,2018,Summer,24,,phyto,2018,Pico,True,True,matched,Peixinho
Peixinho,2018,Autumn,13,,phyto,2018,Pico,True,True,matched,Peixinho
Peixinho,2024,Winter,17,,phyto,2024,Pico,True,True,matched,Peixinho
Peixinho,2024,Spring,16,,phyto,2024,Pico,True,True,matched,Peixinho
Peixinho,2024,Summer,8,,phyto,2024,Pico,True,True,matched,Peixinho
Peixinho,2024,Autumn,7,,phyto,2024,Pico,True,True,matched,Peixinho
Peixinho,2025,Winter,7,,phyto,2025,Pico,True,True,matched,Peixinho
Peixinho,2025,Spring,10,,phyto,2025,Pico,True,True,matched,Peixinho
Peixinho,2025,Summer,5,,phyto,2025,Pico,True,True,matched,Peixinho
Peixinho,2025,Autumn,8,,phyto,2025,Pico,True,True,matched,Peixinho
Peixinho,2024,Winter,20,,phyto_incl_bacillariophyta,2024,Pico,True,True,matched,Peixinho
Peixinho,2024,Spring,20,,phyto_incl_bacillariophyta,2024,Pico,True,True,matched,Peixinho
Peixinho,2024,Summer,9,,phyto_incl_bacillariophyta,2024,Pico,True,True,matched,Peixinho
Peixinho,2024,Autumn,8,,phyto_incl_bacillariophyta,2024,Pico,True,True,matched,Peixinho
Peixinho,2025,Winter,8,,phyto_incl_bacillariophyta,2025,Pico,True,True,matched,Peixinho
Peixinho,2025,Spring,12,,phyto_incl_bacillariophyta,2025,Pico,True,True,matched,Peixinho
Peixinho,2025,Summer,6,,phyto_incl_bacillariophyta,2025,Pico,True,True,matched,Peixinho
Peixinho,2025,Autumn,9,,phyto_incl_bacillariophyta,2025,Pico,True,True,matched,Peixinho
Peixinho,2011,Summer,3,110,zoo,historical,Pico,True,True,matched,Peixinho
Peixinho,2025,Spring,4,,zoo,2025,Pico,True,True,matched,Peixinho
Rosada,2006,Winter,21,412,diatom,historical,Pico,True,True,matched,Rosada
Rosada,2006,Spring,29,412,diatom,historical,Pico,True,True,matched,Rosada
Rosada,2006,Summer,25,412,diatom,historical,Pico,True,True,matched,Rosada
Rosada,2008,Spring,30,412,diatom,historical,Pico,True,True,matched,Rosada
Rosada,2008,Autumn,19,412,diatom,historical,Pico,True,True,matched,Rosada
Rosada,2009,Spring,18,412,diatom,historical,Pico,True,True,matched,Rosada
Rosada,2009,Summer,34,412,diatom,historical,Pico,True,True,matched,Rosada
Rosada,2010,Winter,36,412,diatom,historical,Pico,True,True,matched,Rosada
Rosada,2010,Summer,39,412,diatom,historical,Pico,True,True,matched,Rosada
Rosada,2011,Winter,40,412,diatom,historical,Pico,True,True,matched,Rosada
Rosada,2011,Spring,33,412,diatom,historical,Pico,True,True,matched,Rosada
Rosada,2011,Summer,36,412,diatom,historical,Pico,True,True,matched,Rosada
Rosada,2011,Autumn,37,412,diatom,historical,Pico,True,True,matched,Rosada
Rosada,2012,Winter,36,412,diatom,historical,Pico,True,True,matched,Rosada
Rosada,2012,Spring,30,412,diatom,historical,Pico,True,True,matched,Rosada
Rosada,2012,Summer,23,412,diatom,historical,Pico,True,True,matched,Rosada
Rosada,2012,Autumn,23,412,diatom,historical,Pico,True,True,matched,Rosada
Rosada,2015,Autumn,21,,diatom,2015,Pico,True,True,matched,Rosada
Rosada,2016,Winter,30,,diatom,2016,Pico,True,True,matched,Rosada
Rosada,2016,Spring,36,,diatom,2016,Pico,True,True,matched,Rosada
Rosada,2016,Summer,21,,diatom,2016,Pico,True,True,matched,Rosada
Rosada,2016,Autumn,34,,diatom,2016,Pico,True,True,matched,Rosada
Rosada,2017,Winter,43,,diatom,2017,Pico,True,True,matched,Rosada
Rosada,2017,Autumn,22,,diatom,2017_2018,Pico,True,True,matched,Rosada
Rosada,2018,Winter,27,,diatom,2017_2018,Pico,True,True,matched,Rosada
Rosada,2018,Spring,29,,diatom,2017_2018,Pico,True,True,matched,Rosada
Rosada,2024,Winter,39,,diatom,2024,Pico,True,True,matched,Rosada
Rosada,2024,Spring,35,,diatom,2024,Pico,True,True,matched,Rosada
Rosada,2024,Summer,25,,diatom,2024,Pico,True,True,matched,Rosada
Rosada,2024,Autumn,33,,diatom,2024,Pico,True,True,matched,Rosada
Rosada,2025,Winter,31,,diatom,2025,Pico,True,True,matched,Rosada
Rosada,2025,Spring,28,,diatom,2025,Pico,True,True,matched,Rosada
Rosada,2025,Summer,31,,diatom,2025,Pico,True,True,matched,Rosada
Rosada,2025,Autumn,33,,diatom,2025,Pico,True,True,matched,Rosada
Rosada,2006,Winter,6,156,macro,historical,Pico,True,True,matched,Rosada
Rosada,2008,Spring,9,156,macro,historical,Pico,True,True,matched,Rosada
Rosada,2008,Autumn,12,156,macro,historical,Pico,True,True,matched,Rosada
Rosada,2009,Winter,6,156,macro,historical,Pico,True,True,matched,Rosada
Rosada,2009,Summer,4,156,macro,historical,Pico,True,True,matched,Rosada
Rosada,2010,Winter,5,156,macro,historical,Pico,True,True,matched,Rosada
Rosada,2010,Summer,4,156,macro,historical,Pico,True,True,matched,Rosada
Rosada,2011,Winter,2,156,macro,historical,Pico,True,True,matched,Rosada
Rosada,2011,Spring,4,156,macro,historical,Pico,True,True,matched,Rosada
Rosada,2011,Summer,6,156,macro,historical,Pico,True,True,matched,Rosada
Rosada,2011,Autumn,4,156,macro,historical,Pico,True,True,matched,Rosada
Rosada,2012,Winter,3,156,macro,historical,Pico,True,True,matched,Rosada
Rosada,2012,Spring,9,156,macro,historical,Pico,True,True,matched,Rosada
Rosada,2012,Summer,5,156,macro,historical,Pico,True,True,matched,Rosada
Rosada,2012,Autumn,6,156,macro,historical,Pico,True,True,matched,Rosada
Rosada,2018,Spring,10,121.0,macro,2018,Pico,True,True,matched,Rosada
Rosada,2024,Winter,12,,macro,2024,Pico,True,True,matched,Rosada
Rosada,2024,Spring,8,,macro,2024,Pico,True,True,matched,Rosada
Rosada,2024,Summer,7,,macro,2024,Pico,True,True,matched,Rosada
Rosada,2024,Autumn,2,,macro,2024,Pico,True,True,matched,Rosada
Rosada,2025,Winter,10,,macro,2025,Pico,True,True,matched,Rosada
Rosada,2025,Spring,6,,macro,2025,Pico,True,True,matched,Rosada
Rosada,2025,Summer,7,,macro,2025,Pico,True,True,matched,Rosada
Rosada,2025,Autumn,8,,macro,2025,Pico,True,True,matched,Rosada
Rosada,2008,Spring,7,127,macrophyte,historical,Pico,True,True,matched,Rosada
Rosada,2010,Summer,6,127,macrophyte,historical,Pico,True,True,matched,Rosada
Rosada,2011,Summer,7,127,macrophyte,historical,Pico,True,True,matched,Rosada
Rosada,2012,Summer,12,127,macrophyte,historical,Pico,True,True,matched,Rosada
Rosada,2006,Winter,20,279,phyto,historical,Pico,True,True,matched,Rosada
Rosada,2006,Summer,18,279,phyto,historical,Pico,True,True,matched,Rosada
Rosada,2008,Spring,20,279,phyto,historical,Pico,True,True,matched,Rosada
Rosada,2008,Autumn,19,279,phyto,historical,Pico,True,True,matched,Rosada
Rosada,2009,Winter,22,279,phyto,historical,Pico,True,True,matched,Rosada
Rosada,2009,Summer,25,279,phyto,historical,Pico,True,True,matched,Rosada
Rosada,2010,Winter,20,279,phyto,historical,Pico,True,True,matched,Rosada
Rosada,2010,Summer,22,279,phyto,historical,Pico,True,True,matched,Rosada
Rosada,2011,Winter,17,279,phyto,historical,Pico,True,True,matched,Rosada
Rosada,2011,Spring,19,279,phyto,historical,Pico,True,True,matched,Rosada
Rosada,2011,Summer,23,279,phyto,historical,Pico,True,True,matched,Rosada
Rosada,2011,Autumn,20,279,phyto,historical,Pico,True,True,matched,Rosada
Rosada,2012,Winter,17,279,phyto,historical,Pico,True,True,matched,Rosada
Rosada,2012,Spring,21,279,phyto,historical,Pico,True,True,matched,Rosada
Rosada,2012,Summer,22,279,phyto,historical,Pico,True,True,matched,Rosada
Rosada,2012,Autumn,19,279,phyto,historical,Pico,True,True,matched,Rosada
Rosada,2018,Winter,21,,phyto,2018,Pico,True,True,matched,Rosada
Rosada,2018,Summer,21,,phyto,2018,Pico,True,True,matched,Rosada
Rosada,2018,Autumn,20,,phyto,2018,Pico,True,True,matched,Rosada
Rosada,2024,Winter,17,,phyto,2024,Pico,True,True,matched,Rosada
Rosada,2024,Spring,14,,phyto,2024,Pico,True,True,matched,Rosada
Rosada,2024,Summer,12,,phyto,2024,Pico,True,True,matched,Rosada
Rosada,2024,Autumn,8,,phyto,2024,Pico,True,True,matched,Rosada
Rosada,2025,Winter,7,,phyto,2025,Pico,True,True,matched,Rosada
Rosada,2025,Spring,11,,phyto,2025,Pico,True,True,matched,Rosada
Rosada,2025,Summer,7,,phyto,2025,Pico,True,True,matched,Rosada
Rosada,2025,Autumn,9,,phyto,2025,Pico,True,True,matched,Rosada
Rosada,2024,Winter,21,,phyto_incl_bacillariophyta,2024,Pico,True,True,matched,Rosada
Rosada,2024,Spring,17,,phyto_incl_bacillariophyta,2024,Pico,True,True,matched,Rosada
Rosada,2024,Summer,12,,phyto_incl_bacillariophyta,2024,Pico,True,True,matched,Rosada
Rosada,2024,Autumn,11,,phyto_incl_bacillariophyta,2024,Pico,True,True,matched,Rosada
Rosada,2025,Winter,8,,phyto_incl_bacillariophyta,2025,Pico,True,True,matched,Rosada
Rosada,2025,Spring,12,,phyto_incl_bacillariophyta,2025,Pico,True,True,matched,Rosada
Rosada,2025,Summer,7,,phyto_incl_bacillariophyta,2025,Pico,True,True,matched,Rosada
Rosada,2025,Autumn,11,,phyto_incl_bacillariophyta,2025,Pico,True,True,matched,Rosada
Rosada,2011,Summer,12,110,zoo,historical,Pico,True,True,matched,Rosada
Rosada,2025,Spring,7,,zoo,2025,Pico,True,True,matched,Rosada
Azul,2003,Autumn,39,412,diatom,historical,Sao Miguel,True,True,matched,Azul
Azul,2004,Winter,45,412,diatom,historical,Sao Miguel,True,True,matched,Azul
Azul,2004,Spring,45,412,diatom,historical,Sao Miguel,True,True,matched,Azul
Azul,2004,Summer,43,412,diatom,historical,Sao Miguel,True,True,matched,Azul
Azul,2005,Winter,56,412,diatom,historical,Sao Miguel,True,True,matched,Azul
Azul,2005,Spring,41,412,diatom,historical,Sao Miguel,True,True,matched,Azul
Azul,2005,Summer,37,412,diatom,historical,Sao Miguel,True,True,matched,Azul
Azul,2006,Winter,31,412,diatom,historical,Sao Miguel,True,True,matched,Azul
Azul,2006,Spring,43,412,diatom,historical,Sao Miguel,True,True,matched,Azul
Azul,2006,Summer,44,412,diatom,historical,Sao Miguel,True,True,matched,Azul
Azul,2007,Winter,35,412,diatom,historical,Sao Miguel,True,True,matched,Azul
Azul,2008,Winter,33,412,diatom,historical,Sao Miguel,True,True,matched,Azul
Azul,2008,Spring,50,412,diatom,historical,Sao Miguel,True,True,matched,Azul
Azul,2008,Summer,30,412,diatom,historical,Sao Miguel,True,True,matched,Azul
Azul,2008,Autumn,32,412,diatom,historical,Sao Miguel,True,True,matched,Azul
Azul,2009,Winter,26,412,diatom,historical,Sao Miguel,True,True,matched,Azul
Azul,2009,Autumn,31,412,diatom,historical,Sao Miguel,True,True,matched,Azul
Azul,2010,Winter,41,412,diatom,historical,Sao Miguel,True,True,matched,Azul
Azul,2010,Spring,30,412,diatom,historical,Sao Miguel,True,True,matched,Azul
Azul,2010,Summer,36,412,diatom,historical,Sao Miguel,True,True,matched,Azul
Azul,2010,Autumn,38,412,diatom,historical,Sao Miguel,True,True,matched,Azul
Azul,2011,Winter,39,412,diatom,historical,Sao Miguel,True,True,matched,Azul
Azul,2011,Spring,35,412,diatom,historical,Sao Miguel,True,True,matched,Azul
Azul,2011,Summer,36,412,diatom,historical,Sao Miguel,True,True,matched,Azul
Azul,2011,Autumn,31,412,diatom,historical,Sao Miguel,True,True,matched,Azul
Azul,2012,Winter,33,412,diatom,historical,Sao Miguel,True,True,matched,Azul
Azul,2012,Spring,27,412,diatom,historical,Sao Miguel,True,True,matched,Azul
Azul,2012,Summer,35,412,diatom,historical,Sao Miguel,True,True,matched,Azul
Azul,2012,Autumn,33,412,diatom,historical,Sao Miguel,True,True,matched,Azul
Azul,2015,Autumn,29,,diatom,2015,Sao Miguel,True,True,matched,Azul
Azul,2016,Winter,39,,diatom,2016,Sao Miguel,True,True,matched,Azul
Azul,2016,Spring,38,,diatom,2016,Sao Miguel,True,True,matched,Azul
Azul,2016,Autumn,36,,diatom,2016,Sao Miguel,True,True,matched,Azul
Azul,2016,Autumn,40,,diatom,2016,Sao Miguel,True,True,matched,Azul
Azul,2017,Autumn,21,,diatom,2017_2018,Sao Miguel,True,True,matched,Azul
Azul,2018,Winter,24,,diatom,2017_2018,Sao Miguel,True,True,matched,Azul
Azul,2018,Spring,32,,diatom,2017_2018,Sao Miguel,True,True,matched,Azul
Azul,2018,Summer,22,,diatom,2017_2018,Sao Miguel,True,True,matched,Azul
Azul,2024,Winter,32,,diatom,2024,Sao Miguel,True,True,matched,Azul
Azul,2024,Spring,29,,diatom,2024,Sao Miguel,True,True,matched,Azul
Azul,2024,Summer,29,,diatom,2024,Sao Miguel,True,True,matched,Azul
Azul,2024,Autumn,42,,diatom,2024,Sao Miguel,True,True,matched,Azul
Azul,2025,Winter,29,,diatom,2025,Sao Miguel,True,True,matched,Azul
Azul,2025,Spring,17,,diatom,2025,Sao Miguel,True,True,matched,Azul
Azul,2025,Summer,29,,diatom,2025,Sao Miguel,True,True,matched,Azul
Azul,2025,Autumn,27,,diatom,2025,Sao Miguel,True,True,matched,Azul
Azul,2003,Autumn,3,156,macro,historical,Sao Miguel,True,True,matched,Azul
Azul,2004,Winter,6,156,macro,historical,Sao Miguel,True,True,matched,Azul
Azul,2004,Spring,6,156,macro,historical,Sao Miguel,True,True,matched,Azul
Azul,2004,Summer,7,156,macro,historical,Sao Miguel,True,True,matched,Azul
Azul,2005,Winter,11,156,macro,historical,Sao Miguel,True,True,matched,Azul
Azul,2005,Spring,14,156,macro,historical,Sao Miguel,True,True,matched,Azul
Azul,2005,Summer,10,156,macro,historical,Sao Miguel,True,True,matched,Azul
Azul,2006,Winter,9,156,macro,historical,Sao Miguel,True,True,matched,Azul
Azul,2006,Spring,15,156,macro,historical,Sao Miguel,True,True,matched,Azul
Azul,2006,Summer,14,156,macro,historical,Sao Miguel,True,True,matched,Azul
Azul,2008,Winter,14,156,macro,historical,Sao Miguel,True,True,matched,Azul
Azul,2008,Spring,15,156,macro,historical,Sao Miguel,True,True,matched,Azul
Azul,2008,Summer,11,156,macro,historical,Sao Miguel,True,True,matched,Azul
Azul,2008,Autumn,11,156,macro,historical,Sao Miguel,True,True,matched,Azul
Azul,2009,Winter,15,156,macro,historical,Sao Miguel,True,True,matched,Azul
Azul,2009,Summer,11,156,macro,historical,Sao Miguel,True,True,matched,Azul
Azul,2010,Winter,20,156,macro,historical,Sao Miguel,True,True,matched,Azul
Azul,2010,Spring,11,156,macro,historical,Sao Miguel,True,True,matched,Azul
Azul,2010,Summer,16,156,macro,historical,Sao Miguel,True,True,matched,Azul
Azul,2010,Autumn,15,156,macro,historical,Sao Miguel,True,True,matched,Azul
Azul,2011,Winter,19,156,macro,historical,Sao Miguel,True,True,matched,Azul
Azul,2011,Spring,15,156,macro,historical,Sao Miguel,True,True,matched,Azul
Azul,2011,Summer,11,156,macro,historical,Sao Miguel,True,True,matched,Azul
Azul,2011,Autumn,13,156,macro,historical,Sao Miguel,True,True,matched,Azul
Azul,2012,Winter,12,156,macro,historical,Sao Miguel,True,True,matched,Azul
Azul,2012,Spring,16,156,macro,historical,Sao Miguel,True,True,matched,Azul
Azul,2012,Summer,12,156,macro,historical,Sao Miguel,True,True,matched,Azul
Azul,2012,Autumn,7,156,macro,historical,Sao Miguel,True,True,matched,Azul
Azul,2018,Spring,10,121.0,macro,2018,Sao Miguel,True,True,matched,Azul
Azul,2024,Winter,12,,macro,2024,Sao Miguel,True,True,matched,Azul
Azul,2024,Spring,8,,macro,2024,Sao Miguel,True,True,matched,Azul
Azul,2024,Summer,10,,macro,2024,Sao Miguel,True,True,matched,Azul
Azul,2024,Autumn,7,,macro,2024,Sao Miguel,True,True,matched,Azul
Azul,2025,Winter,12,,macro,2025,Sao Miguel,True,True,matched,Azul
Azul,2025,Spring,9,,macro,2025,Sao Miguel,True,True,matched,Azul
Azul,2025,Summer,8,,macro,2025,Sao Miguel,True,True,matched,Azul
Azul,2025,Autumn,10,,macro,2025,Sao Miguel,True,True,matched,Azul
Azul,2010,Spring,9,127,macrophyte,historical,Sao Miguel,True,True,matched,Azul
Azul,2011,Spring,7,127,macrophyte,historical,Sao Miguel,True,True,matched,Azul
Azul,2012,Summer,10,127,macrophyte,historical,Sao Miguel,True,True,matched,Azul
Azul,2003,Autumn,24,279,phyto,historical,Sao Miguel,True,True,matched,Azul
Azul,2004,Winter,23,279,phyto,historical,Sao Miguel,True,True,matched,Azul
Azul,2004,Spring,28,279,phyto,historical,Sao Miguel,True,True,matched,Azul
Azul,2004,Summer,28,279,phyto,historical,Sao Miguel,True,True,matched,Azul
Azul,2005,Winter,29,279,phyto,historical,Sao Miguel,True,True,matched,Azul
Azul,2005,Spring,32,279,phyto,historical,Sao Miguel,True,True,matched,Azul
Azul,2005,Summer,24,279,phyto,historical,Sao Miguel,True,True,matched,Azul
Azul,2006,Winter,25,279,phyto,historical,Sao Miguel,True,True,matched,Azul
Azul,2006,Spring,20,279,phyto,historical,Sao Miguel,True,True,matched,Azul
Azul,2006,Summer,13,279,phyto,historical,Sao Miguel,True,True,matched,Azul
Azul,2007,Winter,14,279,phyto,historical,Sao Miguel,True,True,matched,Azul
Azul,2008,Winter,22,279,phyto,historical,Sao Miguel,True,True,matched,Azul
Azul,2008,Spring,26,279,phyto,historical,Sao Miguel,True,True,matched,Azul
Azul,2008,Summer,23,279,phyto,historical,Sao Miguel,True,True,matched,Azul
Azul,2008,Autumn,23,279,phyto,historical,Sao Miguel,True,True,matched,Azul
Azul,2009,Winter,17,279,phyto,historical,Sao Miguel,True,True,matched,Azul
Azul,2009,Summer,16,279,phyto,historical,Sao Miguel,True,True,matched,Azul
Azul,2010,Winter,33,279,phyto,historical,Sao Miguel,True,True,matched,Azul
Azul,2010,Spring,20,279,phyto,historical,Sao Miguel,True,True,matched,Azul
Azul,2010,Summer,19,279,phyto,historical,Sao Miguel,True,True,matched,Azul
Azul,2010,Autumn,29,279,phyto,historical,Sao Miguel,True,True,matched,Azul
Azul,2011,Winter,33,279,phyto,historical,Sao Miguel,True,True,matched,Azul
Azul,2011,Spring,32,279,phyto,historical,Sao Miguel,True,True,matched,Azul
Azul,2011,Summer,21,279,phyto,historical,Sao Miguel,True,True,matched,Azul
Azul,2011,Autumn,28,279,phyto,historical,Sao Miguel,True,True,matched,Azul
Azul,2012,Winter,24,279,phyto,historical,Sao Miguel,True,True,matched,Azul
Azul,2012,Spring,29,279,phyto,historical,Sao Miguel,True,True,matched,Azul
Azul,2012,Summer,25,279,phyto,historical,Sao Miguel,True,True,matched,Azul
Azul,2012,Autumn,21,279,phyto,historical,Sao Miguel,True,True,matched,Azul
Azul,2018,Winter,25,,phyto,2018,Sao Miguel,True,True,matched,Azul
Azul,2018,Spring,25,,phyto,2018,Sao Miguel,True,True,matched,Azul
Azul,2018,Summer,26,,phyto,2018,Sao Miguel,True,True,matched,Azul
Azul,2018,Autumn,18,,phyto,2018,Sao Miguel,True,True,matched,Azul
Azul,2024,Winter,21,,phyto,2024,Sao Miguel,True,True,matched,Azul
Azul,2024,Spring,20,,phyto,2024,Sao Miguel,True,True,matched,Azul
Azul,2024,Summer,8,,phyto,2024,Sao Miguel,True,True,matched,Azul
Azul,2024,Autumn,5,,phyto,2024,Sao Miguel,True,True,matched,Azul
Azul,2025,Winter,8,,phyto,2025,Sao Miguel,True,True,matched,Azul
Azul,2025,Spring,6,,phyto,2025,Sao Miguel,True,True,matched,Azul
Azul,2025,Summer,8,,phyto,2025,Sao Miguel,True,True,matched,Azul
Azul,2025,Autumn,9,,phyto,2025,Sao Miguel,True,True,matched,Azul
Azul,2024,Winter,26,,phyto_incl_bacillariophyta,2024,Sao Miguel,True,True,matched,Azul
Azul,2024,Spring,23,,phyto_incl_bacillariophyta,2024,Sao Miguel,True,True,matched,Azul
Azul,2024,Summer,10,,phyto_incl_bacillariophyta,2024,Sao Miguel,True,True,matched,Azul
Azul,2024,Autumn,7,,phyto_incl_bacillariophyta,2024,Sao Miguel,True,True,matched,Azul
Azul,2025,Winter,11,,phyto_incl_bacillariophyta,2025,Sao Miguel,True,True,matched,Azul
Azul,2025,Spring,9,,phyto_incl_bacillariophyta,2025,Sao Miguel,True,True,matched,Azul
Azul,2025,Summer,10,,phyto_incl_bacillariophyta,2025,Sao Miguel,True,True,matched,Azul
Azul,2025,Autumn,9,,phyto_incl_bacillariophyta,2025,Sao Miguel,True,True,matched,Azul
Azul,2011,Summer,9,110,zoo,historical,Sao Miguel,True,True,matched,Azul
Azul,2011,Autumn,19,110,zoo,historical,Sao Miguel,True,True,matched,Azul
Azul,2012,Winter,13,110,zoo,historical,Sao Miguel,True,True,matched,Azul
Azul,2012,Spring,11,110,zoo,historical,Sao Miguel,True,True,matched,Azul
Azul,2025,Spring,5,,zoo,2025,Sao Miguel,True,True,matched,Azul
Canario,2003,Autumn,33,412,diatom,historical,Sao Miguel,True,True,matched,Canário
Canario,2004,Winter,26,412,diatom,historical,Sao Miguel,True,True,matched,Canário
Canario,2004,Spring,27,412,diatom,historical,Sao Miguel,True,True,matched,Canário
Canario,2004,Summer,29,412,diatom,historical,Sao Miguel,True,True,matched,Canário
Canario,2005,Winter,26,412,diatom,historical,Sao Miguel,True,True,matched,Canário
Canario,2005,Summer,23,412,diatom,historical,Sao Miguel,True,True,matched,Canário
Canario,2006,Winter,28,412,diatom,historical,Sao Miguel,True,True,matched,Canário
Canario,2006,Spring,23,412,diatom,historical,Sao Miguel,True,True,matched,Canário
Canario,2006,Summer,26,412,diatom,historical,Sao Miguel,True,True,matched,Canário
Canario,2007,Winter,34,412,diatom,historical,Sao Miguel,True,True,matched,Canário
Canario,2008,Spring,25,412,diatom,historical,Sao Miguel,True,True,matched,Canário
Canario,2008,Autumn,26,412,diatom,historical,Sao Miguel,True,True,matched,Canário
Canario,2009,Winter,28,412,diatom,historical,Sao Miguel,True,True,matched,Canário
Canario,2009,Autumn,25,412,diatom,historical,Sao Miguel,True,True,matched,Canário
Canario,2010,Winter,32,412,diatom,historical,Sao Miguel,True,True,matched,Canário
Canario,2010,Spring,34,412,diatom,historical,Sao Miguel,True,True,matched,Canário
Canario,2010,Summer,35,412,diatom,historical,Sao Miguel,True,True,matched,Canário
Canario,2010,Autumn,25,412,diatom,historical,Sao Miguel,True,True,matched,Canário
Canario,2011,Winter,30,412,diatom,historical,Sao Miguel,True,True,matched,Canário
Canario,2011,Spring,33,412,diatom,historical,Sao Miguel,True,True,matched,Canário
Canario,2011,Summer,32,412,diatom,historical,Sao Miguel,True,True,matched,Canário
Canario,2011,Autumn,41,412,diatom,historical,Sao Miguel,True,True,matched,Canário
Canario,2012,Winter,40,412,diatom,historical,Sao Miguel,True,True,matched,Canário
Canario,2012,Spring,30,412,diatom,historical,Sao Miguel,True,True,matched,Canário
Canario,2012,Summer,27,412,diatom,historical,Sao Miguel,True,True,matched,Canário
Canario,2012,Autumn,25,412,diatom,historical,Sao Miguel,True,True,matched,Canário
Canario,2015,Autumn,32,,diatom,2015,Sao Miguel,True,True,matched,Canário
Canario,2016,Winter,27,,diatom,2016,Sao Miguel,True,True,matched,Canário
Canario,2016,Spring,29,,diatom,2016,Sao Miguel,True,True,matched,Canário
Canario,2016,Autumn,27,,diatom,2016,Sao Miguel,True,True,matched,Canário
Canario,2016,Autumn,34,,diatom,2016,Sao Miguel,True,True,matched,Canário
Canario,2017,Autumn,24,,diatom,2017_2018,Sao Miguel,True,True,matched,Canário
Canario,2018,Winter,21,,diatom,2017_2018,Sao Miguel,True,True,matched,Canário
Canario,2018,Spring,30,,diatom,2017_2018,Sao Miguel,True,True,matched,Canário
Canario,2018,Summer,20,,diatom,2017_2018,Sao Miguel,True,True,matched,Canário
Canario,2024,Winter,37,,diatom,2024,Sao Miguel,True,True,matched,Canário
Canario,2024,Spring,14,,diatom,2024,Sao Miguel,True,True,matched,Canário
Canario,2024,Summer,26,,diatom,2024,Sao Miguel,True,True,matched,Canário
Canario,2024,Autumn,24,,diatom,2024,Sao Miguel,True,True,matched,Canário
Canario,2025,Winter,31,,diatom,2025,Sao Miguel,True,True,matched,Canário
Canario,2025,Spring,43,,diatom,2025,Sao Miguel,True,True,matched,Canário
Canario,2025,Summer,28,,diatom,2025,Sao Miguel,True,True,matched,Canário
Canario,2025,Autumn,36,,diatom,2025,Sao Miguel,True,True,matched,Canário
Canario,2003,Autumn,4,156,macro,historical,Sao Miguel,True,True,matched,Canário
Canario,2004,Winter,4,156,macro,historical,Sao Miguel,True,True,matched,Canário
Canario,2004,Spring,2,156,macro,historical,Sao Miguel,True,True,matched,Canário
Canario,2004,Summer,2,156,macro,historical,Sao Miguel,True,True,matched,Canário
Canario,2005,Winter,6,156,macro,historical,Sao Miguel,True,True,matched,Canário
Canario,2005,Spring,8,156,macro,historical,Sao Miguel,True,True,matched,Canário
Canario,2005,Summer,7,156,macro,historical,Sao Miguel,True,True,matched,Canário
Canario,2006,Winter,7,156,macro,historical,Sao Miguel,True,True,matched,Canário
Canario,2006,Spring,4,156,macro,historical,Sao Miguel,True,True,matched,Canário
Canario,2006,Summer,6,156,macro,historical,Sao Miguel,True,True,matched,Canário
Canario,2008,Spring,3,156,macro,historical,Sao Miguel,True,True,matched,Canário
Canario,2008,Summer,9,156,macro,historical,Sao Miguel,True,True,matched,Canário
Canario,2008,Autumn,7,156,macro,historical,Sao Miguel,True,True,matched,Canário
Canario,2009,Winter,9,156,macro,historical,Sao Miguel,True,True,matched,Canário
Canario,2009,Summer,6,156,macro,historical,Sao Miguel,True,True,matched,Canário
Canario,2010,Winter,4,156,macro,historical,Sao Miguel,True,True,matched,Canário
Canario,2010,Spring,2,156,macro,historical,Sao Miguel,True,True,matched,Canário
Canario,2010,Summer,4,156,macro,historical,Sao Miguel,True,True,matched,Canário
Canario,2010,Autumn,6,156,macro,historical,Sao Miguel,True,True,matched,Canário
Canario,2011,Winter,9,156,macro,historical,Sao Miguel,True,True,matched,Canário
Canario,2011,Spring,3,156,macro,historical,Sao Miguel,True,True,matched,Canário
Canario,2011,Summer,3,156,macro,historical,Sao Miguel,True,True,matched,Canário
Canario,2011,Autumn,4,156,macro,historical,Sao Miguel,True,True,matched,Canário
Canario,2012,Spring,3,156,macro,historical,Sao Miguel,True,True,matched,Canário
Canario,2012,Summer,7,156,macro,historical,Sao Miguel,True,True,matched,Canário
Canario,2012,Autumn,3,156,macro,historical,Sao Miguel,True,True,matched,Canário
Canario,2018,Spring,7,121.0,macro,2018,Sao Miguel,True,True,matched,Canário
Canario,2024,Winter,3,,macro,2024,Sao Miguel,True,True,matched,Canário
Canario,2024,Spring,2,,macro,2024,Sao Miguel,True,True,matched,Canário
Canario,2024,Summer,7,,macro,2024,Sao Miguel,True,True,matched,Canário
Canario,2024,Autumn,4,,macro,2024,Sao Miguel,True,True,matched,Canário
Canario,2025,Winter,5,,macro,2025,Sao Miguel,True,True,matched,Canário
Canario,2025,Spring,5,,macro,2025,Sao Miguel,True,True,matched,Canário
Canario,2025,Summer,4,,macro,2025,Sao Miguel,True,True,matched,Canário
Canario,2025,Autumn,5,,macro,2025,Sao Miguel,True,True,matched,Canário
Canario,2008,Spring,3,127,macrophyte,historical,Sao Miguel,True,True,matched,Canário
Canario,2010,Spring,5,127,macrophyte,historical,Sao Miguel,True,True,matched,Canário
Canario,2011,Spring,10,127,macrophyte,historical,Sao Miguel,True,True,matched,Canário
Canario,2012,Summer,12,127,macrophyte,historical,Sao Miguel,True,True,matched,Canário
Canario,2003,Autumn,27,279,phyto,historical,Sao Miguel,True,True,matched,Canário
Canario,2004,Winter,27,279,phyto,historical,Sao Miguel,True,True,matched,Canário
Canario,2004,Spring,26,279,phyto,historical,Sao Miguel,True,True,matched,Canário
Canario,2004,Summer,29,279,phyto,historical,Sao Miguel,True,True,matched,Canário
Canario,2005,Winter,33,279,phyto,historical,Sao Miguel,True,True,matched,Canário
Canario,2005,Summer,37,279,phyto,historical,Sao Miguel,True,True,matched,Canário
Canario,2006,Winter,37,279,phyto,historical,Sao Miguel,True,True,matched,Canário
Canario,2006,Spring,21,279,phyto,historical,Sao Miguel,True,True,matched,Canário
Canario,2006,Summer,22,279,phyto,historical,Sao Miguel,True,True,matched,Canário
Canario,2007,Winter,24,279,phyto,historical,Sao Miguel,True,True,matched,Canário
Canario,2008,Spring,34,279,phyto,historical,Sao Miguel,True,True,matched,Canário
Canario,2008,Summer,32,279,phyto,historical,Sao Miguel,True,True,matched,Canário
Canario,2008,Autumn,30,279,phyto,historical,Sao Miguel,True,True,matched,Canário
Canario,2009,Winter,25,279,phyto,historical,Sao Miguel,True,True,matched,Canário
Canario,2009,Summer,34,279,phyto,historical,Sao Miguel,True,True,matched,Canário
Canario,2010,Winter,27,279,phyto,historical,Sao Miguel,True,True,matched,Canário
Canario,2010,Spring,24,279,phyto,historical,Sao Miguel,True,True,matched,Canário
Canario,2010,Summer,27,279,phyto,historical,Sao Miguel,True,True,matched,Canário
Canario,2010,Autumn,23,279,phyto,historical,Sao Miguel,True,True,matched,Canário
Canario,2011,Winter,22,279,phyto,historical,Sao Miguel,True,True,matched,Canário
Canario,2011,Spring,30,279,phyto,historical,Sao Miguel,True,True,matched,Canário
Canario,2011,Summer,27,279,phyto,historical,Sao Miguel,True,True,matched,Canário
Canario,2011,Autumn,21,279,phyto,historical,Sao Miguel,True,True,matched,Canário
Canario,2012,Winter,27,279,phyto,historical,Sao Miguel,True,True,matched,Canário
Canario,2012,Spring,27,279,phyto,historical,Sao Miguel,True,True,matched,Canário
Canario,2012,Summer,27,279,phyto,historical,Sao Miguel,True,True,matched,Canário
Canario,2012,Autumn,24,279,phyto,historical,Sao Miguel,True,True,matched,Canário
Canario,2018,Winter,14,,phyto,2018,Sao Miguel,True,True,matched,Canário
Canario,2018,Spring,17,,phyto,2018,Sao Miguel,True,True,matched,Canário
Canario,2018,Summer,14,,phyto,2018,Sao Miguel,True,True,matched,Canário
Canario,2018,Autumn,17,,phyto,2018,Sao Miguel,True,True,matched,Canário
Canario,2024,Winter,10,,phyto,2024,Sao Miguel,True,True,matched,Canário
Canario,2024,Spring,14,,phyto,2024,Sao Miguel,True,True,matched,Canário
Canario,2024,Summer,8,,phyto,2024,Sao Miguel,True,True,matched,Canário
Canario,2024,Autumn,5,,phyto,2024,Sao Miguel,True,True,matched,Canário
Canario,2025,Winter,5,,phyto,2025,Sao Miguel,True,True,matched,Canário
Canario,2025,Spring,8,,phyto,2025,Sao Miguel,True,True,matched,Canário
Canario,2025,Summer,9,,phyto,2025,Sao Miguel,True,True,matched,Canário
Canario,2025,Autumn,4,,phyto,2025,Sao Miguel,True,True,matched,Canário
Canario,2024,Winter,12,,phyto_incl_bacillariophyta,2024,Sao Miguel,True,True,matched,Canário
Canario,2024,Spring,15,,phyto_incl_bacillariophyta,2024,Sao Miguel,True,True,matched,Canário
Canario,2024,Summer,9,,phyto_incl_bacillariophyta,2024,Sao Miguel,True,True,matched,Canário
Canario,2024,Autumn,6,,phyto_incl_bacillariophyta,2024,Sao Miguel,True,True,matched,Canário
Canario,2025,Winter,8,,phyto_incl_bacillariophyta,2025,Sao Miguel,True,True,matched,Canário
Canario,2025,Spring,10,,phyto_incl_bacillariophyta,2025,Sao Miguel,True,True,matched,Canário
Canario,2025,Summer,11,,phyto_incl_bacillariophyta,2025,Sao Miguel,True,True,matched,Canário
Canario,2025,Autumn,6,,phyto_incl_bacillariophyta,2025,Sao Miguel,True,True,matched,Canário
Canario,2011,Summer,9,110,zoo,historical,Sao Miguel,True,True,matched,Canário
Canario,2025,Spring,4,,zoo,2025,Sao Miguel,True,True,matched,Canário
Congro,2003,Autumn,20,412,diatom,historical,Sao Miguel,True,True,matched,Congro
Congro,2004,Winter,32,412,diatom,historical,Sao Miguel,True,True,matched,Congro
Congro,2004,Summer,17,412,diatom,historical,Sao Miguel,True,True,matched,Congro
Congro,2005,Winter,15,412,diatom,historical,Sao Miguel,True,True,matched,Congro
Congro,2005,Summer,22,412,diatom,historical,Sao Miguel,True,True,matched,Congro
Congro,2006,Winter,19,412,diatom,historical,Sao Miguel,True,True,matched,Congro
Congro,2006,Spring,18,412,diatom,historical,Sao Miguel,True,True,matched,Congro
Congro,2006,Summer,27,412,diatom,historical,Sao Miguel,True,True,matched,Congro
Congro,2008,Spring,16,412,diatom,historical,Sao Miguel,True,True,matched,Congro
Congro,2008,Summer,17,412,diatom,historical,Sao Miguel,True,True,matched,Congro
Congro,2008,Autumn,17,412,diatom,historical,Sao Miguel,True,True,matched,Congro
Congro,2009,Winter,22,412,diatom,historical,Sao Miguel,True,True,matched,Congro
Congro,2009,Autumn,17,412,diatom,historical,Sao Miguel,True,True,matched,Congro
Congro,2010,Winter,18,412,diatom,historical,Sao Miguel,True,True,matched,Congro
Congro,2010,Spring,32,412,diatom,historical,Sao Miguel,True,True,matched,Congro
Congro,2010,Summer,26,412,diatom,historical,Sao Miguel,True,True,matched,Congro
Congro,2010,Autumn,25,412,diatom,historical,Sao Miguel,True,True,matched,Congro
Congro,2011,Spring,30,412,diatom,historical,Sao Miguel,True,True,matched,Congro
Congro,2011,Summer,32,412,diatom,historical,Sao Miguel,True,True,matched,Congro
Congro,2011,Autumn,29,412,diatom,historical,Sao Miguel,True,True,matched,Congro
Congro,2012,Winter,21,412,diatom,historical,Sao Miguel,True,True,matched,Congro
Congro,2012,Spring,31,412,diatom,historical,Sao Miguel,True,True,matched,Congro
Congro,2012,Summer,28,412,diatom,historical,Sao Miguel,True,True,matched,Congro
Congro,2012,Autumn,21,412,diatom,historical,Sao Miguel,True,True,matched,Congro
Congro,2015,Autumn,27,,diatom,2015,Sao Miguel,True,True,matched,Congro
Congro,2016,Spring,29,,diatom,2016,Sao Miguel,True,True,matched,Congro
Congro,2016,Autumn,33,,diatom,2016,Sao Miguel,True,True,matched,Congro
Congro,2016,Autumn,30,,diatom,2016,Sao Miguel,True,True,matched,Congro
Congro,2017,Autumn,25,,diatom,2017_2018,Sao Miguel,True,True,matched,Congro
Congro,2018,Winter,16,,diatom,2017_2018,Sao Miguel,True,True,matched,Congro
Congro,2018,Spring,17,,diatom,2017_2018,Sao Miguel,True,True,matched,Congro
Congro,2018,Summer,16,,diatom,2017_2018,Sao Miguel,True,True,matched,Congro
Congro,2024,Winter,19,,diatom,2024,Sao Miguel,True,True,matched,Congro
Congro,2024,Spring,34,,diatom,2024,Sao Miguel,True,True,matched,Congro
Congro,2024,Summer,23,,diatom,2024,Sao Miguel,True,True,matched,Congro
Congro,2024,Autumn,32,,diatom,2024,Sao Miguel,True,True,matched,Congro
Congro,2025,Winter,28,,diatom,2025,Sao Miguel,True,True,matched,Congro
Congro,2025,Spring,23,,diatom,2025,Sao Miguel,True,True,matched,Congro
Congro,2025,Summer,27,,diatom,2025,Sao Miguel,True,True,matched,Congro
Congro,2025,Autumn,27,,diatom,2025,Sao Miguel,True,True,matched,Congro
Congro,2003,Autumn,2,156,macro,historical,Sao Miguel,True,True,matched,Congro
Congro,2004,Winter,3,156,macro,historical,Sao Miguel,True,True,matched,Congro
Congro,2004,Summer,4,156,macro,historical,Sao Miguel,True,True,matched,Congro
Congro,2005,Winter,2,156,macro,historical,Sao Miguel,True,True,matched,Congro
Congro,2005,Summer,2,156,macro,historical,Sao Miguel,True,True,matched,Congro
Congro,2006,Spring,4,156,macro,historical,Sao Miguel,True,True,matched,Congro
Congro,2006,Summer,2,156,macro,historical,Sao Miguel,True,True,matched,Congro
Congro,2008,Spring,8,156,macro,historical,Sao Miguel,True,True,matched,Congro
Congro,2008,Autumn,11,156,macro,historical,Sao Miguel,True,True,matched,Congro
Congro,2009,Winter,11,156,macro,historical,Sao Miguel,True,True,matched,Congro
Congro,2009,Summer,6,156,macro,historical,Sao Miguel,True,True,matched,Congro
Congro,2010,Winter,4,156,macro,historical,Sao Miguel,True,True,matched,Congro
Congro,2010,Spring,4,156,macro,historical,Sao Miguel,True,True,matched,Congro
Congro,2010,Summer,4,156,macro,historical,Sao Miguel,True,True,matched,Congro
Congro,2010,Autumn,9,156,macro,historical,Sao Miguel,True,True,matched,Congro
Congro,2011,Winter,5,156,macro,historical,Sao Miguel,True,True,matched,Congro
Congro,2011,Spring,8,156,macro,historical,Sao Miguel,True,True,matched,Congro
Congro,2011,Summer,9,156,macro,historical,Sao Miguel,True,True,matched,Congro
Congro,2011,Autumn,7,156,macro,historical,Sao Miguel,True,True,matched,Congro
Congro,2012,Winter,9,156,macro,historical,Sao Miguel,True,True,matched,Congro
Congro,2012,Spring,13,156,macro,historical,Sao Miguel,True,True,matched,Congro
Congro,2012,Summer,10,156,macro,historical,Sao Miguel,True,True,matched,Congro
Congro,2012,Autumn,8,156,macro,historical,Sao Miguel,True,True,matched,Congro
Congro,2018,Spring,5,121.0,macro,2018,Sao Miguel,True,True,matched,Congro
Congro,2024,Winter,6,,macro,2024,Sao Miguel,True,True,matched,Congro
Congro,2024,Spring,5,,macro,2024,Sao Miguel,True,True,matched,Congro
Congro,2024,Summer,3,,macro,2024,Sao Miguel,True,True,matched,Congro
Congro,2024,Autumn,0,,macro,2024,Sao Miguel,True,True,matched,Congro
Congro,2025,Winter,4,,macro,2025,Sao Miguel,True,True,matched,Congro
Congro,2025,Spring,4,,macro,2025,Sao Miguel,True,True,matched,Congro
Congro,2025,Summer,6,,macro,2025,Sao Miguel,True,True,matched,Congro
Congro,2025,Autumn,3,,macro,2025,Sao Miguel,True,True,matched,Congro
Congro,2011,Spring,6,127,macrophyte,historical,Sao Miguel,True,True,matched,Congro
Congro,2012,Summer,6,127,macrophyte,historical,Sao Miguel,True,True,matched,Congro
Congro,2003,Autumn,27,279,phyto,historical,Sao Miguel,True,True,matched,Congro
Congro,2004,Winter,19,279,phyto,historical,Sao Miguel,True,True,matched,Congro
Congro,2004,Spring,23,279,phyto,historical,Sao Miguel,True,True,matched,Congro
Congro,2004,Summer,23,279,phyto,historical,Sao Miguel,True,True,matched,Congro
Congro,2005,Winter,23,279,phyto,historical,Sao Miguel,True,True,matched,Congro
Congro,2005,Summer,17,279,phyto,historical,Sao Miguel,True,True,matched,Congro
Congro,2006,Winter,27,279,phyto,historical,Sao Miguel,True,True,matched,Congro
Congro,2006,Spring,13,279,phyto,historical,Sao Miguel,True,True,matched,Congro
Congro,2006,Summer,18,279,phyto,historical,Sao Miguel,True,True,matched,Congro
Congro,2007,Winter,19,279,phyto,historical,Sao Miguel,True,True,matched,Congro
Congro,2008,Spring,29,279,phyto,historical,Sao Miguel,True,True,matched,Congro
Congro,2008,Summer,17,279,phyto,historical,Sao Miguel,True,True,matched,Congro
Congro,2008,Autumn,24,279,phyto,historical,Sao Miguel,True,True,matched,Congro
Congro,2009,Winter,20,279,phyto,historical,Sao Miguel,True,True,matched,Congro
Congro,2009,Summer,24,279,phyto,historical,Sao Miguel,True,True,matched,Congro
Congro,2010,Winter,21,279,phyto,historical,Sao Miguel,True,True,matched,Congro
Congro,2010,Spring,26,279,phyto,historical,Sao Miguel,True,True,matched,Congro
Congro,2010,Summer,21,279,phyto,historical,Sao Miguel,True,True,matched,Congro
Congro,2010,Autumn,27,279,phyto,historical,Sao Miguel,True,True,matched,Congro
Congro,2011,Winter,22,279,phyto,historical,Sao Miguel,True,True,matched,Congro
Congro,2011,Spring,9,279,phyto,historical,Sao Miguel,True,True,matched,Congro
Congro,2011,Summer,16,279,phyto,historical,Sao Miguel,True,True,matched,Congro
Congro,2011,Autumn,18,279,phyto,historical,Sao Miguel,True,True,matched,Congro
Congro,2012,Winter,15,279,phyto,historical,Sao Miguel,True,True,matched,Congro
Congro,2012,Spring,17,279,phyto,historical,Sao Miguel,True,True,matched,Congro
Congro,2012,Summer,19,279,phyto,historical,Sao Miguel,True,True,matched,Congro
Congro,2012,Autumn,25,279,phyto,historical,Sao Miguel,True,True,matched,Congro
Congro,2018,Winter,23,,phyto,2018,Sao Miguel,True,True,matched,Congro
Congro,2018,Spring,15,,phyto,2018,Sao Miguel,True,True,matched,Congro
Congro,2018,Summer,18,,phyto,2018,Sao Miguel,True,True,matched,Congro
Congro,2018,Autumn,23,,phyto,2018,Sao Miguel,True,True,matched,Congro
Congro,2024,Winter,12,,phyto,2024,Sao Miguel,True,True,matched,Congro
Congro,2024,Spring,18,,phyto,2024,Sao Miguel,True,True,matched,Congro
Congro,2024,Summer,9,,phyto,2024,Sao Miguel,True,True,matched,Congro
Congro,2024,Autumn,8,,phyto,2024,Sao Miguel,True,True,matched,Congro
Congro,2025,Winter,7,,phyto,2025,Sao Miguel,True,True,matched,Congro
Congro,2025,Spring,7,,phyto,2025,Sao Miguel,True,True,matched,Congro
Congro,2025,Summer,9,,phyto,2025,Sao Miguel,True,True,matched,Congro
Congro,2025,Autumn,6,,phyto,2025,Sao Miguel,True,True,matched,Congro
Congro,2024,Winter,16,,phyto_incl_bacillariophyta,2024,Sao Miguel,True,True,matched,Congro
Congro,2024,Spring,23,,phyto_incl_bacillariophyta,2024,Sao Miguel,True,True,matched,Congro
Congro,2024,Summer,11,,phyto_incl_bacillariophyta,2024,Sao Miguel,True,True,matched,Congro
Congro,2024,Autumn,10,,phyto_incl_bacillariophyta,2024,Sao Miguel,True,True,matched,Congro
Congro,2025,Winter,11,,phyto_incl_bacillariophyta,2025,Sao Miguel,True,True,matched,Congro
Congro,2025,Spring,8,,phyto_incl_bacillariophyta,2025,Sao Miguel,True,True,matched,Congro
Congro,2025,Summer,11,,phyto_incl_bacillariophyta,2025,Sao Miguel,True,True,matched,Congro
Congro,2025,Autumn,6,,phyto_incl_bacillariophyta,2025,Sao Miguel,True,True,matched,Congro
Congro,2011,Summer,5,110,zoo,historical,Sao Miguel,True,True,matched,Congro
Congro,2011,Autumn,11,110,zoo,historical,Sao Miguel,True,True,matched,Congro
Congro,2012,Winter,8,110,zoo,historical,Sao Miguel,True,True,matched,Congro
Congro,2012,Spring,12,110,zoo,historical,Sao Miguel,True,True,matched,Congro
Congro,2025,Spring,6,,zoo,2025,Sao Miguel,True,True,matched,Congro
Empadadas Norte,2003,Autumn,42,412,diatom,historical,Sao Miguel,True,True,matched,Empadadas Norte
Empadadas Norte,2004,Winter,36,412,diatom,historical,Sao Miguel,True,True,matched,Empadadas Norte
Empadadas Norte,2004,Summer,37,412,diatom,historical,Sao Miguel,True,True,matched,Empadadas Norte
Empadadas Norte,2005,Winter,38,412,diatom,historical,Sao Miguel,True,True,matched,Empadadas Norte
Empadadas Norte,2005,Summer,38,412,diatom,historical,Sao Miguel,True,True,matched,Empadadas Norte
Empadadas Norte,2006,Spring,28,412,diatom,historical,Sao Miguel,True,True,matched,Empadadas Norte
Empadadas Norte,2006,Summer,40,412,diatom,historical,Sao Miguel,True,True,matched,Empadadas Norte
Empadadas Norte,2007,Winter,45,412,diatom,historical,Sao Miguel,True,True,matched,Empadadas Norte
Empadadas Norte,2008,Winter,37,412,diatom,historical,Sao Miguel,True,True,matched,Empadadas Norte
Empadadas Norte,2008,Spring,39,412,diatom,historical,Sao Miguel,True,True,matched,Empadadas Norte
Empadadas Norte,2008,Autumn,38,412,diatom,historical,Sao Miguel,True,True,matched,Empadadas Norte
Empadadas Norte,2009,Winter,42,412,diatom,historical,Sao Miguel,True,True,matched,Empadadas Norte
Empadadas Norte,2009,Autumn,10,412,diatom,historical,Sao Miguel,True,True,matched,Empadadas Norte
Empadadas Norte,2010,Winter,21,412,diatom,historical,Sao Miguel,True,True,matched,Empadadas Norte
Empadadas Norte,2010,Summer,41,412,diatom,historical,Sao Miguel,True,True,matched,Empadadas Norte
Empadadas Norte,2010,Autumn,36,412,diatom,historical,Sao Miguel,True,True,matched,Empadadas Norte
Empadadas Norte,2011,Winter,43,412,diatom,historical,Sao Miguel,True,True,matched,Empadadas Norte
Empadadas Norte,2011,Spring,29,412,diatom,historical,Sao Miguel,True,True,matched,Empadadas Norte
Empadadas Norte,2011,Summer,39,412,diatom,historical,Sao Miguel,True,True,matched,Empadadas Norte
Empadadas Norte,2011,Autumn,41,412,diatom,historical,Sao Miguel,True,True,matched,Empadadas Norte
Empadadas Norte,2012,Winter,34,412,diatom,historical,Sao Miguel,True,True,matched,Empadadas Norte
Empadadas Norte,2012,Spring,44,412,diatom,historical,Sao Miguel,True,True,matched,Empadadas Norte
Empadadas Norte,2012,Summer,38,412,diatom,historical,Sao Miguel,True,True,matched,Empadadas Norte
Empadadas Norte,2012,Autumn,35,412,diatom,historical,Sao Miguel,True,True,matched,Empadadas Norte
Empadadas Norte,2015,Autumn,31,,diatom,2015,Sao Miguel,True,True,matched,Empadadas Norte
Empadadas Norte,2016,Winter,32,,diatom,2016,Sao Miguel,True,True,matched,Empadadas Norte
Empadadas Norte,2016,Spring,35,,diatom,2016,Sao Miguel,True,True,matched,Empadadas Norte
Empadadas Norte,2016,Autumn,21,,diatom,2016,Sao Miguel,True,True,matched,Empadadas Norte
Empadadas Norte,2016,Autumn,27,,diatom,2016,Sao Miguel,True,True,matched,Empadadas Norte
Empadadas Norte,2017,Autumn,26,,diatom,2017_2018,Sao Miguel,True,True,matched,Empadadas Norte
Empadadas Norte,2018,Winter,26,,diatom,2017_2018,Sao Miguel,True,True,matched,Empadadas Norte
Empadadas Norte,2018,Spring,25,,diatom,2017_2018,Sao Miguel,True,True,matched,Empadadas Norte
Empadadas Norte,2018,Summer,16,,diatom,2017_2018,Sao Miguel,True,True,matched,Empadadas Norte
Empadadas Norte,2024,Winter,41,,diatom,2024,Sao Miguel,True,True,matched,Empadadas Norte
Empadadas Norte,2024,Spring,20,,diatom,2024,Sao Miguel,True,True,matched,Empadadas Norte
Empadadas Norte,2024,Summer,31,,diatom,2024,Sao Miguel,True,True,matched,Empadadas Norte
Empadadas Norte,2024,Autumn,33,,diatom,2024,Sao Miguel,True,True,matched,Empadadas Norte
Empadadas Norte,2025,Winter,25,,diatom,2025,Sao Miguel,True,True,matched,Empadadas Norte
Empadadas Norte,2025,Spring,30,,diatom,2025,Sao Miguel,True,True,matched,Empadadas Norte
Empadadas Norte,2025,Summer,24,,diatom,2025,Sao Miguel,True,True,matched,Empadadas Norte
Empadadas Norte,2025,Autumn,21,,diatom,2025,Sao Miguel,True,True,matched,Empadadas Norte
Empadadas Norte,2003,Autumn,1,156,macro,historical,Sao Miguel,True,True,matched,Empadadas Norte
Empadadas Norte,2004,Winter,9,156,macro,historical,Sao Miguel,True,True,matched,Empadadas Norte
Empadadas Norte,2004,Spring,6,156,macro,historical,Sao Miguel,True,True,matched,Empadadas Norte
Empadadas Norte,2004,Summer,8,156,macro,historical,Sao Miguel,True,True,matched,Empadadas Norte
Empadadas Norte,2005,Winter,4,156,macro,historical,Sao Miguel,True,True,matched,Empadadas Norte
Empadadas Norte,2005,Summer,5,156,macro,historical,Sao Miguel,True,True,matched,Empadadas Norte
Empadadas Norte,2006,Winter,4,156,macro,historical,Sao Miguel,True,True,matched,Empadadas Norte
Empadadas Norte,2006,Spring,6,156,macro,historical,Sao Miguel,True,True,matched,Empadadas Norte
Empadadas Norte,2008,Winter,4,156,macro,historical,Sao Miguel,True,True,matched,Empadadas Norte
Empadadas Norte,2008,Spring,7,156,macro,historical,Sao Miguel,True,True,matched,Empadadas Norte
Empadadas Norte,2008,Summer,10,156,macro,historical,Sao Miguel,True,True,matched,Empadadas Norte
Empadadas Norte,2008,Autumn,4,156,macro,historical,Sao Miguel,True,True,matched,Empadadas Norte
Empadadas Norte,2009,Winter,4,156,macro,historical,Sao Miguel,True,True,matched,Empadadas Norte
Empadadas Norte,2009,Summer,1,156,macro,historical,Sao Miguel,True,True,matched,Empadadas Norte
Empadadas Norte,2010,Winter,2,156,macro,historical,Sao Miguel,True,True,matched,Empadadas Norte
Empadadas Norte,2010,Spring,2,156,macro,historical,Sao Miguel,True,True,matched,Empadadas Norte
Empadadas Norte,2010,Summer,1,156,macro,historical,Sao Miguel,True,True,matched,Empadadas Norte
Empadadas Norte,2010,Autumn,2,156,macro,historical,Sao Miguel,True,True,matched,Empadadas Norte
Empadadas Norte,2011,Winter,3,156,macro,historical,Sao Miguel,True,True,matched,Empadadas Norte
Empadadas Norte,2011,Spring,4,156,macro,historical,Sao Miguel,True,True,matched,Empadadas Norte
Empadadas Norte,2011,Summer,2,156,macro,historical,Sao Miguel,True,True,matched,Empadadas Norte
Empadadas Norte,2011,Autumn,2,156,macro,historical,Sao Miguel,True,True,matched,Empadadas Norte
Empadadas Norte,2012,Winter,2,156,macro,historical,Sao Miguel,True,True,matched,Empadadas Norte
Empadadas Norte,2012,Spring,7,156,macro,historical,Sao Miguel,True,True,matched,Empadadas Norte
Empadadas Norte,2012,Summer,2,156,macro,historical,Sao Miguel,True,True,matched,Empadadas Norte
Empadadas Norte,2012,Autumn,3,156,macro,historical,Sao Miguel,True,True,matched,Empadadas Norte
Empadadas Norte,2018,Spring,10,121.0,macro,2018,Sao Miguel,True,True,matched,Empadadas Norte
Empadadas Norte,2024,Winter,7,,macro,2024,Sao Miguel,True,True,matched,Empadadas Norte
Empadadas Norte,2024,Spring,15,,macro,2024,Sao Miguel,True,True,matched,Empadadas Norte
Empadadas Norte,2024,Summer,9,,macro,2024,Sao Miguel,True,True,matched,Empadadas Norte
Empadadas Norte,2024,Autumn,9,,macro,2024,Sao Miguel,True,True,matched,Empadadas Norte
Empadadas Norte,2025,Winter,7,,macro,2025,Sao Miguel,True,True,matched,Empadadas Norte
Empadadas Norte,2025,Spring,9,,macro,2025,Sao Miguel,True,True,matched,Empadadas Norte
Empadadas Norte,2025,Summer,9,,macro,2025,Sao Miguel,True,True,matched,Empadadas Norte
Empadadas Norte,2025,Autumn,11,,macro,2025,Sao Miguel,True,True,matched,Empadadas Norte
Empadadas Norte,2008,Spring,5,127,macrophyte,historical,Sao Miguel,True,True,matched,Empadadas Norte
Empadadas Norte,2010,Spring,3,127,macrophyte,historical,Sao Miguel,True,True,matched,Empadadas Norte
Empadadas Norte,2011,Spring,5,127,macrophyte,historical,Sao Miguel,True,True,matched,Empadadas Norte
Empadadas Norte,2012,Summer,6,127,macrophyte,historical,Sao Miguel,True,True,matched,Empadadas Norte
Empadadas Norte,2003,Autumn,30,279,phyto,historical,Sao Miguel,True,True,matched,Empadadas Norte
Empadadas Norte,2004,Winter,24,279,phyto,historical,Sao Miguel,True,True,matched,Empadadas Norte
Empadadas Norte,2004,Spring,24,279,phyto,historical,Sao Miguel,True,True,matched,Empadadas Norte
Empadadas Norte,2004,Summer,26,279,phyto,historical,Sao Miguel,True,True,matched,Empadadas Norte
Empadadas Norte,2005,Winter,31,279,phyto,historical,Sao Miguel,True,True,matched,Empadadas Norte
Empadadas Norte,2005,Summer,22,279,phyto,historical,Sao Miguel,True,True,matched,Empadadas Norte
Empadadas Norte,2006,Winter,25,279,phyto,historical,Sao Miguel,True,True,matched,Empadadas Norte
Empadadas Norte,2006,Spring,19,279,phyto,historical,Sao Miguel,True,True,matched,Empadadas Norte
Empadadas Norte,2007,Winter,17,279,phyto,historical,Sao Miguel,True,True,matched,Empadadas Norte
Empadadas Norte,2008,Winter,24,279,phyto,historical,Sao Miguel,True,True,matched,Empadadas Norte
Empadadas Norte,2008,Spring,29,279,phyto,historical,Sao Miguel,True,True,matched,Empadadas Norte
Empadadas Norte,2008,Summer,31,279,phyto,historical,Sao Miguel,True,True,matched,Empadadas Norte
Empadadas Norte,2008,Autumn,30,279,phyto,historical,Sao Miguel,True,True,matched,Empadadas Norte
Empadadas Norte,2009,Winter,25,279,phyto,historical,Sao Miguel,True,True,matched,Empadadas Norte
Empadadas Norte,2009,Summer,24,279,phyto,historical,Sao Miguel,True,True,matched,Empadadas Norte
Empadadas Norte,2010,Winter,29,279,phyto,historical,Sao Miguel,True,True,matched,Empadadas Norte
Empadadas Norte,2010,Spring,23,279,phyto,historical,Sao Miguel,True,True,matched,Empadadas Norte
Empadadas Norte,2010,Summer,23,279,phyto,historical,Sao Miguel,True,True,matched,Empadadas Norte
Empadadas Norte,2010,Autumn,22,279,phyto,historical,Sao Miguel,True,True,matched,Empadadas Norte
Empadadas Norte,2011,Winter,22,279,phyto,historical,Sao Miguel,True,True,matched,Empadadas Norte
Empadadas Norte,2011,Spring,25,279,phyto,historical,Sao Miguel,True,True,matched,Empadadas Norte
Empadadas Norte,2011,Summer,24,279,phyto,historical,Sao Miguel,True,True,matched,Empadadas Norte
Empadadas Norte,2011,Autumn,18,279,phyto,historical,Sao Miguel,True,True,matched,Empadadas Norte
Empadadas Norte,2012,Winter,24,279,phyto,historical,Sao Miguel,True,True,matched,Empadadas Norte
Empadadas Norte,2012,Spring,25,279,phyto,historical,Sao Miguel,True,True,matched,Empadadas Norte
Empadadas Norte,2012,Summer,26,279,phyto,historical,Sao Miguel,True,True,matched,Empadadas Norte
Empadadas Norte,2012,Autumn,29,279,phyto,historical,Sao Miguel,True,True,matched,Empadadas Norte
Empadadas Norte,2018,Winter,27,,phyto,2018,Sao Miguel,True,True,matched,Empadadas Norte
Empadadas Norte,2018,Spring,25,,phyto,2018,Sao Miguel,True,True,matched,Empadadas Norte
Empadadas Norte,2018,Summer,16,,phyto,2018,Sao Miguel,True,True,matched,Empadadas Norte
Empadadas Norte,2018,Autumn,17,,phyto,2018,Sao Miguel,True,True,matched,Empadadas Norte
Empadadas Norte,2024,Winter,16,,phyto,2024,Sao Miguel,True,True,matched,Empadadas Norte
Empadadas Norte,2024,Spring,19,,phyto,2024,Sao Miguel,True,True,matched,Empadadas Norte
Empadadas Norte,2024,Summer,10,,phyto,2024,Sao Miguel,True,True,matched,Empadadas Norte
Empadadas Norte,2024,Autumn,13,,phyto,2024,Sao Miguel,True,True,matched,Empadadas Norte
Empadadas Norte,2025,Winter,11,,phyto,2025,Sao Miguel,True,True,matched,Empadadas Norte
Empadadas Norte,2025,Spring,7,,phyto,2025,Sao Miguel,True,True,matched,Empadadas Norte
Empadadas Norte,2025,Summer,9,,phyto,2025,Sao Miguel,True,True,matched,Empadadas Norte
Empadadas Norte,2025,Autumn,9,,phyto,2025,Sao Miguel,True,True,matched,Empadadas Norte
Empadadas Norte,2024,Winter,19,,phyto_incl_bacillariophyta,2024,Sao Miguel,True,True,matched,Empadadas Norte
Empadadas Norte,2024,Spring,22,,phyto_incl_bacillariophyta,2024,Sao Miguel,True,True,matched,Empadadas Norte
Empadadas Norte,2024,Summer,11,,phyto_incl_bacillariophyta,2024,Sao Miguel,True,True,matched,Empadadas Norte
Empadadas Norte,2024,Autumn,14,,phyto_incl_bacillariophyta,2024,Sao Miguel,True,True,matched,Empadadas Norte
Empadadas Norte,2025,Winter,14,,phyto_incl_bacillariophyta,2025,Sao Miguel,True,True,matched,Empadadas Norte
Empadadas Norte,2025,Spring,9,,phyto_incl_bacillariophyta,2025,Sao Miguel,True,True,matched,Empadadas Norte
Empadadas Norte,2025,Summer,12,,phyto_incl_bacillariophyta,2025,Sao Miguel,True,True,matched,Empadadas Norte
Empadadas Norte,2025,Autumn,12,,phyto_incl_bacillariophyta,2025,Sao Miguel,True,True,matched,Empadadas Norte
Empadadas Norte,2011,Summer,13,110,zoo,historical,Sao Miguel,True,True,matched,Empadadas Norte
Empadadas Norte,2025,Spring,2,,zoo,2025,Sao Miguel,True,True,matched,Empadadas Norte
Empadadas Sul,2003,Autumn,32,412,diatom,historical,Sao Miguel,True,True,matched,Empadadas Sul
Empadadas Sul,2004,Winter,35,412,diatom,historical,Sao Miguel,True,True,matched,Empadadas Sul
Empadadas Sul,2004,Spring,26,412,diatom,historical,Sao Miguel,True,True,matched,Empadadas Sul
Empadadas Sul,2004,Summer,31,412,diatom,historical,Sao Miguel,True,True,matched,Empadadas Sul
Empadadas Sul,2005,Winter,21,412,diatom,historical,Sao Miguel,True,True,matched,Empadadas Sul
Empadadas Sul,2005,Summer,17,412,diatom,historical,Sao Miguel,True,True,matched,Empadadas Sul
Empadadas Sul,2006,Winter,22,412,diatom,historical,Sao Miguel,True,True,matched,Empadadas Sul
Empadadas Sul,2006,Spring,27,412,diatom,historical,Sao Miguel,True,True,matched,Empadadas Sul
Empadadas Sul,2006,Summer,18,412,diatom,historical,Sao Miguel,True,True,matched,Empadadas Sul
Empadadas Sul,2007,Winter,31,412,diatom,historical,Sao Miguel,True,True,matched,Empadadas Sul
Empadadas Sul,2008,Winter,20,412,diatom,historical,Sao Miguel,True,True,matched,Empadadas Sul
Empadadas Sul,2008,Spring,24,412,diatom,historical,Sao Miguel,True,True,matched,Empadadas Sul
Empadadas Sul,2008,Summer,21,412,diatom,historical,Sao Miguel,True,True,matched,Empadadas Sul
Empadadas Sul,2008,Autumn,17,412,diatom,historical,Sao Miguel,True,True,matched,Empadadas Sul
Empadadas Sul,2009,Winter,24,412,diatom,historical,Sao Miguel,True,True,matched,Empadadas Sul
Empadadas Sul,2009,Autumn,33,412,diatom,historical,Sao Miguel,True,True,matched,Empadadas Sul
Empadadas Sul,2010,Winter,33,412,diatom,historical,Sao Miguel,True,True,matched,Empadadas Sul
Empadadas Sul,2010,Spring,35,412,diatom,historical,Sao Miguel,True,True,matched,Empadadas Sul
Empadadas Sul,2010,Summer,29,412,diatom,historical,Sao Miguel,True,True,matched,Empadadas Sul
Empadadas Sul,2010,Autumn,24,412,diatom,historical,Sao Miguel,True,True,matched,Empadadas Sul
Empadadas Sul,2011,Winter,23,412,diatom,historical,Sao Miguel,True,True,matched,Empadadas Sul
Empadadas Sul,2011,Spring,23,412,diatom,historical,Sao Miguel,True,True,matched,Empadadas Sul
Empadadas Sul,2011,Summer,21,412,diatom,historical,Sao Miguel,True,True,matched,Empadadas Sul
Empadadas Sul,2011,Autumn,23,412,diatom,historical,Sao Miguel,True,True,matched,Empadadas Sul
Empadadas Sul,2012,Winter,31,412,diatom,historical,Sao Miguel,True,True,matched,Empadadas Sul
Empadadas Sul,2012,Spring,19,412,diatom,historical,Sao Miguel,True,True,matched,Empadadas Sul
Empadadas Sul,2012,Summer,21,412,diatom,historical,Sao Miguel,True,True,matched,Empadadas Sul
Empadadas Sul,2012,Autumn,35,412,diatom,historical,Sao Miguel,True,True,matched,Empadadas Sul
Empadadas Sul,2015,Autumn,30,,diatom,2015,Sao Miguel,True,True,matched,Empadadas Sul
Empadadas Sul,2016,Winter,30,,diatom,2016,Sao Miguel,True,True,matched,Empadadas Sul
Empadadas Sul,2016,Spring,30,,diatom,2016,Sao Miguel,True,True,matched,Empadadas Sul
Empadadas Sul,2016,Autumn,28,,diatom,2016,Sao Miguel,True,True,matched,Empadadas Sul
Empadadas Sul,2016,Autumn,33,,diatom,2016,Sao Miguel,True,True,matched,Empadadas Sul
Empadadas Sul,2017,Autumn,27,,diatom,2017_2018,Sao Miguel,True,True,matched,Empadadas Sul
Empadadas Sul,2018,Winter,26,,diatom,2017_2018,Sao Miguel,True,True,matched,Empadadas Sul
Empadadas Sul,2018,Spring,35,,diatom,2017_2018,Sao Miguel,True,True,matched,Empadadas Sul
Empadadas Sul,2018,Summer,26,,diatom,2017_2018,Sao Miguel,True,True,matched,Empadadas Sul
Empadadas Sul,2024,Winter,22,,diatom,2024,Sao Miguel,True,True,matched,Empadadas Sul
Empadadas Sul,2024,Spring,31,,diatom,2024,Sao Miguel,True,True,matched,Empadadas Sul
Empadadas Sul,2024,Summer,28,,diatom,2024,Sao Miguel,True,True,matched,Empadadas Sul
Empadadas Sul,2024,Autumn,29,,diatom,2024,Sao Miguel,True,True,matched,Empadadas Sul
Empadadas Sul,2025,Winter,36,,diatom,2025,Sao Miguel,True,True,matched,Empadadas Sul
Empadadas Sul,2025,Spring,36,,diatom,2025,Sao Miguel,True,True,matched,Empadadas Sul
Empadadas Sul,2025,Summer,26,,diatom,2025,Sao Miguel,True,True,matched,Empadadas Sul
Empadadas Sul,2025,Autumn,25,,diatom,2025,Sao Miguel,True,True,matched,Empadadas Sul
Empadadas Sul,2003,Autumn,3,156,macro,historical,Sao Miguel,True,True,matched,Empadadas Sul
Empadadas Sul,2004,Winter,2,156,macro,historical,Sao Miguel,True,True,matched,Empadadas Sul
Empadadas Sul,2004,Spring,2,156,macro,historical,Sao Miguel,True,True,matched,Empadadas Sul
Empadadas Sul,2004,Summer,2,156,macro,historical,Sao Miguel,True,True,matched,Empadadas Sul
Empadadas Sul,2005,Winter,14,156,macro,historical,Sao Miguel,True,True,matched,Empadadas Sul
Empadadas Sul,2005,Summer,4,156,macro,historical,Sao Miguel,True,True,matched,Empadadas Sul
Empadadas Sul,2006,Spring,7,156,macro,historical,Sao Miguel,True,True,matched,Empadadas Sul
Empadadas Sul,2008,Winter,8,156,macro,historical,Sao Miguel,True,True,matched,Empadadas Sul
Empadadas Sul,2008,Spring,10,156,macro,historical,Sao Miguel,True,True,matched,Empadadas Sul
Empadadas Sul,2008,Summer,11,156,macro,historical,Sao Miguel,True,True,matched,Empadadas Sul
Empadadas Sul,2008,Autumn,9,156,macro,historical,Sao Miguel,True,True,matched,Empadadas Sul
Empadadas Sul,2009,Winter,15,156,macro,historical,Sao Miguel,True,True,matched,Empadadas Sul
Empadadas Sul,2009,Summer,6,156,macro,historical,Sao Miguel,True,True,matched,Empadadas Sul
Empadadas Sul,2010,Winter,7,156,macro,historical,Sao Miguel,True,True,matched,Empadadas Sul
Empadadas Sul,2010,Spring,5,156,macro,historical,Sao Miguel,True,True,matched,Empadadas Sul
Empadadas Sul,2010,Summer,9,156,macro,historical,Sao Miguel,True,True,matched,Empadadas Sul
Empadadas Sul,2010,Autumn,9,156,macro,historical,Sao Miguel,True,True,matched,Empadadas Sul
Empadadas Sul,2011,Winter,13,156,macro,historical,Sao Miguel,True,True,matched,Empadadas Sul
Empadadas Sul,2011,Spring,7,156,macro,historical,Sao Miguel,True,True,matched,Empadadas Sul
Empadadas Sul,2011,Summer,8,156,macro,historical,Sao Miguel,True,True,matched,Empadadas Sul
Empadadas Sul,2011,Autumn,7,156,macro,historical,Sao Miguel,True,True,matched,Empadadas Sul
Empadadas Sul,2012,Winter,6,156,macro,historical,Sao Miguel,True,True,matched,Empadadas Sul
Empadadas Sul,2012,Spring,5,156,macro,historical,Sao Miguel,True,True,matched,Empadadas Sul
Empadadas Sul,2012,Summer,7,156,macro,historical,Sao Miguel,True,True,matched,Empadadas Sul
Empadadas Sul,2012,Autumn,5,156,macro,historical,Sao Miguel,True,True,matched,Empadadas Sul
Empadadas Sul,2018,Spring,16,121.0,macro,2018,Sao Miguel,True,True,matched,Empadadas Sul
Empadadas Sul,2024,Winter,16,,macro,2024,Sao Miguel,True,True,matched,Empadadas Sul
Empadadas Sul,2024,Spring,10,,macro,2024,Sao Miguel,True,True,matched,Empadadas Sul
Empadadas Sul,2024,Summer,6,,macro,2024,Sao Miguel,True,True,matched,Empadadas Sul
Empadadas Sul,2024,Autumn,6,,macro,2024,Sao Miguel,True,True,matched,Empadadas Sul
Empadadas Sul,2025,Winter,13,,macro,2025,Sao Miguel,True,True,matched,Empadadas Sul
Empadadas Sul,2025,Spring,14,,macro,2025,Sao Miguel,True,True,matched,Empadadas Sul
Empadadas Sul,2025,Summer,12,,macro,2025,Sao Miguel,True,True,matched,Empadadas Sul
Empadadas Sul,2025,Autumn,7,,macro,2025,Sao Miguel,True,True,matched,Empadadas Sul
Empadadas Sul,2008,Spring,8,127,macrophyte,historical,Sao Miguel,True,True,matched,Empadadas Sul
Empadadas Sul,2010,Spring,9,127,macrophyte,historical,Sao Miguel,True,True,matched,Empadadas Sul
Empadadas Sul,2011,Spring,8,127,macrophyte,historical,Sao Miguel,True,True,matched,Empadadas Sul
Empadadas Sul,2012,Summer,10,127,macrophyte,historical,Sao Miguel,True,True,matched,Empadadas Sul
Empadadas Sul,2003,Autumn,32,279,phyto,historical,Sao Miguel,True,True,matched,Empadadas Sul
Empadadas Sul,2004,Winter,29,279,phyto,historical,Sao Miguel,True,True,matched,Empadadas Sul
Empadadas Sul,2004,Spring,30,279,phyto,historical,Sao Miguel,True,True,matched,Empadadas Sul
Empadadas Sul,2004,Summer,36,279,phyto,historical,Sao Miguel,True,True,matched,Empadadas Sul
Empadadas Sul,2005,Winter,31,279,phyto,historical,Sao Miguel,True,True,matched,Empadadas Sul
Empadadas Sul,2005,Summer,35,279,phyto,historical,Sao Miguel,True,True,matched,Empadadas Sul
Empadadas Sul,2006,Winter,36,279,phyto,historical,Sao Miguel,True,True,matched,Empadadas Sul
Empadadas Sul,2006,Spring,23,279,phyto,historical,Sao Miguel,True,True,matched,Empadadas Sul
Empadadas Sul,2007,Winter,28,279,phyto,historical,Sao Miguel,True,True,matched,Empadadas Sul
Empadadas Sul,2008,Winter,35,279,phyto,historical,Sao Miguel,True,True,matched,Empadadas Sul
Empadadas Sul,2008,Spring,32,279,phyto,historical,Sao Miguel,True,True,matched,Empadadas Sul
Empadadas Sul,2008,Summer,27,279,phyto,historical,Sao Miguel,True,True,matched,Empadadas Sul
Empadadas Sul,2008,Autumn,29,279,phyto,historical,Sao Miguel,True,True,matched,Empadadas Sul
Empadadas Sul,2009,Winter,24,279,phyto,historical,Sao Miguel,True,True,matched,Empadadas Sul
Empadadas Sul,2009,Summer,26,279,phyto,historical,Sao Miguel,True,True,matched,Empadadas Sul
Empadadas Sul,2010,Winter,34,279,phyto,historical,Sao Miguel,True,True,matched,Empadadas Sul
Empadadas Sul,2010,Spring,27,279,phyto,historical,Sao Miguel,True,True,matched,Empadadas Sul
Empadadas Sul,2010,Summer,19,279,phyto,historical,Sao Miguel,True,True,matched,Empadadas Sul
Empadadas Sul,2010,Autumn,26,279,phyto,historical,Sao Miguel,True,True,matched,Empadadas Sul
Empadadas Sul,2011,Winter,23,279,phyto,historical,Sao Miguel,True,True,matched,Empadadas Sul
Empadadas Sul,2011,Spring,30,279,phyto,historical,Sao Miguel,True,True,matched,Empadadas Sul
Empadadas Sul,2011,Summer,26,279,phyto,historical,Sao Miguel,True,True,matched,Empadadas Sul
Empadadas Sul,2011,Autumn,23,279,phyto,historical,Sao Miguel,True,True,matched,Empadadas Sul
Empadadas Sul,2012,Winter,30,279,phyto,historical,Sao Miguel,True,True,matched,Empadadas Sul
Empadadas Sul,2012,Spring,31,279,phyto,historical,Sao Miguel,True,True,matched,Empadadas Sul
Empadadas Sul,2012,Summer,31,279,phyto,historical,Sao Miguel,True,True,matched,Empadadas Sul
Empadadas Sul,2012,Autumn,25,279,phyto,historical,Sao Miguel,True,True,matched,Empadadas Sul
Empadadas Sul,2018,Winter,29,,phyto,2018,Sao Miguel,True,True,matched,Empadadas Sul
Empadadas Sul,2018,Spring,25,,phyto,2018,Sao Miguel,True,True,matched,Empadadas Sul
Empadadas Sul,2018,Summer,24,,phyto,2018,Sao Miguel,True,True,matched,Empadadas Sul
Empadadas Sul,2018,Autumn,23,,phyto,2018,Sao Miguel,True,True,matched,Empadadas Sul
Empadadas Sul,2024,Winter,22,,phyto,2024,Sao Miguel,True,True,matched,Empadadas Sul
Empadadas Sul,2024,Spring,25,,phyto,2024,Sao Miguel,True,True,matched,Empadadas Sul
Empadadas Sul,2024,Summer,10,,phyto,2024,Sao Miguel,True,True,matched,Empadadas Sul
Empadadas Sul,2024,Autumn,7,,phyto,2024,Sao Miguel,True,True,matched,Empadadas Sul
Empadadas Sul,2025,Winter,7,,phyto,2025,Sao Miguel,True,True,matched,Empadadas Sul
Empadadas Sul,2025,Spring,8,,phyto,2025,Sao Miguel,True,True,matched,Empadadas Sul
Empadadas Sul,2025,Summer,11,,phyto,2025,Sao Miguel,True,True,matched,Empadadas Sul
Empadadas Sul,2025,Autumn,8,,phyto,2025,Sao Miguel,True,True,matched,Empadadas Sul
Empadadas Sul,2024,Winter,23,,phyto_incl_bacillariophyta,2024,Sao Miguel,True,True,matched,Empadadas Sul
Empadadas Sul,2024,Spring,27,,phyto_incl_bacillariophyta,2024,Sao Miguel,True,True,matched,Empadadas Sul
Empadadas Sul,2024,Summer,11,,phyto_incl_bacillariophyta,2024,Sao Miguel,True,True,matched,Empadadas Sul
Empadadas Sul,2024,Autumn,7,,phyto_incl_bacillariophyta,2024,Sao Miguel,True,True,matched,Empadadas Sul
Empadadas Sul,2025,Winter,8,,phyto_incl_bacillariophyta,2025,Sao Miguel,True,True,matched,Empadadas Sul
Empadadas Sul,2025,Spring,10,,phyto_incl_bacillariophyta,2025,Sao Miguel,True,True,matched,Empadadas Sul
Empadadas Sul,2025,Summer,12,,phyto_incl_bacillariophyta,2025,Sao Miguel,True,True,matched,Empadadas Sul
Empadadas Sul,2025,Autumn,11,,phyto_incl_bacillariophyta,2025,Sao Miguel,True,True,matched,Empadadas Sul
Empadadas Sul,2011,Summer,7,110,zoo,historical,Sao Miguel,True,True,matched,Empadadas Sul
Empadadas Sul,2025,Spring,0,,zoo,2025,Sao Miguel,True,True,matched,Empadadas Sul
Fogo,2003,Autumn,47,412,diatom,historical,Sao Miguel,True,True,matched,Fogo
Fogo,2004,Winter,51,412,diatom,historical,Sao Miguel,True,True,matched,Fogo
Fogo,2004,Spring,57,412,diatom,historical,Sao Miguel,True,True,matched,Fogo
Fogo,2004,Summer,48,412,diatom,historical,Sao Miguel,True,True,matched,Fogo
Fogo,2005,Winter,55,412,diatom,historical,Sao Miguel,True,True,matched,Fogo
Fogo,2005,Spring,45,412,diatom,historical,Sao Miguel,True,True,matched,Fogo
Fogo,2005,Autumn,21,412,diatom,historical,Sao Miguel,True,True,matched,Fogo
Fogo,2006,Winter,61,412,diatom,historical,Sao Miguel,True,True,matched,Fogo
Fogo,2006,Spring,68,412,diatom,historical,Sao Miguel,True,True,matched,Fogo
Fogo,2006,Summer,47,412,diatom,historical,Sao Miguel,True,True,matched,Fogo
Fogo,2008,Spring,50,412,diatom,historical,Sao Miguel,True,True,matched,Fogo
Fogo,2008,Autumn,28,412,diatom,historical,Sao Miguel,True,True,matched,Fogo
Fogo,2009,Winter,33,412,diatom,historical,Sao Miguel,True,True,matched,Fogo
Fogo,2009,Autumn,41,412,diatom,historical,Sao Miguel,True,True,matched,Fogo
Fogo,2010,Spring,38,412,diatom,historical,Sao Miguel,True,True,matched,Fogo
Fogo,2010,Summer,32,412,diatom,historical,Sao Miguel,True,True,matched,Fogo
Fogo,2010,Autumn,22,412,diatom,historical,Sao Miguel,True,True,matched,Fogo
Fogo,2011,Winter,42,412,diatom,historical,Sao Miguel,True,True,matched,Fogo
Fogo,2011,Spring,33,412,diatom,historical,Sao Miguel,True,True,matched,Fogo
Fogo,2011,Summer,40,412,diatom,historical,Sao Miguel,True,True,matched,Fogo
Fogo,2011,Autumn,38,412,diatom,historical,Sao Miguel,True,True,matched,Fogo
Fogo,2012,Winter,30,412,diatom,historical,Sao Miguel,True,True,matched,Fogo
Fogo,2012,Spring,36,412,diatom,historical,Sao Miguel,True,True,matched,Fogo
Fogo,2012,Summer,39,412,diatom,historical,Sao Miguel,True,True,matched,Fogo
Fogo,2012,Autumn,47,412,diatom,historical,Sao Miguel,True,True,matched,Fogo
Fogo,2015,Autumn,37,,diatom,2015,Sao Miguel,True,True,matched,Fogo
Fogo,2016,Winter,31,,diatom,2016,Sao Miguel,True,True,matched,Fogo
Fogo,2016,Spring,25,,diatom,2016,Sao Miguel,True,True,matched,Fogo
Fogo,2016,Autumn,26,,diatom,2016,Sao Miguel,True,True,matched,Fogo
Fogo,2016,Autumn,35,,diatom,2016,Sao Miguel,True,True,matched,Fogo
Fogo,2017,Autumn,20,,diatom,2017_2018,Sao Miguel,True,True,matched,Fogo
Fogo,2018,Winter,21,,diatom,2017_2018,Sao Miguel,True,True,matched,Fogo
Fogo,2018,Spring,24,,diatom,2017_2018,Sao Miguel,True,True,matched,Fogo
Fogo,2018,Summer,23,,diatom,2017_2018,Sao Miguel,True,True,matched,Fogo
Fogo,2024,Winter,29,,diatom,2024,Sao Miguel,True,True,matched,Fogo
Fogo,2024,Spring,32,,diatom,2024,Sao Miguel,True,True,matched,Fogo
Fogo,2024,Summer,26,,diatom,2024,Sao Miguel,True,True,matched,Fogo
Fogo,2024,Autumn,24,,diatom,2024,Sao Miguel,True,True,matched,Fogo
Fogo,2025,Winter,26,,diatom,2025,Sao Miguel,True,True,matched,Fogo
Fogo,2025,Spring,24,,diatom,2025,Sao Miguel,True,True,matched,Fogo
Fogo,2025,Summer,27,,diatom,2025,Sao Miguel,True,True,matched,Fogo
Fogo,2025,Autumn,21,,diatom,2025,Sao Miguel,True,True,matched,Fogo
Fogo,2003,Autumn,1,156,macro,historical,Sao Miguel,True,True,matched,Fogo
Fogo,2004,Winter,3,156,macro,historical,Sao Miguel,True,True,matched,Fogo
Fogo,2004,Spring,1,156,macro,historical,Sao Miguel,True,True,matched,Fogo
Fogo,2004,Summer,4,156,macro,historical,Sao Miguel,True,True,matched,Fogo
Fogo,2005,Winter,2,156,macro,historical,Sao Miguel,True,True,matched,Fogo
Fogo,2005,Spring,4,156,macro,historical,Sao Miguel,True,True,matched,Fogo
Fogo,2005,Summer,2,156,macro,historical,Sao Miguel,True,True,matched,Fogo
Fogo,2005,Autumn,2,156,macro,historical,Sao Miguel,True,True,matched,Fogo
Fogo,2006,Winter,15,156,macro,historical,Sao Miguel,True,True,matched,Fogo
Fogo,2006,Spring,6,156,macro,historical,Sao Miguel,True,True,matched,Fogo
Fogo,2006,Summer,6,156,macro,historical,Sao Miguel,True,True,matched,Fogo
Fogo,2008,Spring,11,156,macro,historical,Sao Miguel,True,True,matched,Fogo
Fogo,2008,Summer,11,156,macro,historical,Sao Miguel,True,True,matched,Fogo
Fogo,2008,Autumn,5,156,macro,historical,Sao Miguel,True,True,matched,Fogo
Fogo,2009,Winter,6,156,macro,historical,Sao Miguel,True,True,matched,Fogo
Fogo,2009,Summer,2,156,macro,historical,Sao Miguel,True,True,matched,Fogo
Fogo,2010,Spring,11,156,macro,historical,Sao Miguel,True,True,matched,Fogo
Fogo,2010,Summer,5,156,macro,historical,Sao Miguel,True,True,matched,Fogo
Fogo,2010,Autumn,7,156,macro,historical,Sao Miguel,True,True,matched,Fogo
Fogo,2011,Winter,4,156,macro,historical,Sao Miguel,True,True,matched,Fogo
Fogo,2011,Spring,6,156,macro,historical,Sao Miguel,True,True,matched,Fogo
Fogo,2011,Summer,6,156,macro,historical,Sao Miguel,True,True,matched,Fogo
Fogo,2011,Autumn,11,156,macro,historical,Sao Miguel,True,True,matched,Fogo
Fogo,2012,Winter,4,156,macro,historical,Sao Miguel,True,True,matched,Fogo
Fogo,2012,Spring,9,156,macro,historical,Sao Miguel,True,True,matched,Fogo
Fogo,2012,Summer,7,156,macro,historical,Sao Miguel,True,True,matched,Fogo
Fogo,2012,Autumn,4,156,macro,historical,Sao Miguel,True,True,matched,Fogo
Fogo,2018,Spring,4,121.0,macro,2018,Sao Miguel,True,True,matched,Fogo
Fogo,2024,Winter,9,,macro,2024,Sao Miguel,True,True,matched,Fogo
Fogo,2024,Spring,5,,macro,2024,Sao Miguel,True,True,matched,Fogo
Fogo,2024,Summer,5,,macro,2024,Sao Miguel,True,True,matched,Fogo
Fogo,2024,Autumn,2,,macro,2024,Sao Miguel,True,True,matched,Fogo
Fogo,2025,Winter,8,,macro,2025,Sao Miguel,True,True,matched,Fogo
Fogo,2025,Spring,11,,macro,2025,Sao Miguel,True,True,matched,Fogo
Fogo,2025,Summer,9,,macro,2025,Sao Miguel,True,True,matched,Fogo
Fogo,2025,Autumn,7,,macro,2025,Sao Miguel,True,True,matched,Fogo
Fogo,2008,Spring,3,127,macrophyte,historical,Sao Miguel,True,True,matched,Fogo
Fogo,2011,Spring,12,127,macrophyte,historical,Sao Miguel,True,True,matched,Fogo
Fogo,2012,Summer,4,127,macrophyte,historical,Sao Miguel,True,True,matched,Fogo
Fogo,2003,Autumn,19,279,phyto,historical,Sao Miguel,True,True,matched,Fogo
Fogo,2004,Winter,26,279,phyto,historical,Sao Miguel,True,True,matched,Fogo
Fogo,2004,Spring,21,279,phyto,historical,Sao Miguel,True,True,matched,Fogo
Fogo,2004,Summer,22,279,phyto,historical,Sao Miguel,True,True,matched,Fogo
Fogo,2005,Winter,17,279,phyto,historical,Sao Miguel,True,True,matched,Fogo
Fogo,2005,Spring,27,279,phyto,historical,Sao Miguel,True,True,matched,Fogo
Fogo,2005,Autumn,19,279,phyto,historical,Sao Miguel,True,True,matched,Fogo
Fogo,2006,Winter,25,279,phyto,historical,Sao Miguel,True,True,matched,Fogo
Fogo,2006,Spring,15,279,phyto,historical,Sao Miguel,True,True,matched,Fogo
Fogo,2006,Summer,21,279,phyto,historical,Sao Miguel,True,True,matched,Fogo
Fogo,2008,Spring,27,279,phyto,historical,Sao Miguel,True,True,matched,Fogo
Fogo,2008,Summer,28,279,phyto,historical,Sao Miguel,True,True,matched,Fogo
Fogo,2008,Autumn,22,279,phyto,historical,Sao Miguel,True,True,matched,Fogo
Fogo,2009,Winter,19,279,phyto,historical,Sao Miguel,True,True,matched,Fogo
Fogo,2009,Summer,19,279,phyto,historical,Sao Miguel,True,True,matched,Fogo
Fogo,2010,Spring,18,279,phyto,historical,Sao Miguel,True,True,matched,Fogo
Fogo,2010,Summer,14,279,phyto,historical,Sao Miguel,True,True,matched,Fogo
Fogo,2010,Autumn,23,279,phyto,historical,Sao Miguel,True,True,matched,Fogo
Fogo,2011,Winter,28,279,phyto,historical,Sao Miguel,True,True,matched,Fogo
Fogo,2011,Spring,23,279,phyto,historical,Sao Miguel,True,True,matched,Fogo
Fogo,2011,Summer,21,279,phyto,historical,Sao Miguel,True,True,matched,Fogo
Fogo,2011,Autumn,18,279,phyto,historical,Sao Miguel,True,True,matched,Fogo
Fogo,2012,Winter,31,279,phyto,historical,Sao Miguel,True,True,matched,Fogo
Fogo,2012,Spring,26,279,phyto,historical,Sao Miguel,True,True,matched,Fogo
Fogo,2012,Summer,23,279,phyto,historical,Sao Miguel,True,True,matched,Fogo
Fogo,2012,Autumn,30,279,phyto,historical,Sao Miguel,True,True,matched,Fogo
Fogo,2018,Winter,28,,phyto,2018,Sao Miguel,True,True,matched,Fogo
Fogo,2018,Spring,25,,phyto,2018,Sao Miguel,True,True,matched,Fogo
Fogo,2018,Summer,21,,phyto,2018,Sao Miguel,True,True,matched,Fogo
Fogo,2018,Autumn,18,,phyto,2018,Sao Miguel,True,True,matched,Fogo
Fogo,2024,Winter,18,,phyto,2024,Sao Miguel,True,True,matched,Fogo
Fogo,2024,Spring,21,,phyto,2024,Sao Miguel,True,True,matched,Fogo
Fogo,2024,Summer,10,,phyto,2024,Sao Miguel,True,True,matched,Fogo
Fogo,2024,Autumn,8,,phyto,2024,Sao Miguel,True,True,matched,Fogo
Fogo,2025,Winter,8,,phyto,2025,Sao Miguel,True,True,matched,Fogo
Fogo,2025,Spring,8,,phyto,2025,Sao Miguel,True,True,matched,Fogo
Fogo,2025,Summer,8,,phyto,2025,Sao Miguel,True,True,matched,Fogo
Fogo,2025,Autumn,6,,phyto,2025,Sao Miguel,True,True,matched,Fogo
Fogo,2024,Winter,23,,phyto_incl_bacillariophyta,2024,Sao Miguel,True,True,matched,Fogo
Fogo,2024,Spring,24,,phyto_incl_bacillariophyta,2024,Sao Miguel,True,True,matched,Fogo
Fogo,2024,Summer,11,,phyto_incl_bacillariophyta,2024,Sao Miguel,True,True,matched,Fogo
Fogo,2024,Autumn,9,,phyto_incl_bacillariophyta,2024,Sao Miguel,True,True,matched,Fogo
Fogo,2025,Winter,10,,phyto_incl_bacillariophyta,2025,Sao Miguel,True,True,matched,Fogo
Fogo,2025,Spring,9,,phyto_incl_bacillariophyta,2025,Sao Miguel,True,True,matched,Fogo
Fogo,2025,Summer,9,,phyto_incl_bacillariophyta,2025,Sao Miguel,True,True,matched,Fogo
Fogo,2025,Autumn,7,,phyto_incl_bacillariophyta,2025,Sao Miguel,True,True,matched,Fogo
Fogo,2011,Summer,14,110,zoo,historical,Sao Miguel,True,True,matched,Fogo
Fogo,2011,Autumn,17,110,zoo,historical,Sao Miguel,True,True,matched,Fogo
Fogo,2012,Winter,16,110,zoo,historical,Sao Miguel,True,True,matched,Fogo
Fogo,2012,Spring,12,110,zoo,historical,Sao Miguel,True,True,matched,Fogo
Fogo,2025,Spring,5,,zoo,2025,Sao Miguel,True,True,matched,Fogo
Furnas,2003,Autumn,47,412,diatom,historical,Sao Miguel,True,True,matched,Furnas
Furnas,2004,Winter,55,412,diatom,historical,Sao Miguel,True,True,matched,Furnas
Furnas,2004,Spring,43,412,diatom,historical,Sao Miguel,True,True,matched,Furnas
Furnas,2004,Summer,49,412,diatom,historical,Sao Miguel,True,True,matched,Furnas
Furnas,2005,Winter,49,412,diatom,historical,Sao Miguel,True,True,matched,Furnas
Furnas,2005,Spring,52,412,diatom,historical,Sao Miguel,True,True,matched,Furnas
Furnas,2005,Summer,51,412,diatom,historical,Sao Miguel,True,True,matched,Furnas
Furnas,2006,Winter,41,412,diatom,historical,Sao Miguel,True,True,matched,Furnas
Furnas,2006,Spring,47,412,diatom,historical,Sao Miguel,True,True,matched,Furnas
Furnas,2006,Summer,40,412,diatom,historical,Sao Miguel,True,True,matched,Furnas
Furnas,2007,Winter,28,412,diatom,historical,Sao Miguel,True,True,matched,Furnas
Furnas,2008,Winter,56,412,diatom,historical,Sao Miguel,True,True,matched,Furnas
Furnas,2008,Spring,69,412,diatom,historical,Sao Miguel,True,True,matched,Furnas
Furnas,2008,Summer,51,412,diatom,historical,Sao Miguel,True,True,matched,Furnas
Furnas,2008,Autumn,33,412,diatom,historical,Sao Miguel,True,True,matched,Furnas
Furnas,2009,Winter,36,412,diatom,historical,Sao Miguel,True,True,matched,Furnas
Furnas,2009,Autumn,39,412,diatom,historical,Sao Miguel,True,True,matched,Furnas
Furnas,2010,Winter,33,412,diatom,historical,Sao Miguel,True,True,matched,Furnas
Furnas,2010,Spring,44,412,diatom,historical,Sao Miguel,True,True,matched,Furnas
Furnas,2010,Summer,45,412,diatom,historical,Sao Miguel,True,True,matched,Furnas
Furnas,2010,Autumn,60,412,diatom,historical,Sao Miguel,True,True,matched,Furnas
Furnas,2011,Winter,41,412,diatom,historical,Sao Miguel,True,True,matched,Furnas
Furnas,2011,Spring,43,412,diatom,historical,Sao Miguel,True,True,matched,Furnas
Furnas,2011,Summer,50,412,diatom,historical,Sao Miguel,True,True,matched,Furnas
Furnas,2011,Autumn,51,412,diatom,historical,Sao Miguel,True,True,matched,Furnas
Furnas,2012,Winter,39,412,diatom,historical,Sao Miguel,True,True,matched,Furnas
Furnas,2012,Spring,41,412,diatom,historical,Sao Miguel,True,True,matched,Furnas
Furnas,2012,Summer,27,412,diatom,historical,Sao Miguel,True,True,matched,Furnas
Furnas,2012,Autumn,48,412,diatom,historical,Sao Miguel,True,True,matched,Furnas
Furnas,2015,Autumn,27,,diatom,2015,Sao Miguel,True,True,matched,Furnas
Furnas,2016,Winter,26,,diatom,2016,Sao Miguel,True,True,matched,Furnas
Furnas,2016,Spring,31,,diatom,2016,Sao Miguel,True,True,matched,Furnas
Furnas,2016,Autumn,26,,diatom,2016,Sao Miguel,True,True,matched,Furnas
Furnas,2016,Autumn,29,,diatom,2016,Sao Miguel,True,True,matched,Furnas
Furnas,2017,Winter,34,,diatom,2017,Sao Miguel,True,True,matched,Furnas
Furnas,2017,Autumn,31,,diatom,2017_2018,Sao Miguel,True,True,matched,Furnas
Furnas,2018,Winter,24,,diatom,2017_2018,Sao Miguel,True,True,matched,Furnas
Furnas,2018,Spring,32,,diatom,2017_2018,Sao Miguel,True,True,matched,Furnas
Furnas,2018,Summer,19,,diatom,2017_2018,Sao Miguel,True,True,matched,Furnas
Furnas,2024,Winter,33,,diatom,2024,Sao Miguel,True,True,matched,Furnas
Furnas,2024,Spring,32,,diatom,2024,Sao Miguel,True,True,matched,Furnas
Furnas,2024,Summer,23,,diatom,2024,Sao Miguel,True,True,matched,Furnas
Furnas,2024,Autumn,22,,diatom,2024,Sao Miguel,True,True,matched,Furnas
Furnas,2025,Winter,24,,diatom,2025,Sao Miguel,True,True,matched,Furnas
Furnas,2025,Spring,24,,diatom,2025,Sao Miguel,True,True,matched,Furnas
Furnas,2025,Summer,23,,diatom,2025,Sao Miguel,True,True,matched,Furnas
Furnas,2025,Autumn,31,,diatom,2025,Sao Miguel,True,True,matched,Furnas
Furnas,2003,Autumn,2,156,macro,historical,Sao Miguel,True,True,matched,Furnas
Furnas,2004,Winter,4,156,macro,historical,Sao Miguel,True,True,matched,Furnas
Furnas,2004,Spring,3,156,macro,historical,Sao Miguel,True,True,matched,Furnas
Furnas,2004,Summer,6,156,macro,historical,Sao Miguel,True,True,matched,Furnas
Furnas,2005,Winter,8,156,macro,historical,Sao Miguel,True,True,matched,Furnas
Furnas,2005,Spring,10,156,macro,historical,Sao Miguel,True,True,matched,Furnas
Furnas,2005,Summer,11,156,macro,historical,Sao Miguel,True,True,matched,Furnas
Furnas,2006,Winter,6,156,macro,historical,Sao Miguel,True,True,matched,Furnas
Furnas,2006,Spring,14,156,macro,historical,Sao Miguel,True,True,matched,Furnas
Furnas,2006,Summer,16,156,macro,historical,Sao Miguel,True,True,matched,Furnas
Furnas,2008,Winter,11,156,macro,historical,Sao Miguel,True,True,matched,Furnas
Furnas,2008,Spring,14,156,macro,historical,Sao Miguel,True,True,matched,Furnas
Furnas,2008,Summer,11,156,macro,historical,Sao Miguel,True,True,matched,Furnas
Furnas,2008,Autumn,13,156,macro,historical,Sao Miguel,True,True,matched,Furnas
Furnas,2009,Winter,14,156,macro,historical,Sao Miguel,True,True,matched,Furnas
Furnas,2009,Summer,10,156,macro,historical,Sao Miguel,True,True,matched,Furnas
Furnas,2010,Winter,9,156,macro,historical,Sao Miguel,True,True,matched,Furnas
Furnas,2010,Spring,5,156,macro,historical,Sao Miguel,True,True,matched,Furnas
Furnas,2010,Summer,9,156,macro,historical,Sao Miguel,True,True,matched,Furnas
Furnas,2010,Autumn,12,156,macro,historical,Sao Miguel,True,True,matched,Furnas
Furnas,2011,Winter,8,156,macro,historical,Sao Miguel,True,True,matched,Furnas
Furnas,2011,Spring,10,156,macro,historical,Sao Miguel,True,True,matched,Furnas
Furnas,2011,Summer,11,156,macro,historical,Sao Miguel,True,True,matched,Furnas
Furnas,2011,Autumn,13,156,macro,historical,Sao Miguel,True,True,matched,Furnas
Furnas,2012,Winter,10,156,macro,historical,Sao Miguel,True,True,matched,Furnas
Furnas,2012,Spring,12,156,macro,historical,Sao Miguel,True,True,matched,Furnas
Furnas,2012,Summer,9,156,macro,historical,Sao Miguel,True,True,matched,Furnas
Furnas,2012,Autumn,3,156,macro,historical,Sao Miguel,True,True,matched,Furnas
Furnas,2018,Spring,16,121.0,macro,2018,Sao Miguel,True,True,matched,Furnas
Furnas,2024,Winter,10,,macro,2024,Sao Miguel,True,True,matched,Furnas
Furnas,2024,Spring,8,,macro,2024,Sao Miguel,True,True,matched,Furnas
Furnas,2024,Summer,8,,macro,2024,Sao Miguel,True,True,matched,Furnas
Furnas,2024,Autumn,6,,macro,2024,Sao Miguel,True,True,matched,Furnas
Furnas,2025,Winter,10,,macro,2025,Sao Miguel,True,True,matched,Furnas
Furnas,2025,Spring,10,,macro,2025,Sao Miguel,True,True,matched,Furnas
Furnas,2025,Summer,5,,macro,2025,Sao Miguel,True,True,matched,Furnas
Furnas,2025,Autumn,4,,macro,2025,Sao Miguel,True,True,matched,Furnas
Furnas,2010,Spring,6,127,macrophyte,historical,Sao Miguel,True,True,matched,Furnas
Furnas,2011,Spring,17,127,macrophyte,historical,Sao Miguel,True,True,matched,Furnas
Furnas,2012,Summer,13,127,macrophyte,historical,Sao Miguel,True,True,matched,Furnas
Furnas,2003,Autumn,24,279,phyto,historical,Sao Miguel,True,True,matched,Furnas
Furnas,2004,Winter,19,279,phyto,historical,Sao Miguel,True,True,matched,Furnas
Furnas,2004,Spring,22,279,phyto,historical,Sao Miguel,True,True,matched,Furnas
Furnas,2004,Summer,20,279,phyto,historical,Sao Miguel,True,True,matched,Furnas
Furnas,2005,Winter,14,279,phyto,historical,Sao Miguel,True,True,matched,Furnas
Furnas,2005,Spring,14,279,phyto,historical,Sao Miguel,True,True,matched,Furnas
Furnas,2005,Summer,20,279,phyto,historical,Sao Miguel,True,True,matched,Furnas
Furnas,2006,Winter,26,279,phyto,historical,Sao Miguel,True,True,matched,Furnas
Furnas,2006,Spring,17,279,phyto,historical,Sao Miguel,True,True,matched,Furnas
Furnas,2006,Summer,17,279,phyto,historical,Sao Miguel,True,True,matched,Furnas
Furnas,2007,Winter,14,279,phyto,historical,Sao Miguel,True,True,matched,Furnas
Furnas,2008,Winter,25,279,phyto,historical,Sao Miguel,True,True,matched,Furnas
Furnas,2008,Spring,26,279,phyto,historical,Sao Miguel,True,True,matched,Furnas
Furnas,2008,Summer,22,279,phyto,historical,Sao Miguel,True,True,matched,Furnas
Furnas,2008,Autumn,24,279,phyto,historical,Sao Miguel,True,True,matched,Furnas
Furnas,2009,Winter,13,279,phyto,historical,Sao Miguel,True,True,matched,Furnas
Furnas,2009,Summer,13,279,phyto,historical,Sao Miguel,True,True,matched,Furnas
Furnas,2010,Winter,15,279,phyto,historical,Sao Miguel,True,True,matched,Furnas
Furnas,2010,Spring,19,279,phyto,historical,Sao Miguel,True,True,matched,Furnas
Furnas,2010,Summer,15,279,phyto,historical,Sao Miguel,True,True,matched,Furnas
Furnas,2010,Autumn,20,279,phyto,historical,Sao Miguel,True,True,matched,Furnas
Furnas,2011,Winter,25,279,phyto,historical,Sao Miguel,True,True,matched,Furnas
Furnas,2011,Spring,29,279,phyto,historical,Sao Miguel,True,True,matched,Furnas
Furnas,2011,Summer,15,279,phyto,historical,Sao Miguel,True,True,matched,Furnas
Furnas,2011,Autumn,20,279,phyto,historical,Sao Miguel,True,True,matched,Furnas
Furnas,2012,Winter,18,279,phyto,historical,Sao Miguel,True,True,matched,Furnas
Furnas,2012,Spring,27,279,phyto,historical,Sao Miguel,True,True,matched,Furnas
Furnas,2012,Summer,17,279,phyto,historical,Sao Miguel,True,True,matched,Furnas
Furnas,2012,Autumn,20,279,phyto,historical,Sao Miguel,True,True,matched,Furnas
Furnas,2018,Winter,28,,phyto,2018,Sao Miguel,True,True,matched,Furnas
Furnas,2018,Spring,16,,phyto,2018,Sao Miguel,True,True,matched,Furnas
Furnas,2018,Summer,21,,phyto,2018,Sao Miguel,True,True,matched,Furnas
Furnas,2018,Autumn,24,,phyto,2018,Sao Miguel,True,True,matched,Furnas
Furnas,2024,Winter,10,,phyto,2024,Sao Miguel,True,True,matched,Furnas
Furnas,2024,Spring,12,,phyto,2024,Sao Miguel,True,True,matched,Furnas
Furnas,2024,Summer,7,,phyto,2024,Sao Miguel,True,True,matched,Furnas
Furnas,2024,Autumn,5,,phyto,2024,Sao Miguel,True,True,matched,Furnas
Furnas,2025,Winter,4,,phyto,2025,Sao Miguel,True,True,matched,Furnas
Furnas,2025,Spring,3,,phyto,2025,Sao Miguel,True,True,matched,Furnas
Furnas,2025,Summer,5,,phyto,2025,Sao Miguel,True,True,matched,Furnas
Furnas,2025,Autumn,6,,phyto,2025,Sao Miguel,True,True,matched,Furnas
Furnas,2024,Winter,16,,phyto_incl_bacillariophyta,2024,Sao Miguel,True,True,matched,Furnas
Furnas,2024,Spring,17,,phyto_incl_bacillariophyta,2024,Sao Miguel,True,True,matched,Furnas
Furnas,2024,Summer,9,,phyto_incl_bacillariophyta,2024,Sao Miguel,True,True,matched,Furnas
Furnas,2024,Autumn,7,,phyto_incl_bacillariophyta,2024,Sao Miguel,True,True,matched,Furnas
Furnas,2025,Winter,8,,phyto_incl_bacillariophyta,2025,Sao Miguel,True,True,matched,Furnas
Furnas,2025,Spring,4,,phyto_incl_bacillariophyta,2025,Sao Miguel,True,True,matched,Furnas
Furnas,2025,Summer,8,,phyto_incl_bacillariophyta,2025,Sao Miguel,True,True,matched,Furnas
Furnas,2025,Autumn,9,,phyto_incl_bacillariophyta,2025,Sao Miguel,True,True,matched,Furnas
Furnas,2011,Summer,8,110,zoo,historical,Sao Miguel,True,True,matched,Furnas
Furnas,2011,Autumn,20,110,zoo,historical,Sao Miguel,True,True,matched,Furnas
Furnas,2012,Winter,12,110,zoo,historical,Sao Miguel,True,True,matched,Furnas
Furnas,2012,Spring,12,110,zoo,historical,Sao Miguel,True,True,matched,Furnas
Furnas,2025,Spring,3,,zoo,2025,Sao Miguel,True,True,matched,Furnas
Rasa Serra Devassa,2008,Spring,27,412,diatom,historical,Sao Miguel,False,True,matched,Rasa Serra Devassa
Rasa Serra Devassa,2008,Autumn,30,412,diatom,historical,Sao Miguel,False,True,matched,Rasa Serra Devassa
Rasa Serra Devassa,2009,Winter,30,412,diatom,historical,Sao Miguel,False,True,matched,Rasa Serra Devassa
Rasa Serra Devassa,2009,Autumn,32,412,diatom,historical,Sao Miguel,False,True,matched,Rasa Serra Devassa
Rasa Serra Devassa,2010,Winter,25,412,diatom,historical,Sao Miguel,False,True,matched,Rasa Serra Devassa
Rasa Serra Devassa,2010,Summer,33,412,diatom,historical,Sao Miguel,False,True,matched,Rasa Serra Devassa
Rasa Serra Devassa,2011,Winter,23,412,diatom,historical,Sao Miguel,False,True,matched,Rasa Serra Devassa
Rasa Serra Devassa,2011,Spring,28,412,diatom,historical,Sao Miguel,False,True,matched,Rasa Serra Devassa
Rasa Serra Devassa,2011,Summer,26,412,diatom,historical,Sao Miguel,False,True,matched,Rasa Serra Devassa
Rasa Serra Devassa,2011,Autumn,42,412,diatom,historical,Sao Miguel,False,True,matched,Rasa Serra Devassa
Rasa Serra Devassa,2012,Winter,23,412,diatom,historical,Sao Miguel,False,True,matched,Rasa Serra Devassa
Rasa Serra Devassa,2012,Spring,21,412,diatom,historical,Sao Miguel,False,True,matched,Rasa Serra Devassa
Rasa Serra Devassa,2012,Summer,20,412,diatom,historical,Sao Miguel,False,True,matched,Rasa Serra Devassa
Rasa Serra Devassa,2012,Autumn,25,412,diatom,historical,Sao Miguel,False,True,matched,Rasa Serra Devassa
Rasa Serra Devassa,2015,Autumn,21,,diatom,2015,Sao Miguel,False,True,matched,Rasa Serra Devassa
Rasa Serra Devassa,2016,Winter,28,,diatom,2016,Sao Miguel,False,True,matched,Rasa Serra Devassa
Rasa Serra Devassa,2016,Spring,22,,diatom,2016,Sao Miguel,False,True,matched,Rasa Serra Devassa
Rasa Serra Devassa,2016,Autumn,24,,diatom,2016,Sao Miguel,False,True,matched,Rasa Serra Devassa
Rasa Serra Devassa,2016,Autumn,22,,diatom,2016,Sao Miguel,False,True,matched,Rasa Serra Devassa
Rasa Serra Devassa,2017,Autumn,30,,diatom,2017_2018,Sao Miguel,False,True,matched,Rasa Serra Devassa
Rasa Serra Devassa,2018,Winter,21,,diatom,2017_2018,Sao Miguel,False,True,matched,Rasa Serra Devassa
Rasa Serra Devassa,2018,Spring,24,,diatom,2017_2018,Sao Miguel,False,True,matched,Rasa Serra Devassa
Rasa Serra Devassa,2018,Summer,16,,diatom,2017_2018,Sao Miguel,False,True,matched,Rasa Serra Devassa
Rasa Serra Devassa,2024,Winter,32,,diatom,2024,Sao Miguel,False,True,matched,Rasa Serra Devassa
Rasa Serra Devassa,2024,Spring,19,,diatom,2024,Sao Miguel,False,True,matched,Rasa Serra Devassa
Rasa Serra Devassa,2024,Summer,24,,diatom,2024,Sao Miguel,False,True,matched,Rasa Serra Devassa
Rasa Serra Devassa,2024,Autumn,22,,diatom,2024,Sao Miguel,False,True,matched,Rasa Serra Devassa
Rasa Serra Devassa,2025,Winter,19,,diatom,2025,Sao Miguel,False,True,matched,Rasa Serra Devassa
Rasa Serra Devassa,2025,Spring,23,,diatom,2025,Sao Miguel,False,True,matched,Rasa Serra Devassa
Rasa Serra Devassa,2025,Summer,19,,diatom,2025,Sao Miguel,False,True,matched,Rasa Serra Devassa
Rasa Serra Devassa,2025,Autumn,22,,diatom,2025,Sao Miguel,False,True,matched,Rasa Serra Devassa
Rasa Serra Devassa,2008,Spring,8,156,macro,historical,Sao Miguel,False,True,matched,Rasa Serra Devassa
Rasa Serra Devassa,2008,Summer,7,156,macro,historical,Sao Miguel,False,True,matched,Rasa Serra Devassa
Rasa Serra Devassa,2008,Autumn,1,156,macro,historical,Sao Miguel,False,True,matched,Rasa Serra Devassa
Rasa Serra Devassa,2009,Winter,3,156,macro,historical,Sao Miguel,False,True,matched,Rasa Serra Devassa
Rasa Serra Devassa,2009,Summer,4,156,macro,historical,Sao Miguel,False,True,matched,Rasa Serra Devassa
Rasa Serra Devassa,2010,Winter,4,156,macro,historical,Sao Miguel,False,True,matched,Rasa Serra Devassa
Rasa Serra Devassa,2010,Summer,1,156,macro,historical,Sao Miguel,False,True,matched,Rasa Serra Devassa
Rasa Serra Devassa,2011,Winter,3,156,macro,historical,Sao Miguel,False,True,matched,Rasa Serra Devassa
Rasa Serra Devassa,2011,Spring,5,156,macro,historical,Sao Miguel,False,True,matched,Rasa Serra Devassa
Rasa Serra Devassa,2011,Summer,8,156,macro,historical,Sao Miguel,False,True,matched,Rasa Serra Devassa
Rasa Serra Devassa,2011,Autumn,1,156,macro,historical,Sao Miguel,False,True,matched,Rasa Serra Devassa
Rasa Serra Devassa,2012,Winter,1,156,macro,historical,Sao Miguel,False,True,matched,Rasa Serra Devassa
Rasa Serra Devassa,2012,Spring,2,156,macro,historical,Sao Miguel,False,True,matched,Rasa Serra Devassa
Rasa Serra Devassa,2012,Summer,5,156,macro,historical,Sao Miguel,False,True,matched,Rasa Serra Devassa
Rasa Serra Devassa,2012,Autumn,4,156,macro,historical,Sao Miguel,False,True,matched,Rasa Serra Devassa
Rasa Serra Devassa,2018,Spring,10,121.0,macro,2018,Sao Miguel,False,True,matched,Rasa Serra Devassa
Rasa Serra Devassa,2024,Winter,6,,macro,2024,Sao Miguel,False,True,matched,Rasa Serra Devassa
Rasa Serra Devassa,2024,Spring,12,,macro,2024,Sao Miguel,False,True,matched,Rasa Serra Devassa
Rasa Serra Devassa,2024,Summer,7,,macro,2024,Sao Miguel,False,True,matched,Rasa Serra Devassa
Rasa Serra Devassa,2024,Autumn,7,,macro,2024,Sao Miguel,False,True,matched,Rasa Serra Devassa
Rasa Serra Devassa,2025,Winter,7,,macro,2025,Sao Miguel,False,True,matched,Rasa Serra Devassa
Rasa Serra Devassa,2025,Spring,9,,macro,2025,Sao Miguel,False,True,matched,Rasa Serra Devassa
Rasa Serra Devassa,2025,Summer,6,,macro,2025,Sao Miguel,False,True,matched,Rasa Serra Devassa
Rasa Serra Devassa,2025,Autumn,9,,macro,2025,Sao Miguel,False,True,matched,Rasa Serra Devassa
Rasa Serra Devassa,2008,Spring,2,127,macrophyte,historical,Sao Miguel,False,True,matched,Rasa Serra Devassa
Rasa Serra Devassa,2010,Summer,3,127,macrophyte,historical,Sao Miguel,False,True,matched,Rasa Serra Devassa
Rasa Serra Devassa,2011,Spring,9,127,macrophyte,historical,Sao Miguel,False,True,matched,Rasa Serra Devassa
Rasa Serra Devassa,2012,Summer,10,127,macrophyte,historical,Sao Miguel,False,True,matched,Rasa Serra Devassa
Rasa Serra Devassa,2008,Spring,21,279,phyto,historical,Sao Miguel,False,True,matched,Rasa Serra Devassa
Rasa Serra Devassa,2008,Autumn,19,279,phyto,historical,Sao Miguel,False,True,matched,Rasa Serra Devassa
Rasa Serra Devassa,2009,Winter,21,279,phyto,historical,Sao Miguel,False,True,matched,Rasa Serra Devassa
Rasa Serra Devassa,2009,Summer,27,279,phyto,historical,Sao Miguel,False,True,matched,Rasa Serra Devassa
Rasa Serra Devassa,2010,Winter,32,279,phyto,historical,Sao Miguel,False,True,matched,Rasa Serra Devassa
Rasa Serra Devassa,2010,Summer,22,279,phyto,historical,Sao Miguel,False,True,matched,Rasa Serra Devassa
Rasa Serra Devassa,2011,Winter,15,279,phyto,historical,Sao Miguel,False,True,matched,Rasa Serra Devassa
Rasa Serra Devassa,2011,Spring,34,279,phyto,historical,Sao Miguel,False,True,matched,Rasa Serra Devassa
Rasa Serra Devassa,2011,Summer,17,279,phyto,historical,Sao Miguel,False,True,matched,Rasa Serra Devassa
Rasa Serra Devassa,2011,Autumn,22,279,phyto,historical,Sao Miguel,False,True,matched,Rasa Serra Devassa
Rasa Serra Devassa,2012,Winter,27,279,phyto,historical,Sao Miguel,False,True,matched,Rasa Serra Devassa
Rasa Serra Devassa,2012,Spring,27,279,phyto,historical,Sao Miguel,False,True,matched,Rasa Serra Devassa
Rasa Serra Devassa,2012,Summer,27,279,phyto,historical,Sao Miguel,False,True,matched,Rasa Serra Devassa
Rasa Serra Devassa,2012,Autumn,19,279,phyto,historical,Sao Miguel,False,True,matched,Rasa Serra Devassa
Rasa Serra Devassa,2018,Winter,20,,phyto,2018,Sao Miguel,False,True,matched,Rasa Serra Devassa
Rasa Serra Devassa,2018,Spring,21,,phyto,2018,Sao Miguel,False,True,matched,Rasa Serra Devassa
Rasa Serra Devassa,2018,Summer,11,,phyto,2018,Sao Miguel,False,True,matched,Rasa Serra Devassa
Rasa Serra Devassa,2018,Autumn,16,,phyto,2018,Sao Miguel,False,True,matched,Rasa Serra Devassa
Rasa Serra Devassa,2024,Winter,12,,phyto,2024,Sao Miguel,False,True,matched,Rasa Serra Devassa
Rasa Serra Devassa,2024,Spring,16,,phyto,2024,Sao Miguel,False,True,matched,Rasa Serra Devassa
Rasa Serra Devassa,2024,Summer,11,,phyto,2024,Sao Miguel,False,True,matched,Rasa Serra Devassa
Rasa Serra Devassa,2024,Autumn,10,,phyto,2024,Sao Miguel,False,True,matched,Rasa Serra Devassa
Rasa Serra Devassa,2025,Winter,8,,phyto,2025,Sao Miguel,False,True,matched,Rasa Serra Devassa
Rasa Serra Devassa,2025,Spring,9,,phyto,2025,Sao Miguel,False,True,matched,Rasa Serra Devassa
Rasa Serra Devassa,2025,Summer,9,,phyto,2025,Sao Miguel,False,True,matched,Rasa Serra Devassa
Rasa Serra Devassa,2025,Autumn,11,,phyto,2025,Sao Miguel,False,True,matched,Rasa Serra Devassa
Rasa Serra Devassa,2024,Winter,12,,phyto_incl_bacillariophyta,2024,Sao Miguel,False,True,matched,Rasa Serra Devassa
Rasa Serra Devassa,2024,Spring,17,,phyto_incl_bacillariophyta,2024,Sao Miguel,False,True,matched,Rasa Serra Devassa
Rasa Serra Devassa,2024,Summer,13,,phyto_incl_bacillariophyta,2024,Sao Miguel,False,True,matched,Rasa Serra Devassa
Rasa Serra Devassa,2024,Autumn,12,,phyto_incl_bacillariophyta,2024,Sao Miguel,False,True,matched,Rasa Serra Devassa
Rasa Serra Devassa,2025,Winter,8,,phyto_incl_bacillariophyta,2025,Sao Miguel,False,True,matched,Rasa Serra Devassa
Rasa Serra Devassa,2025,Spring,9,,phyto_incl_bacillariophyta,2025,Sao Miguel,False,True,matched,Rasa Serra Devassa
Rasa Serra Devassa,2025,Summer,12,,phyto_incl_bacillariophyta,2025,Sao Miguel,False,True,matched,Rasa Serra Devassa
Rasa Serra Devassa,2025,Autumn,11,,phyto_incl_bacillariophyta,2025,Sao Miguel,False,True,matched,Rasa Serra Devassa
Rasa Serra Devassa,2025,Spring,0,,zoo,2025,Sao Miguel,False,True,matched,Rasa Serra Devassa
Rasa Sete Cidades,2008,Spring,14,412,diatom,historical,Sao Miguel,True,True,matched,Rasa Sete Cidades
Rasa Sete Cidades,2008,Autumn,15,412,diatom,historical,Sao Miguel,True,True,matched,Rasa Sete Cidades
Rasa Sete Cidades,2009,Winter,35,412,diatom,historical,Sao Miguel,True,True,matched,Rasa Sete Cidades
Rasa Sete Cidades,2009,Autumn,21,412,diatom,historical,Sao Miguel,True,True,matched,Rasa Sete Cidades
Rasa Sete Cidades,2010,Winter,27,412,diatom,historical,Sao Miguel,True,True,matched,Rasa Sete Cidades
Rasa Sete Cidades,2010,Summer,17,412,diatom,historical,Sao Miguel,True,True,matched,Rasa Sete Cidades
Rasa Sete Cidades,2011,Winter,18,412,diatom,historical,Sao Miguel,True,True,matched,Rasa Sete Cidades
Rasa Sete Cidades,2011,Spring,28,412,diatom,historical,Sao Miguel,True,True,matched,Rasa Sete Cidades
Rasa Sete Cidades,2011,Summer,31,412,diatom,historical,Sao Miguel,True,True,matched,Rasa Sete Cidades
Rasa Sete Cidades,2011,Autumn,35,412,diatom,historical,Sao Miguel,True,True,matched,Rasa Sete Cidades
Rasa Sete Cidades,2012,Winter,42,412,diatom,historical,Sao Miguel,True,True,matched,Rasa Sete Cidades
Rasa Sete Cidades,2012,Spring,35,412,diatom,historical,Sao Miguel,True,True,matched,Rasa Sete Cidades
Rasa Sete Cidades,2012,Summer,28,412,diatom,historical,Sao Miguel,True,True,matched,Rasa Sete Cidades
Rasa Sete Cidades,2012,Autumn,18,412,diatom,historical,Sao Miguel,True,True,matched,Rasa Sete Cidades
Rasa Sete Cidades,2015,Autumn,18,,diatom,2015,Sao Miguel,True,True,matched,Rasa Sete Cidades
Rasa Sete Cidades,2016,Winter,21,,diatom,2016,Sao Miguel,True,True,matched,Rasa Sete Cidades
Rasa Sete Cidades,2016,Spring,24,,diatom,2016,Sao Miguel,True,True,matched,Rasa Sete Cidades
Rasa Sete Cidades,2016,Summer,22,,diatom,2016,Sao Miguel,True,True,matched,Rasa Sete Cidades
Rasa Sete Cidades,2016,Autumn,18,,diatom,2016,Sao Miguel,True,True,matched,Rasa Sete Cidades
Rasa Sete Cidades,2017,Autumn,26,,diatom,2017_2018,Sao Miguel,True,True,matched,Rasa Sete Cidades
Rasa Sete Cidades,2018,Winter,15,,diatom,2017_2018,Sao Miguel,True,True,matched,Rasa Sete Cidades
Rasa Sete Cidades,2018,Spring,17,,diatom,2017_2018,Sao Miguel,True,True,matched,Rasa Sete Cidades
Rasa Sete Cidades,2018,Summer,18,,diatom,2017_2018,Sao Miguel,True,True,matched,Rasa Sete Cidades
Rasa Sete Cidades,2024,Winter,39,,diatom,2024,Sao Miguel,True,True,matched,Rasa Sete Cidades
Rasa Sete Cidades,2024,Spring,36,,diatom,2024,Sao Miguel,True,True,matched,Rasa Sete Cidades
Rasa Sete Cidades,2024,Summer,35,,diatom,2024,Sao Miguel,True,True,matched,Rasa Sete Cidades
Rasa Sete Cidades,2024,Autumn,27,,diatom,2024,Sao Miguel,True,True,matched,Rasa Sete Cidades
Rasa Sete Cidades,2025,Winter,24,,diatom,2025,Sao Miguel,True,True,matched,Rasa Sete Cidades
Rasa Sete Cidades,2025,Spring,27,,diatom,2025,Sao Miguel,True,True,matched,Rasa Sete Cidades
Rasa Sete Cidades,2025,Summer,23,,diatom,2025,Sao Miguel,True,True,matched,Rasa Sete Cidades
Rasa Sete Cidades,2025,Autumn,28,,diatom,2025,Sao Miguel,True,True,matched,Rasa Sete Cidades
Rasa Sete Cidades,2008,Spring,12,156,macro,historical,Sao Miguel,True,True,matched,Rasa Sete Cidades
Rasa Sete Cidades,2008,Summer,9,156,macro,historical,Sao Miguel,True,True,matched,Rasa Sete Cidades
Rasa Sete Cidades,2008,Autumn,3,156,macro,historical,Sao Miguel,True,True,matched,Rasa Sete Cidades
Rasa Sete Cidades,2009,Winter,7,156,macro,historical,Sao Miguel,True,True,matched,Rasa Sete Cidades
Rasa Sete Cidades,2009,Summer,3,156,macro,historical,Sao Miguel,True,True,matched,Rasa Sete Cidades
Rasa Sete Cidades,2010,Winter,8,156,macro,historical,Sao Miguel,True,True,matched,Rasa Sete Cidades
Rasa Sete Cidades,2010,Summer,12,156,macro,historical,Sao Miguel,True,True,matched,Rasa Sete Cidades
Rasa Sete Cidades,2011,Winter,4,156,macro,historical,Sao Miguel,True,True,matched,Rasa Sete Cidades
Rasa Sete Cidades,2011,Spring,7,156,macro,historical,Sao Miguel,True,True,matched,Rasa Sete Cidades
Rasa Sete Cidades,2011,Summer,6,156,macro,historical,Sao Miguel,True,True,matched,Rasa Sete Cidades
Rasa Sete Cidades,2011,Autumn,10,156,macro,historical,Sao Miguel,True,True,matched,Rasa Sete Cidades
Rasa Sete Cidades,2012,Winter,7,156,macro,historical,Sao Miguel,True,True,matched,Rasa Sete Cidades
Rasa Sete Cidades,2012,Spring,6,156,macro,historical,Sao Miguel,True,True,matched,Rasa Sete Cidades
Rasa Sete Cidades,2012,Summer,6,156,macro,historical,Sao Miguel,True,True,matched,Rasa Sete Cidades
Rasa Sete Cidades,2012,Autumn,3,156,macro,historical,Sao Miguel,True,True,matched,Rasa Sete Cidades
Rasa Sete Cidades,2018,Spring,9,121.0,macro,2018,Sao Miguel,True,True,matched,Rasa Sete Cidades
Rasa Sete Cidades,2024,Winter,10,,macro,2024,Sao Miguel,True,True,matched,Rasa Sete Cidades
Rasa Sete Cidades,2024,Spring,8,,macro,2024,Sao Miguel,True,True,matched,Rasa Sete Cidades
Rasa Sete Cidades,2024,Summer,4,,macro,2024,Sao Miguel,True,True,matched,Rasa Sete Cidades
Rasa Sete Cidades,2024,Autumn,5,,macro,2024,Sao Miguel,True,True,matched,Rasa Sete Cidades
Rasa Sete Cidades,2025,Winter,9,,macro,2025,Sao Miguel,True,True,matched,Rasa Sete Cidades
Rasa Sete Cidades,2025,Spring,3,,macro,2025,Sao Miguel,True,True,matched,Rasa Sete Cidades
Rasa Sete Cidades,2025,Summer,3,,macro,2025,Sao Miguel,True,True,matched,Rasa Sete Cidades
Rasa Sete Cidades,2025,Autumn,4,,macro,2025,Sao Miguel,True,True,matched,Rasa Sete Cidades
Rasa Sete Cidades,2008,Spring,2,127,macrophyte,historical,Sao Miguel,True,True,matched,Rasa Sete Cidades
Rasa Sete Cidades,2010,Summer,4,127,macrophyte,historical,Sao Miguel,True,True,matched,Rasa Sete Cidades
Rasa Sete Cidades,2011,Spring,5,127,macrophyte,historical,Sao Miguel,True,True,matched,Rasa Sete Cidades
Rasa Sete Cidades,2012,Summer,7,127,macrophyte,historical,Sao Miguel,True,True,matched,Rasa Sete Cidades
Rasa Sete Cidades,2008,Spring,7,279,phyto,historical,Sao Miguel,True,True,matched,Rasa Sete Cidades
Rasa Sete Cidades,2008,Autumn,11,279,phyto,historical,Sao Miguel,True,True,matched,Rasa Sete Cidades
Rasa Sete Cidades,2009,Winter,5,279,phyto,historical,Sao Miguel,True,True,matched,Rasa Sete Cidades
Rasa Sete Cidades,2009,Summer,12,279,phyto,historical,Sao Miguel,True,True,matched,Rasa Sete Cidades
Rasa Sete Cidades,2010,Winter,8,279,phyto,historical,Sao Miguel,True,True,matched,Rasa Sete Cidades
Rasa Sete Cidades,2010,Summer,5,279,phyto,historical,Sao Miguel,True,True,matched,Rasa Sete Cidades
Rasa Sete Cidades,2011,Winter,6,279,phyto,historical,Sao Miguel,True,True,matched,Rasa Sete Cidades
Rasa Sete Cidades,2011,Spring,12,279,phyto,historical,Sao Miguel,True,True,matched,Rasa Sete Cidades
Rasa Sete Cidades,2011,Summer,8,279,phyto,historical,Sao Miguel,True,True,matched,Rasa Sete Cidades
Rasa Sete Cidades,2011,Autumn,12,279,phyto,historical,Sao Miguel,True,True,matched,Rasa Sete Cidades
Rasa Sete Cidades,2012,Winter,10,279,phyto,historical,Sao Miguel,True,True,matched,Rasa Sete Cidades
Rasa Sete Cidades,2012,Spring,10,279,phyto,historical,Sao Miguel,True,True,matched,Rasa Sete Cidades
Rasa Sete Cidades,2012,Summer,7,279,phyto,historical,Sao Miguel,True,True,matched,Rasa Sete Cidades
Rasa Sete Cidades,2012,Autumn,8,279,phyto,historical,Sao Miguel,True,True,matched,Rasa Sete Cidades
Rasa Sete Cidades,2018,Winter,3,,phyto,2018,Sao Miguel,True,True,matched,Rasa Sete Cidades
Rasa Sete Cidades,2018,Spring,5,,phyto,2018,Sao Miguel,True,True,matched,Rasa Sete Cidades
Rasa Sete Cidades,2018,Summer,3,,phyto,2018,Sao Miguel,True,True,matched,Rasa Sete Cidades
Rasa Sete Cidades,2018,Autumn,4,,phyto,2018,Sao Miguel,True,True,matched,Rasa Sete Cidades
Rasa Sete Cidades,2024,Winter,3,,phyto,2024,Sao Miguel,True,True,matched,Rasa Sete Cidades
Rasa Sete Cidades,2024,Spring,4,,phyto,2024,Sao Miguel,True,True,matched,Rasa Sete Cidades
Rasa Sete Cidades,2024,Summer,6,,phyto,2024,Sao Miguel,True,True,matched,Rasa Sete Cidades
Rasa Sete Cidades,2024,Autumn,6,,phyto,2024,Sao Miguel,True,True,matched,Rasa Sete Cidades
Rasa Sete Cidades,2025,Winter,4,,phyto,2025,Sao Miguel,True,True,matched,Rasa Sete Cidades
Rasa Sete Cidades,2025,Spring,5,,phyto,2025,Sao Miguel,True,True,matched,Rasa Sete Cidades
Rasa Sete Cidades,2025,Summer,5,,phyto,2025,Sao Miguel,True,True,matched,Rasa Sete Cidades
Rasa Sete Cidades,2025,Autumn,4,,phyto,2025,Sao Miguel,True,True,matched,Rasa Sete Cidades
Rasa Sete Cidades,2024,Winter,4,,phyto_incl_bacillariophyta,2024,Sao Miguel,True,True,matched,Rasa Sete Cidades
Rasa Sete Cidades,2024,Spring,5,,phyto_incl_bacillariophyta,2024,Sao Miguel,True,True,matched,Rasa Sete Cidades
Rasa Sete Cidades,2024,Summer,7,,phyto_incl_bacillariophyta,2024,Sao Miguel,True,True,matched,Rasa Sete Cidades
Rasa Sete Cidades,2024,Autumn,7,,phyto_incl_bacillariophyta,2024,Sao Miguel,True,True,matched,Rasa Sete Cidades
Rasa Sete Cidades,2025,Winter,5,,phyto_incl_bacillariophyta,2025,Sao Miguel,True,True,matched,Rasa Sete Cidades
Rasa Sete Cidades,2025,Spring,5,,phyto_incl_bacillariophyta,2025,Sao Miguel,True,True,matched,Rasa Sete Cidades
Rasa Sete Cidades,2025,Summer,6,,phyto_incl_bacillariophyta,2025,Sao Miguel,True,True,matched,Rasa Sete Cidades
Rasa Sete Cidades,2025,Autumn,4,,phyto_incl_bacillariophyta,2025,Sao Miguel,True,True,matched,Rasa Sete Cidades
Rasa Sete Cidades,2011,Summer,15,110,zoo,historical,Sao Miguel,True,True,matched,Rasa Sete Cidades
Rasa Sete Cidades,2025,Spring,7,,zoo,2025,Sao Miguel,True,True,matched,Rasa Sete Cidades
Santiago,2008,Spring,26,412,diatom,historical,Sao Miguel,True,True,matched,Santiago
Santiago,2009,Autumn,28,412,diatom,historical,Sao Miguel,True,True,matched,Santiago
Santiago,2010,Winter,20,412,diatom,historical,Sao Miguel,True,True,matched,Santiago
Santiago,2011,Autumn,24,412,diatom,historical,Sao Miguel,True,True,matched,Santiago
Santiago,2012,Winter,36,412,diatom,historical,Sao Miguel,True,True,matched,Santiago
Santiago,2012,Spring,36,412,diatom,historical,Sao Miguel,True,True,matched,Santiago
Santiago,2012,Summer,29,412,diatom,historical,Sao Miguel,True,True,matched,Santiago
Santiago,2012,Autumn,29,412,diatom,historical,Sao Miguel,True,True,matched,Santiago
Santiago,2015,Autumn,21,,diatom,2015,Sao Miguel,True,True,matched,Santiago
Santiago,2016,Summer,33,,diatom,2016,Sao Miguel,True,True,matched,Santiago
Santiago,2016,Autumn,20,,diatom,2016,Sao Miguel,True,True,matched,Santiago
Santiago,2016,Autumn,20,,diatom,2016,Sao Miguel,True,True,matched,Santiago
Santiago,2017,Autumn,21,,diatom,2017_2018,Sao Miguel,True,True,matched,Santiago
Santiago,2018,Winter,18,,diatom,2017_2018,Sao Miguel,True,True,matched,Santiago
Santiago,2018,Spring,20,,diatom,2017_2018,Sao Miguel,True,True,matched,Santiago
Santiago,2018,Summer,16,,diatom,2017_2018,Sao Miguel,True,True,matched,Santiago
Santiago,2024,Winter,18,,diatom,2024,Sao Miguel,True,True,matched,Santiago
Santiago,2024,Spring,9,,diatom,2024,Sao Miguel,True,True,matched,Santiago
Santiago,2024,Summer,19,,diatom,2024,Sao Miguel,True,True,matched,Santiago
Santiago,2024,Autumn,12,,diatom,2024,Sao Miguel,True,True,matched,Santiago
Santiago,2025,Winter,16,,diatom,2025,Sao Miguel,True,True,matched,Santiago
Santiago,2025,Spring,16,,diatom,2025,Sao Miguel,True,True,matched,Santiago
Santiago,2025,Summer,13,,diatom,2025,Sao Miguel,True,True,matched,Santiago
Santiago,2025,Autumn,12,,diatom,2025,Sao Miguel,True,True,matched,Santiago
Santiago,2008,Spring,3,156,macro,historical,Sao Miguel,True,True,matched,Santiago
Santiago,2008,Summer,6,156,macro,historical,Sao Miguel,True,True,matched,Santiago
Santiago,2008,Autumn,6,156,macro,historical,Sao Miguel,True,True,matched,Santiago
Santiago,2009,Winter,9,156,macro,historical,Sao Miguel,True,True,matched,Santiago
Santiago,2009,Summer,5,156,macro,historical,Sao Miguel,True,True,matched,Santiago
Santiago,2010,Winter,13,156,macro,historical,Sao Miguel,True,True,matched,Santiago
Santiago,2010,Summer,2,156,macro,historical,Sao Miguel,True,True,matched,Santiago
Santiago,2011,Autumn,4,156,macro,historical,Sao Miguel,True,True,matched,Santiago
Santiago,2012,Winter,4,156,macro,historical,Sao Miguel,True,True,matched,Santiago
Santiago,2012,Spring,6,156,macro,historical,Sao Miguel,True,True,matched,Santiago
Santiago,2012,Summer,3,156,macro,historical,Sao Miguel,True,True,matched,Santiago
Santiago,2012,Autumn,4,156,macro,historical,Sao Miguel,True,True,matched,Santiago
Santiago,2018,Spring,7,121.0,macro,2018,Sao Miguel,True,True,matched,Santiago
Santiago,2024,Winter,4,,macro,2024,Sao Miguel,True,True,matched,Santiago
Santiago,2024,Spring,3,,macro,2024,Sao Miguel,True,True,matched,Santiago
Santiago,2024,Summer,2,,macro,2024,Sao Miguel,True,True,matched,Santiago
Santiago,2024,Autumn,4,,macro,2024,Sao Miguel,True,True,matched,Santiago
Santiago,2025,Winter,1,,macro,2025,Sao Miguel,True,True,matched,Santiago
Santiago,2025,Spring,2,,macro,2025,Sao Miguel,True,True,matched,Santiago
Santiago,2025,Summer,3,,macro,2025,Sao Miguel,True,True,matched,Santiago
Santiago,2025,Autumn,5,,macro,2025,Sao Miguel,True,True,matched,Santiago
Santiago,2011,Spring,9,127,macrophyte,historical,Sao Miguel,True,True,matched,Santiago
Santiago,2012,Summer,6,127,macrophyte,historical,Sao Miguel,True,True,matched,Santiago
Santiago,2008,Spring,23,279,phyto,historical,Sao Miguel,True,True,matched,Santiago
Santiago,2008,Autumn,23,279,phyto,historical,Sao Miguel,True,True,matched,Santiago
Santiago,2009,Winter,21,279,phyto,historical,Sao Miguel,True,True,matched,Santiago
Santiago,2009,Summer,14,279,phyto,historical,Sao Miguel,True,True,matched,Santiago
Santiago,2010,Winter,25,279,phyto,historical,Sao Miguel,True,True,matched,Santiago
Santiago,2010,Summer,15,279,phyto,historical,Sao Miguel,True,True,matched,Santiago
Santiago,2011,Winter,14,279,phyto,historical,Sao Miguel,True,True,matched,Santiago
Santiago,2011,Spring,19,279,phyto,historical,Sao Miguel,True,True,matched,Santiago
Santiago,2011,Summer,17,279,phyto,historical,Sao Miguel,True,True,matched,Santiago
Santiago,2011,Autumn,17,279,phyto,historical,Sao Miguel,True,True,matched,Santiago
Santiago,2012,Winter,20,279,phyto,historical,Sao Miguel,True,True,matched,Santiago
Santiago,2012,Spring,21,279,phyto,historical,Sao Miguel,True,True,matched,Santiago
Santiago,2012,Summer,15,279,phyto,historical,Sao Miguel,True,True,matched,Santiago
Santiago,2012,Autumn,8,279,phyto,historical,Sao Miguel,True,True,matched,Santiago
Santiago,2018,Winter,19,,phyto,2018,Sao Miguel,True,True,matched,Santiago
Santiago,2018,Spring,21,,phyto,2018,Sao Miguel,True,True,matched,Santiago
Santiago,2018,Summer,23,,phyto,2018,Sao Miguel,True,True,matched,Santiago
Santiago,2018,Autumn,11,,phyto,2018,Sao Miguel,True,True,matched,Santiago
Santiago,2024,Winter,7,,phyto,2024,Sao Miguel,True,True,matched,Santiago
Santiago,2024,Spring,15,,phyto,2024,Sao Miguel,True,True,matched,Santiago
Santiago,2024,Summer,8,,phyto,2024,Sao Miguel,True,True,matched,Santiago
Santiago,2024,Autumn,8,,phyto,2024,Sao Miguel,True,True,matched,Santiago
Santiago,2025,Winter,5,,phyto,2025,Sao Miguel,True,True,matched,Santiago
Santiago,2025,Spring,6,,phyto,2025,Sao Miguel,True,True,matched,Santiago
Santiago,2025,Summer,5,,phyto,2025,Sao Miguel,True,True,matched,Santiago
Santiago,2025,Autumn,9,,phyto,2025,Sao Miguel,True,True,matched,Santiago
Santiago,2024,Winter,12,,phyto_incl_bacillariophyta,2024,Sao Miguel,True,True,matched,Santiago
Santiago,2024,Spring,19,,phyto_incl_bacillariophyta,2024,Sao Miguel,True,True,matched,Santiago
Santiago,2024,Summer,10,,phyto_incl_bacillariophyta,2024,Sao Miguel,True,True,matched,Santiago
Santiago,2024,Autumn,10,,phyto_incl_bacillariophyta,2024,Sao Miguel,True,True,matched,Santiago
Santiago,2025,Winter,8,,phyto_incl_bacillariophyta,2025,Sao Miguel,True,True,matched,Santiago
Santiago,2025,Spring,8,,phyto_incl_bacillariophyta,2025,Sao Miguel,True,True,matched,Santiago
Santiago,2025,Summer,6,,phyto_incl_bacillariophyta,2025,Sao Miguel,True,True,matched,Santiago
Santiago,2025,Autumn,10,,phyto_incl_bacillariophyta,2025,Sao Miguel,True,True,matched,Santiago
Santiago,2011,Summer,20,110,zoo,historical,Sao Miguel,True,True,matched,Santiago
Santiago,2011,Autumn,15,110,zoo,historical,Sao Miguel,True,True,matched,Santiago
Santiago,2012,Winter,15,110,zoo,historical,Sao Miguel,True,True,matched,Santiago
Santiago,2012,Spring,11,110,zoo,historical,Sao Miguel,True,True,matched,Santiago
Santiago,2025,Spring,5,,zoo,2025,Sao Miguel,True,True,matched,Santiago
Sao Bras,2003,Autumn,29,412,diatom,historical,Sao Miguel,True,True,matched,São Brás
Sao Bras,2004,Winter,42,412,diatom,historical,Sao Miguel,True,True,matched,São Brás
Sao Bras,2004,Spring,28,412,diatom,historical,Sao Miguel,True,True,matched,São Brás
Sao Bras,2004,Summer,35,412,diatom,historical,Sao Miguel,True,True,matched,São Brás
Sao Bras,2005,Winter,10,412,diatom,historical,Sao Miguel,True,True,matched,São Brás
Sao Bras,2005,Summer,29,412,diatom,historical,Sao Miguel,True,True,matched,São Brás
Sao Bras,2006,Winter,21,412,diatom,historical,Sao Miguel,True,True,matched,São Brás
Sao Bras,2006,Spring,22,412,diatom,historical,Sao Miguel,True,True,matched,São Brás
Sao Bras,2006,Summer,21,412,diatom,historical,Sao Miguel,True,True,matched,São Brás
Sao Bras,2007,Winter,34,412,diatom,historical,Sao Miguel,True,True,matched,São Brás
Sao Bras,2008,Winter,39,412,diatom,historical,Sao Miguel,True,True,matched,São Brás
Sao Bras,2008,Spring,27,412,diatom,historical,Sao Miguel,True,True,matched,São Brás
Sao Bras,2008,Summer,36,412,diatom,historical,Sao Miguel,True,True,matched,São Brás
Sao Bras,2008,Autumn,36,412,diatom,historical,Sao Miguel,True,True,matched,São Brás
Sao Bras,2009,Winter,33,412,diatom,historical,Sao Miguel,True,True,matched,São Brás
Sao Bras,2009,Autumn,33,412,diatom,historical,Sao Miguel,True,True,matched,São Brás
Sao Bras,2010,Winter,40,412,diatom,historical,Sao Miguel,True,True,matched,São Brás
Sao Bras,2010,Spring,42,412,diatom,historical,Sao Miguel,True,True,matched,São Brás
Sao Bras,2010,Summer,35,412,diatom,historical,Sao Miguel,True,True,matched,São Brás
Sao Bras,2010,Autumn,38,412,diatom,historical,Sao Miguel,True,True,matched,São Brás
Sao Bras,2011,Winter,30,412,diatom,historical,Sao Miguel,True,True,matched,São Brás
Sao Bras,2011,Spring,31,412,diatom,historical,Sao Miguel,True,True,matched,São Brás
Sao Bras,2011,Summer,36,412,diatom,historical,Sao Miguel,True,True,matched,São Brás
Sao Bras,2011,Autumn,27,412,diatom,historical,Sao Miguel,True,True,matched,São Brás
Sao Bras,2012,Winter,42,412,diatom,historical,Sao Miguel,True,True,matched,São Brás
Sao Bras,2012,Spring,37,412,diatom,historical,Sao Miguel,True,True,matched,São Brás
Sao Bras,2012,Summer,30,412,diatom,historical,Sao Miguel,True,True,matched,São Brás
Sao Bras,2012,Autumn,23,412,diatom,historical,Sao Miguel,True,True,matched,São Brás
Sao Bras,2015,Autumn,47,,diatom,2015,Sao Miguel,True,True,matched,São Brás
Sao Bras,2016,Winter,31,,diatom,2016,Sao Miguel,True,True,matched,São Brás
Sao Bras,2016,Spring,32,,diatom,2016,Sao Miguel,True,True,matched,São Brás
Sao Bras,2016,Autumn,34,,diatom,2016,Sao Miguel,True,True,matched,São Brás
Sao Bras,2016,Autumn,31,,diatom,2016,Sao Miguel,True,True,matched,São Brás
Sao Bras,2017,Autumn,30,,diatom,2017_2018,Sao Miguel,True,True,matched,São Brás
Sao Bras,2018,Winter,18,,diatom,2017_2018,Sao Miguel,True,True,matched,São Brás
Sao Bras,2018,Spring,19,,diatom,2017_2018,Sao Miguel,True,True,matched,São Brás
Sao Bras,2018,Summer,22,,diatom,2017_2018,Sao Miguel,True,True,matched,São Brás
Sao Bras,2024,Winter,19,,diatom,2024,Sao Miguel,True,True,matched,São Brás
Sao Bras,2024,Spring,30,,diatom,2024,Sao Miguel,True,True,matched,São Brás
Sao Bras,2024,Summer,27,,diatom,2024,Sao Miguel,True,True,matched,São Brás
Sao Bras,2024,Autumn,39,,diatom,2024,Sao Miguel,True,True,matched,São Brás
Sao Bras,2025,Winter,34,,diatom,2025,Sao Miguel,True,True,matched,São Brás
Sao Bras,2025,Spring,30,,diatom,2025,Sao Miguel,True,True,matched,São Brás
Sao Bras,2025,Summer,31,,diatom,2025,Sao Miguel,True,True,matched,São Brás
Sao Bras,2025,Autumn,23,,diatom,2025,Sao Miguel,True,True,matched,São Brás
Sao Bras,2003,Autumn,6,156,macro,historical,Sao Miguel,True,True,matched,São Brás
Sao Bras,2004,Winter,1,156,macro,historical,Sao Miguel,True,True,matched,São Brás
Sao Bras,2004,Spring,5,156,macro,historical,Sao Miguel,True,True,matched,São Brás
Sao Bras,2004,Summer,2,156,macro,historical,Sao Miguel,True,True,matched,São Brás
Sao Bras,2005,Winter,12,156,macro,historical,Sao Miguel,True,True,matched,São Brás
Sao Bras,2005,Spring,14,156,macro,historical,Sao Miguel,True,True,matched,São Brás
Sao Bras,2006,Winter,10,156,macro,historical,Sao Miguel,True,True,matched,São Brás
Sao Bras,2006,Spring,10,156,macro,historical,Sao Miguel,True,True,matched,São Brás
Sao Bras,2006,Summer,8,156,macro,historical,Sao Miguel,True,True,matched,São Brás
Sao Bras,2008,Winter,8,156,macro,historical,Sao Miguel,True,True,matched,São Brás
Sao Bras,2008,Spring,13,156,macro,historical,Sao Miguel,True,True,matched,São Brás
Sao Bras,2008,Summer,7,156,macro,historical,Sao Miguel,True,True,matched,São Brás
Sao Bras,2008,Autumn,6,156,macro,historical,Sao Miguel,True,True,matched,São Brás
Sao Bras,2009,Winter,7,156,macro,historical,Sao Miguel,True,True,matched,São Brás
Sao Bras,2009,Summer,8,156,macro,historical,Sao Miguel,True,True,matched,São Brás
Sao Bras,2010,Winter,8,156,macro,historical,Sao Miguel,True,True,matched,São Brás
Sao Bras,2010,Spring,11,156,macro,historical,Sao Miguel,True,True,matched,São Brás
Sao Bras,2010,Summer,9,156,macro,historical,Sao Miguel,True,True,matched,São Brás
Sao Bras,2010,Autumn,12,156,macro,historical,Sao Miguel,True,True,matched,São Brás
Sao Bras,2011,Winter,7,156,macro,historical,Sao Miguel,True,True,matched,São Brás
Sao Bras,2011,Spring,6,156,macro,historical,Sao Miguel,True,True,matched,São Brás
Sao Bras,2011,Summer,12,156,macro,historical,Sao Miguel,True,True,matched,São Brás
Sao Bras,2011,Autumn,6,156,macro,historical,Sao Miguel,True,True,matched,São Brás
Sao Bras,2012,Winter,5,156,macro,historical,Sao Miguel,True,True,matched,São Brás
Sao Bras,2012,Spring,11,156,macro,historical,Sao Miguel,True,True,matched,São Brás
Sao Bras,2012,Summer,11,156,macro,historical,Sao Miguel,True,True,matched,São Brás
Sao Bras,2012,Autumn,3,156,macro,historical,Sao Miguel,True,True,matched,São Brás
Sao Bras,2018,Spring,14,121.0,macro,2018,Sao Miguel,True,True,matched,São Brás
Sao Bras,2024,Winter,12,,macro,2024,Sao Miguel,True,True,matched,São Brás
Sao Bras,2024,Spring,10,,macro,2024,Sao Miguel,True,True,matched,São Brás
Sao Bras,2024,Summer,7,,macro,2024,Sao Miguel,True,True,matched,São Brás
Sao Bras,2024,Autumn,4,,macro,2024,Sao Miguel,True,True,matched,São Brás
Sao Bras,2025,Winter,9,,macro,2025,Sao Miguel,True,True,matched,São Brás
Sao Bras,2025,Spring,6,,macro,2025,Sao Miguel,True,True,matched,São Brás
Sao Bras,2025,Summer,8,,macro,2025,Sao Miguel,True,True,matched,São Brás
Sao Bras,2025,Autumn,9,,macro,2025,Sao Miguel,True,True,matched,São Brás
Sao Bras,2010,Spring,11,127,macrophyte,historical,Sao Miguel,True,True,matched,São Brás
Sao Bras,2011,Spring,4,127,macrophyte,historical,Sao Miguel,True,True,matched,São Brás
Sao Bras,2012,Summer,14,127,macrophyte,historical,Sao Miguel,True,True,matched,São Brás
Sao Bras,2003,Autumn,27,279,phyto,historical,Sao Miguel,True,True,matched,São Brás
Sao Bras,2004,Winter,31,279,phyto,historical,Sao Miguel,True,True,matched,São Brás
Sao Bras,2004,Spring,21,279,phyto,historical,Sao Miguel,True,True,matched,São Brás
Sao Bras,2004,Summer,25,279,phyto,historical,Sao Miguel,True,True,matched,São Brás
Sao Bras,2005,Winter,24,279,phyto,historical,Sao Miguel,True,True,matched,São Brás
Sao Bras,2005,Summer,20,279,phyto,historical,Sao Miguel,True,True,matched,São Brás
Sao Bras,2006,Winter,27,279,phyto,historical,Sao Miguel,True,True,matched,São Brás
Sao Bras,2006,Spring,22,279,phyto,historical,Sao Miguel,True,True,matched,São Brás
Sao Bras,2007,Winter,26,279,phyto,historical,Sao Miguel,True,True,matched,São Brás
Sao Bras,2008,Winter,24,279,phyto,historical,Sao Miguel,True,True,matched,São Brás
Sao Bras,2008,Spring,20,279,phyto,historical,Sao Miguel,True,True,matched,São Brás
Sao Bras,2008,Summer,22,279,phyto,historical,Sao Miguel,True,True,matched,São Brás
Sao Bras,2008,Autumn,26,279,phyto,historical,Sao Miguel,True,True,matched,São Brás
Sao Bras,2009,Winter,22,279,phyto,historical,Sao Miguel,True,True,matched,São Brás
Sao Bras,2009,Summer,22,279,phyto,historical,Sao Miguel,True,True,matched,São Brás
Sao Bras,2010,Winter,27,279,phyto,historical,Sao Miguel,True,True,matched,São Brás
Sao Bras,2010,Spring,23,279,phyto,historical,Sao Miguel,True,True,matched,São Brás
Sao Bras,2010,Summer,22,279,phyto,historical,Sao Miguel,True,True,matched,São Brás
Sao Bras,2010,Autumn,25,279,phyto,historical,Sao Miguel,True,True,matched,São Brás
Sao Bras,2011,Winter,26,279,phyto,historical,Sao Miguel,True,True,matched,São Brás
Sao Bras,2011,Spring,30,279,phyto,historical,Sao Miguel,True,True,matched,São Brás
Sao Bras,2011,Summer,21,279,phyto,historical,Sao Miguel,True,True,matched,São Brás
Sao Bras,2011,Autumn,24,279,phyto,historical,Sao Miguel,True,True,matched,São Brás
Sao Bras,2012,Winter,31,279,phyto,historical,Sao Miguel,True,True,matched,São Brás
Sao Bras,2012,Spring,29,279,phyto,historical,Sao Miguel,True,True,matched,São Brás
Sao Bras,2012,Summer,23,279,phyto,historical,Sao Miguel,True,True,matched,São Brás
Sao Bras,2012,Autumn,15,279,phyto,historical,Sao Miguel,True,True,matched,São Brás
Sao Bras,2018,Winter,22,,phyto,2018,Sao Miguel,True,True,matched,São Brás
Sao Bras,2018,Spring,23,,phyto,2018,Sao Miguel,True,True,matched,São Brás
Sao Bras,2018,Summer,19,,phyto,2018,Sao Miguel,True,True,matched,São Brás
Sao Bras,2018,Autumn,18,,phyto,2018,Sao Miguel,True,True,matched,São Brás
Sao Bras,2024,Winter,13,,phyto,2024,Sao Miguel,True,True,matched,São Brás
Sao Bras,2024,Spring,19,,phyto,2024,Sao Miguel,True,True,matched,São Brás
Sao Bras,2024,Summer,6,,phyto,2024,Sao Miguel,True,True,matched,São Brás
Sao Bras,2024,Autumn,7,,phyto,2024,Sao Miguel,True,True,matched,São Brás
Sao Bras,2025,Winter,9,,phyto,2025,Sao Miguel,True,True,matched,São Brás
Sao Bras,2025,Spring,8,,phyto,2025,Sao Miguel,True,True,matched,São Brás
Sao Bras,2025,Summer,7,,phyto,2025,Sao Miguel,True,True,matched,São Brás
Sao Bras,2025,Autumn,8,,phyto,2025,Sao Miguel,True,True,matched,São Brás
Sao Bras,2024,Winter,14,,phyto_incl_bacillariophyta,2024,Sao Miguel,True,True,matched,São Brás
Sao Bras,2024,Spring,21,,phyto_incl_bacillariophyta,2024,Sao Miguel,True,True,matched,São Brás
Sao Bras,2024,Summer,8,,phyto_incl_bacillariophyta,2024,Sao Miguel,True,True,matched,São Brás
Sao Bras,2024,Autumn,9,,phyto_incl_bacillariophyta,2024,Sao Miguel,True,True,matched,São Brás
Sao Bras,2025,Winter,10,,phyto_incl_bacillariophyta,2025,Sao Miguel,True,True,matched,São Brás
Sao Bras,2025,Spring,10,,phyto_incl_bacillariophyta,2025,Sao Miguel,True,True,matched,São Brás
Sao Bras,2025,Summer,9,,phyto_incl_bacillariophyta,2025,Sao Miguel,True,True,matched,São Brás
Sao Bras,2025,Autumn,10,,phyto_incl_bacillariophyta,2025,Sao Miguel,True,True,matched,São Brás
Sao Bras,2011,Summer,17,110,zoo,historical,Sao Miguel,True,True,matched,São Brás
Sao Bras,2025,Spring,6,,zoo,2025,Sao Miguel,True,True,matched,São Brás
Verde,2003,Autumn,35,412,diatom,historical,Sao Miguel,True,True,matched,Verde
Verde,2004,Winter,38,412,diatom,historical,Sao Miguel,True,True,matched,Verde
Verde,2004,Spring,47,412,diatom,historical,Sao Miguel,True,True,matched,Verde
Verde,2004,Summer,33,412,diatom,historical,Sao Miguel,True,True,matched,Verde
Verde,2005,Winter,27,412,diatom,historical,Sao Miguel,True,True,matched,Verde
Verde,2005,Spring,31,412,diatom,historical,Sao Miguel,True,True,matched,Verde
Verde,2005,Summer,28,412,diatom,historical,Sao Miguel,True,True,matched,Verde
Verde,2006,Winter,43,412,diatom,historical,Sao Miguel,True,True,matched,Verde
Verde,2006,Spring,36,412,diatom,historical,Sao Miguel,True,True,matched,Verde
Verde,2006,Summer,36,412,diatom,historical,Sao Miguel,True,True,matched,Verde
Verde,2008,Winter,41,412,diatom,historical,Sao Miguel,True,True,matched,Verde
Verde,2008,Spring,39,412,diatom,historical,Sao Miguel,True,True,matched,Verde
Verde,2008,Summer,31,412,diatom,historical,Sao Miguel,True,True,matched,Verde
Verde,2008,Autumn,28,412,diatom,historical,Sao Miguel,True,True,matched,Verde
Verde,2009,Winter,22,412,diatom,historical,Sao Miguel,True,True,matched,Verde
Verde,2009,Autumn,27,412,diatom,historical,Sao Miguel,True,True,matched,Verde
Verde,2010,Winter,24,412,diatom,historical,Sao Miguel,True,True,matched,Verde
Verde,2010,Spring,32,412,diatom,historical,Sao Miguel,True,True,matched,Verde
Verde,2010,Summer,36,412,diatom,historical,Sao Miguel,True,True,matched,Verde
Verde,2010,Autumn,35,412,diatom,historical,Sao Miguel,True,True,matched,Verde
Verde,2011,Winter,32,412,diatom,historical,Sao Miguel,True,True,matched,Verde
Verde,2011,Spring,38,412,diatom,historical,Sao Miguel,True,True,matched,Verde
Verde,2011,Summer,39,412,diatom,historical,Sao Miguel,True,True,matched,Verde
Verde,2011,Autumn,31,412,diatom,historical,Sao Miguel,True,True,matched,Verde
Verde,2012,Winter,28,412,diatom,historical,Sao Miguel,True,True,matched,Verde
Verde,2012,Spring,33,412,diatom,historical,Sao Miguel,True,True,matched,Verde
Verde,2012,Summer,24,412,diatom,historical,Sao Miguel,True,True,matched,Verde
Verde,2012,Autumn,34,412,diatom,historical,Sao Miguel,True,True,matched,Verde
Verde,2015,Autumn,38,,diatom,2015,Sao Miguel,True,True,matched,Verde
Verde,2016,Winter,34,,diatom,2016,Sao Miguel,True,True,matched,Verde
Verde,2016,Spring,34,,diatom,2016,Sao Miguel,True,True,matched,Verde
Verde,2016,Autumn,38,,diatom,2016,Sao Miguel,True,True,matched,Verde
Verde,2016,Autumn,44,,diatom,2016,Sao Miguel,True,True,matched,Verde
Verde,2017,Autumn,20,,diatom,2017_2018,Sao Miguel,True,True,matched,Verde
Verde,2018,Winter,21,,diatom,2017_2018,Sao Miguel,True,True,matched,Verde
Verde,2018,Spring,20,,diatom,2017_2018,Sao Miguel,True,True,matched,Verde
Verde,2018,Summer,16,,diatom,2017_2018,Sao Miguel,True,True,matched,Verde
Verde,2024,Winter,29,,diatom,2024,Sao Miguel,True,True,matched,Verde
Verde,2024,Spring,18,,diatom,2024,Sao Miguel,True,True,matched,Verde
Verde,2024,Summer,33,,diatom,2024,Sao Miguel,True,True,matched,Verde
Verde,2024,Autumn,34,,diatom,2024,Sao Miguel,True,True,matched,Verde
Verde,2025,Winter,30,,diatom,2025,Sao Miguel,True,True,matched,Verde
Verde,2025,Spring,29,,diatom,2025,Sao Miguel,True,True,matched,Verde
Verde,2025,Summer,38,,diatom,2025,Sao Miguel,True,True,matched,Verde
Verde,2025,Autumn,26,,diatom,2025,Sao Miguel,True,True,matched,Verde
Verde,2003,Autumn,5,156,macro,historical,Sao Miguel,True,True,matched,Verde
Verde,2004,Winter,8,156,macro,historical,Sao Miguel,True,True,matched,Verde
Verde,2004,Spring,8,156,macro,historical,Sao Miguel,True,True,matched,Verde
Verde,2004,Summer,7,156,macro,historical,Sao Miguel,True,True,matched,Verde
Verde,2005,Winter,9,156,macro,historical,Sao Miguel,True,True,matched,Verde
Verde,2005,Spring,11,156,macro,historical,Sao Miguel,True,True,matched,Verde
Verde,2005,Summer,12,156,macro,historical,Sao Miguel,True,True,matched,Verde
Verde,2006,Winter,11,156,macro,historical,Sao Miguel,True,True,matched,Verde
Verde,2006,Spring,14,156,macro,historical,Sao Miguel,True,True,matched,Verde
Verde,2006,Summer,12,156,macro,historical,Sao Miguel,True,True,matched,Verde
Verde,2008,Winter,11,156,macro,historical,Sao Miguel,True,True,matched,Verde
Verde,2008,Spring,18,156,macro,historical,Sao Miguel,True,True,matched,Verde
Verde,2008,Summer,13,156,macro,historical,Sao Miguel,True,True,matched,Verde
Verde,2008,Autumn,15,156,macro,historical,Sao Miguel,True,True,matched,Verde
Verde,2009,Winter,13,156,macro,historical,Sao Miguel,True,True,matched,Verde
Verde,2009,Summer,11,156,macro,historical,Sao Miguel,True,True,matched,Verde
Verde,2010,Winter,16,156,macro,historical,Sao Miguel,True,True,matched,Verde
Verde,2010,Spring,15,156,macro,historical,Sao Miguel,True,True,matched,Verde
Verde,2010,Summer,7,156,macro,historical,Sao Miguel,True,True,matched,Verde
Verde,2010,Autumn,9,156,macro,historical,Sao Miguel,True,True,matched,Verde
Verde,2011,Winter,18,156,macro,historical,Sao Miguel,True,True,matched,Verde
Verde,2011,Spring,20,156,macro,historical,Sao Miguel,True,True,matched,Verde
Verde,2011,Summer,12,156,macro,historical,Sao Miguel,True,True,matched,Verde
Verde,2011,Autumn,13,156,macro,historical,Sao Miguel,True,True,matched,Verde
Verde,2012,Winter,17,156,macro,historical,Sao Miguel,True,True,matched,Verde
Verde,2012,Spring,16,156,macro,historical,Sao Miguel,True,True,matched,Verde
Verde,2012,Summer,20,156,macro,historical,Sao Miguel,True,True,matched,Verde
Verde,2012,Autumn,9,156,macro,historical,Sao Miguel,True,True,matched,Verde
Verde,2018,Spring,15,121.0,macro,2018,Sao Miguel,True,True,matched,Verde
Verde,2024,Winter,13,,macro,2024,Sao Miguel,True,True,matched,Verde
Verde,2024,Spring,7,,macro,2024,Sao Miguel,True,True,matched,Verde
Verde,2024,Summer,15,,macro,2024,Sao Miguel,True,True,matched,Verde
Verde,2024,Autumn,7,,macro,2024,Sao Miguel,True,True,matched,Verde
Verde,2025,Winter,7,,macro,2025,Sao Miguel,True,True,matched,Verde
Verde,2025,Spring,11,,macro,2025,Sao Miguel,True,True,matched,Verde
Verde,2025,Summer,8,,macro,2025,Sao Miguel,True,True,matched,Verde
Verde,2025,Autumn,13,,macro,2025,Sao Miguel,True,True,matched,Verde
Verde,2010,Spring,6,127,macrophyte,historical,Sao Miguel,True,True,matched,Verde
Verde,2011,Spring,2,127,macrophyte,historical,Sao Miguel,True,True,matched,Verde
Verde,2012,Summer,16,127,macrophyte,historical,Sao Miguel,True,True,matched,Verde
Verde,2003,Autumn,24,279,phyto,historical,Sao Miguel,True,True,matched,Verde
Verde,2004,Winter,27,279,phyto,historical,Sao Miguel,True,True,matched,Verde
Verde,2004,Spring,28,279,phyto,historical,Sao Miguel,True,True,matched,Verde
Verde,2004,Summer,24,279,phyto,historical,Sao Miguel,True,True,matched,Verde
Verde,2005,Winter,27,279,phyto,historical,Sao Miguel,True,True,matched,Verde
Verde,2005,Spring,27,279,phyto,historical,Sao Miguel,True,True,matched,Verde
Verde,2005,Summer,23,279,phyto,historical,Sao Miguel,True,True,matched,Verde
Verde,2006,Winter,24,279,phyto,historical,Sao Miguel,True,True,matched,Verde
Verde,2006,Spring,20,279,phyto,historical,Sao Miguel,True,True,matched,Verde
Verde,2006,Summer,21,279,phyto,historical,Sao Miguel,True,True,matched,Verde
Verde,2007,Winter,16,279,phyto,historical,Sao Miguel,True,True,matched,Verde
Verde,2008,Winter,11,279,phyto,historical,Sao Miguel,True,True,matched,Verde
Verde,2008,Spring,17,279,phyto,historical,Sao Miguel,True,True,matched,Verde
Verde,2008,Summer,18,279,phyto,historical,Sao Miguel,True,True,matched,Verde
Verde,2008,Autumn,19,279,phyto,historical,Sao Miguel,True,True,matched,Verde
Verde,2009,Winter,12,279,phyto,historical,Sao Miguel,True,True,matched,Verde
Verde,2009,Summer,19,279,phyto,historical,Sao Miguel,True,True,matched,Verde
Verde,2010,Winter,36,279,phyto,historical,Sao Miguel,True,True,matched,Verde
Verde,2010,Spring,19,279,phyto,historical,Sao Miguel,True,True,matched,Verde
Verde,2010,Summer,18,279,phyto,historical,Sao Miguel,True,True,matched,Verde
Verde,2010,Autumn,21,279,phyto,historical,Sao Miguel,True,True,matched,Verde
Verde,2011,Winter,19,279,phyto,historical,Sao Miguel,True,True,matched,Verde
Verde,2011,Spring,34,279,phyto,historical,Sao Miguel,True,True,matched,Verde
Verde,2011,Summer,21,279,phyto,historical,Sao Miguel,True,True,matched,Verde
Verde,2011,Autumn,24,279,phyto,historical,Sao Miguel,True,True,matched,Verde
Verde,2012,Winter,23,279,phyto,historical,Sao Miguel,True,True,matched,Verde
Verde,2012,Spring,27,279,phyto,historical,Sao Miguel,True,True,matched,Verde
Verde,2012,Summer,23,279,phyto,historical,Sao Miguel,True,True,matched,Verde
Verde,2012,Autumn,18,279,phyto,historical,Sao Miguel,True,True,matched,Verde
Verde,2018,Winter,25,,phyto,2018,Sao Miguel,True,True,matched,Verde
Verde,2018,Spring,30,,phyto,2018,Sao Miguel,True,True,matched,Verde
Verde,2018,Summer,19,,phyto,2018,Sao Miguel,True,True,matched,Verde
Verde,2018,Autumn,20,,phyto,2018,Sao Miguel,True,True,matched,Verde
Verde,2024,Winter,14,,phyto,2024,Sao Miguel,True,True,matched,Verde
Verde,2024,Spring,12,,phyto,2024,Sao Miguel,True,True,matched,Verde
Verde,2024,Summer,10,,phyto,2024,Sao Miguel,True,True,matched,Verde
Verde,2024,Autumn,6,,phyto,2024,Sao Miguel,True,True,matched,Verde
Verde,2025,Winter,7,,phyto,2025,Sao Miguel,True,True,matched,Verde
Verde,2025,Spring,8,,phyto,2025,Sao Miguel,True,True,matched,Verde
Verde,2025,Summer,11,,phyto,2025,Sao Miguel,True,True,matched,Verde
Verde,2025,Autumn,8,,phyto,2025,Sao Miguel,True,True,matched,Verde
Verde,2024,Winter,20,,phyto_incl_bacillariophyta,2024,Sao Miguel,True,True,matched,Verde
Verde,2024,Spring,18,,phyto_incl_bacillariophyta,2024,Sao Miguel,True,True,matched,Verde
Verde,2024,Summer,13,,phyto_incl_bacillariophyta,2024,Sao Miguel,True,True,matched,Verde
Verde,2024,Autumn,9,,phyto_incl_bacillariophyta,2024,Sao Miguel,True,True,matched,Verde
Verde,2025,Winter,10,,phyto_incl_bacillariophyta,2025,Sao Miguel,True,True,matched,Verde
Verde,2025,Spring,11,,phyto_incl_bacillariophyta,2025,Sao Miguel,True,True,matched,Verde
Verde,2025,Summer,13,,phyto_incl_bacillariophyta,2025,Sao Miguel,True,True,matched,Verde
Verde,2025,Autumn,9,,phyto_incl_bacillariophyta,2025,Sao Miguel,True,True,matched,Verde
Verde,2011,Summer,6,110,zoo,historical,Sao Miguel,True,True,matched,Verde
Verde,2011,Autumn,5,110,zoo,historical,Sao Miguel,True,True,matched,Verde
Verde,2012,Winter,17,110,zoo,historical,Sao Miguel,True,True,matched,Verde
Verde,2012,Spring,14,110,zoo,historical,Sao Miguel,True,True,matched,Verde
Verde,2025,Spring,5,,zoo,2025,Sao Miguel,True,True,matched,Verde
Cubres Este,2024,Spring,3,,macro,2024,Sao Jorge,False,False,recent_only,Cubres Este
Cubres Este,2024,Autumn,3,,macro,2024,Sao Jorge,False,False,recent_only,Cubres Este
Cubres Este,2025,Spring,2,,macro,2025,Sao Jorge,False,False,recent_only,Cubres Este
Cubres Este,2018,Spring,6,,phyto,2018,Sao Jorge,False,False,recent_only,Cubres Este
Cubres Este,2018,Autumn,6,,phyto,2018,Sao Jorge,False,False,recent_only,Cubres Este
Cubres Este,2024,Spring,4,,phyto,2024,Sao Jorge,False,False,recent_only,Cubres Este
Cubres Este,2024,Autumn,3,,phyto,2024,Sao Jorge,False,False,recent_only,Cubres Este
Cubres Este,2025,Spring,3,,phyto,2025,Sao Jorge,False,False,recent_only,Cubres Este
Cubres Este,2024,Spring,8,,phyto_incl_bacillariophyta,2024,Sao Jorge,False,False,recent_only,Cubres Este
Cubres Este,2024,Autumn,5,,phyto_incl_bacillariophyta,2024,Sao Jorge,False,False,recent_only,Cubres Este
Cubres Este,2025,Spring,5,,phyto_incl_bacillariophyta,2025,Sao Jorge,False,False,recent_only,Cubres Este
Cubres Este,2025,Spring,1,,zoo,2025,Sao Jorge,False,False,recent_only,Cubres Este
Cubres Oeste,2024,Spring,3,,macro,2024,Sao Jorge,False,False,recent_only,Cubres Oeste
Cubres Oeste,2024,Autumn,3,,macro,2024,Sao Jorge,False,False,recent_only,Cubres Oeste
Cubres Oeste,2025,Spring,2,,macro,2025,Sao Jorge,False,False,recent_only,Cubres Oeste
Cubres Oeste,2018,Spring,7,,phyto,2018,Sao Jorge,False,False,recent_only,Cubres Oeste
Cubres Oeste,2018,Autumn,8,,phyto,2018,Sao Jorge,False,False,recent_only,Cubres Oeste
Cubres Oeste,2024,Spring,2,,phyto,2024,Sao Jorge,False,False,recent_only,Cubres Oeste
Cubres Oeste,2024,Autumn,5,,phyto,2024,Sao Jorge,False,False,recent_only,Cubres Oeste
Cubres Oeste,2025,Spring,2,,phyto,2025,Sao Jorge,False,False,recent_only,Cubres Oeste
Cubres Oeste,2024,Spring,6,,phyto_incl_bacillariophyta,2024,Sao Jorge,False,False,recent_only,Cubres Oeste
Cubres Oeste,2024,Autumn,5,,phyto_incl_bacillariophyta,2024,Sao Jorge,False,False,recent_only,Cubres Oeste
Cubres Oeste,2025,Spring,6,,phyto_incl_bacillariophyta,2025,Sao Jorge,False,False,recent_only,Cubres Oeste
Cubres Oeste,2025,Spring,1,,zoo,2025,Sao Jorge,False,False,recent_only,Cubres Oeste
Santo Cristo,2024,Spring,5,,macro,2024,Sao Jorge,False,False,recent_only,Santo Cristo
Santo Cristo,2024,Autumn,3,,macro,2024,Sao Jorge,False,False,recent_only,Santo Cristo
Santo Cristo,2025,Spring,5,,macro,2025,Sao Jorge,False,False,recent_only,Santo Cristo
Santo Cristo,2024,Spring,2,,phyto,2024,Sao Jorge,False,False,recent_only,Santo Cristo
Santo Cristo,2024,Autumn,2,,phyto,2024,Sao Jorge,False,False,recent_only,Santo Cristo
Santo Cristo,2025,Spring,1,,phyto,2025,Sao Jorge,False,False,recent_only,Santo Cristo
Santo Cristo,2024,Spring,3,,phyto_incl_bacillariophyta,2024,Sao Jorge,False,False,recent_only,Santo Cristo
Santo Cristo,2024,Autumn,5,,phyto_incl_bacillariophyta,2024,Sao Jorge,False,False,recent_only,Santo Cristo
Santo Cristo,2025,Spring,3,,phyto_incl_bacillariophyta,2025,Sao Jorge,False,False,recent_only,Santo Cristo
Santo Cristo,2025,Spring,2,,zoo,2025,Sao Jorge,False,False,recent_only,Santo Cristo
Caveiro,2018,Spring,0,121.0,macro,2018,,False,False,unmatched,Caveiro
